626331 319
704623 316
837799 329
939497 318
1003263 307
1056935 315
1117065 331
1126015 331
1252662 320
1252663 320
1256699 328
1302127 309
1345383 317
1409246 317
1409247 317
1413787 325
1501353 333
1504895 306
1564063 333
1585403 314
1590511 322
1670217 322
1675598 330
1675599 330
1676703 311
1689023 330
1723519 349
1736169 311
1783579 311
1812391 300
1820214 300
1820215 300
1847455 300
1854006 300
1854007 300
1878994 319
1878995 319
1885049 327
1953191 308
1979515 327
1993215 335
2006526 308
2006527 308
2018075 316
2085417 335
2113870 316
2113871 316
2120681 324
2157291 305
2226955 324
2234130 332
2234131 332
2252030 332
2252031 332
2257343 305
2268955 308
2270335 313
2298025 351
2346091 332
2346095 332
2378105 313
2385767 321
2416521 302
2426953 302
2452159 321
2463273 302
2472009 302
2505324 321
2505325 321
2505326 321
2513398 329
2513399 329
2515055 310
2533535 329
2548479 329
2552575 305
2585279 348
2604254 310
2604255 310
2639353 329
2639355 329
2675369 310
2689131 313
2690766 318
2690767 318
2725659 345
2818492 318
2818493 318
2818494 318
2827574 326
2827575 326
2890351 326
2929311 345
2929787 307
2969273 326
2969275 326
2978841 334
2989823 334
3002706 334
3002707 334
3009790 307
3009791 307
3025273 310
3027113 315
3030267 315
3064033 353
3066367 342
3086523 315
3128121 334
3128126 334
3128127 334
3170806 315
3170807 315
3181022 323
3181023 323
3216799 304
3235937 304
3269545 323
3296011 304
3298795 304
3340433 323
3340434 323
3340435 323
3351196 331
3351197 331
3351198 331
3353406 312
3353407 312
3378046 331
3378047 331
3386015 304
3403433 307
3405503 312
3409051 312
3428767 350
3447038 350
3447039 350
3472338 312
3472339 312
3519137 331
3519143 331
3542887 366
3558763 339
3567158 312
3567159 312
3578651 320
3587689 320
3605743 301
3624735 301
3624782 301
3624783 301
3636639 301
3640428 301
3640429 301
3640430 301
3640431 301
3678239 320
3694527 301
3694910 301
3694911 301
3702063 301
3708012 301
3708013 301
3708014 301
3711145 301
3732423 374
3757988 320
3757989 320
3757990 320
3770098 328
3770099 328
3772583 309
3774081 301
3774207 301
3800303 328
3822719 328
3828863 304
3835183 309
3846265 301
3853801 328
3877919 347
3906382 309
3906383 309
3939327 309
3959030 328
3959031 328
3959033 328
3971787 336
3974407 317
3986430 336
3986431 336
4003609 336
4013052 309
4013053 309
4013054 309
4025983 317
4033697 312
4036150 317
4036151 317
4053039 336
4063723 355
4064103 355
4085377 355
4088489 344
4115367 317
4170834 336
4170835 336
4227740 317
4227741 317
4227742 317
4241362 325
4241363 325
4252075 325
4256703 325
4289065 306
4314582 306
4314583 306
4333503 306
4335527 325
4359393 325
4393967 344
4394681 306
4394683 306
4398393 306
4453910 325
4453911 325
4453913 325
4468260 333
4468261 333
4468262 333
4471209 314
4484223 333
4484735 333
4504060 333
4504061 333
4504062 333
4514686 306
4514687 306
4537910 309
4537911 309
4540670 314
4540671 314
4545401 314
4545403 314
4567467 333
4571689 352
4596050 352
4596051 352
4599551 341
4629785 314
4633959 303
4637979 360
4692182 333
4692183 333
4692187 333
4692190 333
4692191 333
4707303 341
4723849 368
4745017 341
4756210 314
4756211 314
4771534 322
4771535 322
4783585 322
4807657 303
4809759 322
4825199 303
4833042 303
4833043 303
4853905 303
4853906 303
4853907 303
4888735 341
4904318 322
4904319 322
4926546 303
4926547 303
4943211 341
4944017 303
4944018 303
4944019 303
4948193 303
5010648 322
5010650 322
5010652 322
5010653 322
5026796 330
5026797 330
5026798 330
5030110 311
5030111 311
5032107 303
5032383 303
5067070 330
5067071 330
5079023 303
5086207 303
5096958 330
5096959 330
5098431 303
5105150 306
5105151 306
5106855 311
5108255 311
5113577 311
5113579 311
5128353 303
5138401 330
5143151 349
5162751 311
5170558 349
5170559 349
5199615 311
5208508 311
5208509 311
5208510 311
5217727 357
5254921 300
5278706 330
5278707 330
5278710 330
5278711 330
5278715 330
5278719 330
5299209 319
5314331 365
5315241 338
5338145 338
5350737 311
5350738 311
5350739 311
5364891 319
5367977 319
5378262 314
5378263 314
5381532 319
5381533 319
5381534 319
5408615 300
5418297 357
5437103 300
5437174 300
5437175 300
5447169 357
5451318 346
5451319 346
5454959 300
5460642 300
5460643 300
5460644 300
5460645 300
5460646 300
5460647 300
5517359 319
5537791 319
5541791 300
5542366 300
5542367 300
5553095 300
5561113 338
5561115 338
5561119 338
5562020 300
5562021 300
5562022 300
5566718 300
5566719 300
5573991 346
5598635 373
5611627 300
5623723 346
5636984 319
5636986 319
5636988 319
5636989 319
5649499 384
5652223 300
5655148 327
5655149 327
5655150 327
5655151 327
5658875 308
5661121 300
5661122 300
5661123 300
5661183 300
5661311 300
5669433 327
5697963 308
5699743 319
5700455 327
5713755 300
5718753 308
5734079 327
5743295 303
5752775 308
5752777 308
5755039 308
5769398 300
5769399 300
5769727 327
5771431 327
5780702 327
5780703 327
5816879 346
5845663 327
5858622 346
5858623 346
5859574 308
5859575 308
5859577 308
5883903 327
5884071 327
5908991 308
5938546 327
5938547 327
5938550 327
5938551 327
5938555 327
5957681 335
5957682 335
5957683 335
5961611 316
5978623 362
5979646 335
5979647 335
5990511 343
6005412 335
6005413 335
6005414 335
6019580 308
6019581 308
6019582 308
6035503 316
6038975 316
6040839 335
6050546 311
6050547 311
6054226 316
6054227 316
6060534 316
6060535 316
6060537 316
6060543 316
6079559 335
6089151 316
6095585 354
6096155 354
6128066 354
6128067 354
6132734 343
6132735 343
6173046 316
6173047 316
6173051 316
6204543 335
6206655 305
6228975 305
6242415 316
6255855 324
6256242 335
6256243 335
6256249 335
6256252 335
6256253 335
6256254 335
6256255 335
6298465 370
6326689 343
6341612 316
6341613 316
6341614 316
6355687 381
6362044 324
6362045 324
6362046 324
6366235 305
6378113 324
6385055 324
6410209 305
6416623 305
6433598 305
6433599 305
6444057 305
6444063 305
6449823 305
6466287 305
6471873 305
6471874 305
6471875 305
6492187 324
6500255 305
6503291 324
6518313 343
6539090 324
6539091 324
6563307 324
6568729 305
6582175 305
6590951 343
6590955 343
6592022 305
6592023 305
6592025 305
6597590 305
6597591 305
6631675 362
6635419 378
6649279 416
6674175 389
6680866 324
6680867 324
6680868 324
6680869 324
6680870 324
6680875 324
6686847 362
6702392 332
6702394 332
6702396 332
6702397 332
6706812 313
6706813 313
6706814 313
6709479 305
6721383 332
6726335 332
6727103 332
6756092 332
6756093 332
6756094 332
6772030 305
6772031 305
6781609 305
6795945 332
6806866 308
6806867 308
6811006 313
6811007 313
6818102 313
6818103 313
6818105 313
6818119 313
6851201 332
6857534 351
6857535 351
6858175 351
6894076 351
6894077 351
6894078 351
6899327 340
6933535 313
6944676 313
6944677 313
6944678 313
6944683 313
6950939 302
6956969 359
6991599 359
7004923 302
7006561 302
7006663 302
7038274 332
7038275 332
7038281 332
7038286 332
7038287 332
7060955 340
7085774 367
7085775 367
7086987 340
7088871 302
7106587 302
7117526 340
7117527 340
7134316 313
7134317 313
7134318 313
7150831 321
7157302 321
7157303 321
7162015 302
7171017 316
7175377 321
7175378 321
7175379 321
7182855 321
7205403 340
7211486 302
7211487 302
7214639 321
7237799 302
7249470 302
7249471 302
7249564 302
7249565 302
7249566 302
7262895 359
7268425 348
7273278 302
7273279 302
7280856 302
7280857 302
7280858 302
7280859 302
7280860 302
7280861 302
7280862 302
7280863 302
7280871 302
7303711 321
7316203 321
7322799 310
7332399 386
7333103 340
7356478 321
7356479 321
7383721 321
7389054 302
7389055 302
7389820 302
7389821 302
7389822 302
7404126 302
7404127 302
7414815 340
7414817 340
7414825 340
7416024 302
7416026 302
7416028 302
7416029 302
7422290 302
7422291 302
7455591 348
7456539 302
7460635 359
7462431 321
7464846 375
7464847 375
7478299 302
7482169 302
7498297 348
7499935 348
7515976 321
7515978 321
7515980 321
7515981 321
7515985 321
7532665 386
7536043 302
7536297 302
7540196 329
7540197 329
7540198 329
7540201 329
7545166 310
7545167 310
7548161 302
7548162 302
7548163 302
7548414 302
7548415 302
7548575 302
7553535 302
7554651 324
7599657 321
7600606 329
7600607 329
7618535 302
7629311 302
7645438 329
7645439 329
7647647 302
7657726 305
7657727 305
7660283 310
7660287 310
7662383 310
7670366 310
7670367 310
7670369 310
7670719 310
7672935 310
7673385 310
7692530 302
7692531 302
7692969 329
7694443 329
7695241 329
7707602 329
7707603 329
7714727 348
7744127 310
7755838 348
7755839 348
7785159 310
7794217 329
7799423 310
7800231 310
7811487 348
7811497 348
7812764 310
7812765 310
7812766 310
7812769 310
7826591 356
7878654 310
7878655 310
7918060 329
7918061 329
7918062 329
7918066 329
7918067 329
7918073 329
7918079 329
7943574 337
7943575 337
7943577 337
7948814 318
7948815 318
7951975 310
7952239 310
7971497 364
7972860 337
7972861 337
7972862 337
8007217 337
8007218 337
8007219 337
8007679 337
8026104 310
8026106 310
8026108 310
8026109 310
8047335 318
8047337 318
8051966 318
8051967 318
8067394 313
8067395 313
8072300 318
8072301 318
8072302 318
8080713 318
8088063 356
8106078 337
8106079 337
8127446 356
8127447 356
8128206 356
8128207 356
8142879 329
8170754 356
8170755 356
8170759 356
8176978 345
8176979 345
8230729 318
8230734 318
8230735 318
8276039 318
8306687 318
8314875 318
8341657 337
8341665 337
8341668 337
8341669 337
8341670 337
8341673 337
8341679 337
8360987 345
8365183 364
8368539 345
8393215 356
8397953 372
8400511 429
8435585 345
8438815 345
8455480 318
8455482 318
8455484 318
8455485 318
8474249 383
8481727 326
8482724 326
8482725 326
8482726 326
8482727 326
8488313 307
8498983 321
8504150 326
8504151 326
8513406 326
8513407 326
8546945 307
8549615 318
8550683 326
8555497 307
8562247 364
8578130 307
8578131 307
8592075 307
8601119 326
8614431 353
8614943 302
8617819 307
8629163 307
8629164 307
8629165 307
8629166 307
8629167 307
8629183 307
8632559 307
8654591 326
8656249 326
8657147 326
8667006 307
8667007 307
8667375 307
8671054 326
8671055 326
8718786 326
8718787 326
8725319 345
8751195 307
8758305 307
8768495 326
8775259 307
8776233 307
8787931 345
8787934 345
8787935 345
8789362 307
8789363 307
8789366 307
8789367 307
8789371 307
8796786 307
8796787 307
8825855 326
8826107 326
8834203 326
8839807 307
8842233 364
8847225 380
8848743 353
8863487 307
8865705 418
8867755 307
8888811 353
8901447 353
8907820 326
8907821 326
8907822 326
8907825 326
8907826 326
8907827 326
8907833 326
8931399 334
8936520 334
8936522 334
8936524 334
8936525 334
8936529 334
8942417 315
8942418 315
8942419 315
8946459 307
8967935 361
8968446 334
8968447 334
8969470 334
8969471 334
8985767 342
9004191 315
9008120 334
9008122 334
9008124 334
9008125 334
9029372 307
9029373 307
9029374 307
9042145 307
9050271 315
9053255 315
9055999 310
9058463 315
9061259 334
9075820 310
9075821 310
9075822 310
9081340 315
9081341 315
9081342 315
9090802 315
9090803 315
9090806 315
9090807 315
9090815 315
9090825 315
9102663 334
9119339 334
9133727 315
9134934 334
9134935 334
9143378 353
9143379 353
9144233 353
9185223 334
9192100 353
9192101 353
9192102 353
9199102 342
9199103 342
9226855 315
9244713 315
9244719 315
9245743 315
9259569 315
9259570 315
9259571 315
9259577 315
9267918 304
9267919 304
9275958 361
9275959 361
9280639 342
9280959 334
9306815 334
9309983 304
9339897 304
9342081 304
9342217 304
9343463 304
9354235 315
9363623 315
9383783 323
9384364 334
9384365 334
9384366 334
9384374 334
9384375 334
9384380 334
9384381 334
9384382 334
9384383 334
9401583 342
9406111 342
9414606 342
9414607 342
9424875 315
9433791 315
9447698 369
9447699 369
9448239 342
9451879 304
9475449 304
9490034 342
9490035 342
9512420 315
9512421 315
9512422 315
9533531 380
9534441 323
9535231 323
9535983 323
9539227 342
9540475 318
9543068 323
9543069 323
9543070 323
9549353 304
9555099 304
9561355 318
9567169 323
9567170 323
9567171 323
9577583 323
9615314 304
9615315 304
9619518 323
9619519 323
9624935 304
9650398 304
9650399 304
9665961 304
9666084 304
9666085 304
9666086 304
9666095 304
9667707 304
9667711 304
9674735 304
9691233 350
9695047 304
9697705 304
9699431 304
9700635 304
9707809 304
9707810 304
9707811 304
9707812 304
9707813 304
9707814 304
9707817 304
9708795 304
9711259 304
9715455 350
9738281 323
9739291 323
9750383 304
9754937 323
9777470 342
9777471 342
9808047 312
9808636 323
9808637 323
9808638 323
9844961 323
9845095 304
9848175 304
9852073 304
9853092 304
9853093 304
9853094 304
9859183 304
9872167 304
9872169 304
9873263 304
9886407 342
9886422 342
9886423 342
9886427 342
9886433 342
9888034 304
9888035 304
9888036 304
9888037 304
9888038 304
9888043 304
9896386 304
9896387 304
9928863 323
9929371 323
9938479 323
9942463 304
9947513 361
9953129 377
9971047 304
9971065 304
9973919 415
9976225 304
9989119 304
9997729 350
9999913 350
10011263 388
10021296 323
10021300 323
10021301 323
10021304 323
10021306 323
10021313 323
10030271 361
10043553 388
10048057 304
10053592 331
10053594 331
10053596 331
10053597 331
10053601 331
10060220 312
10060221 312
10060222 312
10064214 304
10064215 304
10064217 304
10064219 304
10064553 304
10064766 304
10064767 304
10073583 304
10082075 331
10085659 304
10089503 331
10089963 331
10090655 331
10093471 331
10093599 331
10134140 331
10134141 331
10134142 331
10147375 350
10157787 304
10158046 304
10158047 304
10172414 304
10172415 304
10183071 312
10193916 331
10193917 331
10193918 331
10196862 304
10196863 304
10210300 307
10210301 307
10210302 307
10213710 312
10213711 312
10216510 312
10216511 312
10227154 312
10227155 312
10227158 312
10227159 312
10227179 312
10227183 312
10227625 312
10256706 304
10256707 304
10259257 331
10260321 331
10272007 312
10276802 331
10276803 331
10284775 312
10286302 350
10286303 350
10287263 350
10325502 312
10325503 312
10341116 350
10341117 350
10341118 350
10345471 304
10348991 339
10384687 304
10386151 377
10392289 331
10399230 312
10399231 312
10400303 312
10415329 350
10417016 312
10417018 312
10417020 312
10417021 312
10417025 312
10426407 301
10426409 301
10435454 358
10435455 358
10459887 331
10460271 331
10460571 331
10474363 312
10482207 331
10487399 358
10504873 312
10507385 301
10507503 423
10509842 301
10509843 301
10509931 312
10509995 301
10523515 312
10527771 320
10534887 358
10537119 377
10549863 358
10557412 331
10557413 331
10557414 331
10557420 331
10557421 331
10557422 331
10557423 331
10557430 331
10557431 331
10557435 331
10557438 331
10557439 331
10591433 339
10591435 339
10598418 320
10598419 320
10602633 312
10602985 312
10628662 366
10628663 366
10630481 339
10630482 339
10630483 339
10633307 301
10647295 339
10659881 301
10659913 301
10676289 339
10676290 339
10676291 339
10676905 339
10701474 312
10701475 312
10701476 312
10701477 312
10701478 312
10725223 377
10726247 320
10729782 320
10729783 320
10731631 339
10733035 315
10735954 320
10735955 320
10739271 339
10743023 301
10749487 301
10756524 315
10756525 315
10756526 315
10760127 320
10760479 301
10763064 320
10763066 320
10763068 320
10763069 320
10774283 320
10774299 320
10774311 320
10778527 320
10808105 339
10813375 320
10817230 301
10817231 301
10820607 312
10821959 320
10836594 358
10836595 358
10837609 358
10856699 301
10871551 358
10874206 301
10874207 301
10874348 301
10874349 301
10874350 301
10875175 301
10876171 301
10877895 320
10894338 358
10894339 358
10894343 358
10894345 358
10902636 347
10902637 347
10902638 347
10906923 301
10906927 301
10909918 301
10909919 301
10910895 301
10913215 301
10913787 301
10915311 301
10921284 301
10921285 301
10921286 301
10921288 301
10921289 301
10921290 301
10921291 301
10921292 301
10921293 301
10921294 301
10921295 301
10921307 301
10922395 301
10924783 301
10925167 301
10935531 320
10955567 320
10956703 320
10969647 301
10971295 301
10972527 358
10974305 320
10974313 320
10982815 301
10984199 309
10984447 339
10998599 385
10999275 347
10999655 339
11015433 301
11030299 339
11034718 320
11034719 320
11037295 320
11042983 339
11061915 309
11075582 320
11075583 320
11083582 301
11083583 301
11084732 301
11084733 301
11084734 301
11097627 320
11106187 301
11106190 301
11106191 301
11122209 339
11122223 339
11122225 339
11122226 339
11122227 339
11122230 339
11122231 339
11122238 339
11122239 339
11124040 301
11124042 301
11124044 301
11124045 301
11124049 301
11125743 301
11133436 301
11133437 301
11133438 301
11147982 347
11147983 347
11153577 366
11158063 347
11165415 328
11170543 320
11183387 347
11184809 301
11185279 366
11190953 358
11193647 320
11197270 374
11197271 374
11200681 431
11202463 347
11205663 312
11217449 301
11223254 301
11223255 301
11238399 347
11247446 347
11247447 347
11249903 347
11251753 347
11265895 347
11273968 320
11273972 320
11273973 320
11273976 320
11273978 320
11298998 385
11298999 385
11300079 328
11303803 328
11304065 301
11304446 301
11304447 301
11308969 328
11310296 328
11310298 328
11310300 328
11310301 328
11310302 328
11310303 328
11317750 309
11317751 309
11322242 301
11322243 301
11322244 301
11322245 301
11322246 301
11322247 301
11322366 301
11322367 301
11322622 301
11322623 301
11322863 301
11330303 301
11331977 323
11335771 328
11338866 328
11338867 328
11341671 328
11342335 328
11346367 301
11351209 328
11354751 328
11391867 328
11395926 309
11395927 309
11399486 320
11399487 320
11400910 328
11400911 328
11407329 309
11416329 366
11427510 301
11427511 301
11427803 301
11437506 309
11437507 309
11443967 301
11458023 309
11458027 309
11464615 309
11468158 328
11468159 328
11471471 301
11477167 366
11486590 304
11486591 304
11490425 309
11490431 309
11493575 309
11505550 309
11505551 309
11505553 309
11505554 309
11505555 309
11505577 309
11506079 309
11508735 309
11509403 309
11510078 309
11510079 309
11520559 328
11538796 301
11538797 301
11538798 301
11539454 328
11539455 328
11541665 328
11542862 328
11542863 328
11547291 309
11556009 309
11561404 328
11561405 328
11561406 328
11561415 328
11568411 347
11572091 347
11589375 309
11616191 309
11625049 328
11633758 347
11633759 347
11671711 336
11671911 309
11677739 309
11691326 328
11691327 328
11696745 301
11696871 309
11699135 309
11700345 309
11700347 309
11717223 347
11717231 347
11717241 347
11717244 347
11717245 347
11717246 347
11719148 309
11719149 309
11719150 309
11719154 309
11719155 309
11719161 309
11719323 309
11729049 309
11739887 355
11746299 355
11767806 328
11767807 328
11768142 328
11768143 328
11778937 328
11783659 309
11786409 309
11817982 309
11817983 309
11823673 309
11838955 309
11843743 317
11877092 328
11877093 328
11877094 328
11877100 328
11877101 328
11877102 328
11877110 328
11877111 328
11877115 328
11877119 328
11906287 309
11915362 336
11915363 336
11915364 336
11915365 336
11915366 336
11923222 317
11923223 317
11923225 317
11927963 309
11927967 309
11928359 309
11957246 363
11957247 363
11957929 336
11959292 336
11959293 336
11959294 336
11981022 344
11981023 344
12005223 328
12010824 336
12010826 336
12010828 336
12010829 336
12010833 336
12011519 336
12026815 344
12039160 309
12039162 309
12039164 309
12039165 309
12056193 309
12068991 317
12071003 317
12071006 317
12071007 317
12074665 312
12077947 317
12077950 317
12077951 317
12081678 336
12081679 336
12101092 312
12101093 312
12101094 312
12108452 317
12108453 317
12108454 317
12121068 317
12121069 317
12121070 317
12121074 317
12121075 317
12121086 317
12121087 317
12132095 355
12159118 336
12159119 336
12174751 317
12178302 317
12178303 317
12179913 336
12191170 355
12191171 355
12192310 355
12192311 355
12214319 328
12256132 355
12256133 355
12256134 355
12256139 355
12265468 344
12265469 344
12265470 344
12265471 344
12272487 317
12302473 317
12320767 317
12327657 317
12346092 317
12346093 317
12346094 317
12346102 317
12346103 317
12357223 306
12357225 306
12359707 317
12367945 363
12374185 344
12396903 336
12397359 336
12409086 336
12409087 336
12413310 306
12413311 306
12414059 317
12418495 344
12427263 306
12444655 306
12450219 317
12456111 306
12456289 306
12457950 306
12457951 306
12460031 317
12463975 325
12472313 317
12484830 317
12484831 317
12499963 401
12511710 325
12511711 325
12512484 336
12512485 336
12512486 336
12512498 336
12512499 336
12512504 336
12512506 336
12512508 336
12512509 336
12512510 336
12512511 336
12512519 336
12541481 344
12543535 344
12547775 363
12552809 344
12552811 344
12581311 344
12589823 355
12596930 371
12596931 371
12600767 428
12602505 306
12653378 344
12653379 344
12658223 344
12681375 306
12683224 317
12683226 317
12683228 317
12683229 317
12711374 382
12711375 382
12713641 325
12714139 306
12716779 325
12718969 344
12720633 320
12722591 325
12724088 325
12724090 325
12724091 325
12724092 325
12724093 325
12732470 306
12732471 306
12748473 320
12748475 320
12748479 320
12752743 325
12756225 325
12756226 325
12756227 325
12757695 325
12769531 325
12770110 325
12770111 325
12794607 306
12815851 325
12820418 306
12820419 306
12824423 317
12826025 325
12833246 306
12833247 306
12843371 363
12867196 306
12867197 306
12867198 306
12867759 336
12887947 306
12888113 306
12888114 306
12888115 306
12888126 306
12888127 306
12890281 306
12899646 306
12899647 306
12901679 325
12921643 352
12921647 352
12922415 301
12926729 306
12930273 306
12931431 306
12932574 306
12932575 306
12943745 306
12943746 306
12943747 306
12943748 306
12943749 306
12943750 306
12943751 306
12943755 306
12943771 306
12943775 306
12948079 306
12948345 306
12948839 306
12950683 306
12961563 325
12981887 325
12984374 325
12984375 325
12985721 325
12990703 306
13000510 306
13000511 306
13001063 306
13002751 390
13006582 325
13006583 325
13014463 344
13018603 344
13036626 344
13036627 344
13060591 344
13078180 325
13078181 325
13078182 325
13087979 344
13126614 325
13126615 325
13126793 306
13136097 306
13137457 306
13137458 306
13137459 306
13145577 306
13152743 325
13158567 306
13162889 306
13162891 306
13164350 306
13164351 306
13181897 344
13181902 344
13181903 344
13181910 344
13181911 344
13184044 306
13184045 306
13184046 306
13184049 306
13184050 306
13184051 306
13184057 306
13184239 306
13195180 306
13195181 306
13195182 306
13198575 306
13212423 352
13214587 352
13238271 325
13238343 325
13238783 325
13239161 325
13251305 325
13256617 306
13259711 306
13263350 363
13263351 363
13270838 379
13270839 379
13273115 352
13276519 314
13294729 306
13294753 306
13295231 306
13298558 417
13298559 417
13301633 306
13309863 314
13318825 306
13330305 352
13333217 352
13348350 390
13348351 390
13352171 352
13361732 325
13361733 325
13361734 325
13361736 325
13361738 325
13361739 325
13361740 325
13361741 325
13361750 325
13361751 325
13361755 325
13373694 363
13373695 363
13397099 333
13397409 306
13399407 352
13404784 333
13404788 333
13404789 333
13404792 333
13404794 333
13404801 333
13413624 314
13413626 314
13413628 314
13413629 314
13418953 306
13418955 306
13418958 306
13418959 306
13419403 306
13419687 306
13419689 306
13421671 382
13428507 306
13430491 328
13434987 333
13442766 333
13442767 333
13447545 306
13451903 360
13452670 333
13452671 333
13454206 333
13454207 333
13457961 333
13478651 341
13506283 314
13506287 314
13512184 333
13512186 333
13512188 333
13512189 333
13513759 333
13529833 352
13544060 306
13544061 306
13544062 306
13551855 379
13555563 314
13563218 306
13563219 306
13575407 314
13579879 314
13579883 314
13583999 309
13587691 314
13587695 314
13591889 333
13591890 333
13591891 333
13595817 306
13612923 360
13613732 309
13613733 309
13613734 309
13618279 314
13618281 314
13618287 314
13622012 314
13622013 314
13622014 314
13636204 314
13636205 314
13636206 314
13636210 314
13636211 314
13636223 314
13636238 314
13636239 314
13636833 314
13653995 333
13670559 322
13675609 306
13679009 333
13696009 314
13696543 314
13700591 314
13702402 333
13702403 333
13702407 333
13713033 314
13715068 352
13715069 352
13715070 352
13716350 352
13716351 352
13725439 314
13736959 352
13757055 314
13767337 314
13774695 352
13777835 333
13788152 352
13788154 352
13788156 352
13788157 352
13793961 306
13798654 341
13798655 341
13828863 333
13840283 314
13846249 306
13848201 379
13856385 333
13865641 314
13867070 314
13867071 314
13867079 314
13868615 314
13887079 352
13887105 352
13889352 314
13889354 314
13889356 314
13889357 314
13889361 314
13889366 314
13889367 314
13901095 314
13901878 303
13901879 303
13904671 314
13913938 360
13913939 360
13920103 379
13920959 341
13921439 333
13946715 333
13960223 333
13964975 303
13965817 314
13972911 371
13983198 360
13983199 360
14006497 314
14009846 303
14009847 303
14013122 303
14013123 303
14013241 314
14013326 303
14013327 303
14015195 303
14031353 314
14045435 314
14062459 398
14075675 322
14076548 333
14076549 333
14076550 333
14076555 333
14076561 333
14076562 333
14076563 333
14076572 333
14076573 333
14076574 333
14076575 333
14076585 333
14089159 371
14102375 341
14109167 341
14110887 322
14111679 314
14121910 341
14121911 341
14121913 341
14121915 341
14131225 322
14137313 314
14137855 314
14150687 314
14171548 368
14171549 368
14171550 368
14172359 341
14173974 341
14173975 341
14173977 341
14177742 303
14177743 303
14177819 303
14196393 341
14213174 303
14213175 303
14213217 303
14225023 341
14235052 341
14235053 341
14235054 341
14235873 341
14258343 341
14268632 314
14268633 314
14268634 314
14268636 314
14268637 314
14281383 352
14300297 379
14301662 322
14301663 322
14302847 322
14303407 303
14303975 322
14306377 322
14308841 341
14310713 317
14314603 322
14314604 322
14314605 322
14314606 322
14324030 303
14324031 303
14332649 303
14342033 317
14342034 317
14342035 317
14347305 303
14350754 322
14350755 322
14350756 322
14350757 322
14350758 322
14351775 322
14364831 349
14365710 322
14365711 322
14365723 322
14366375 322
14371369 322
14378779 360
14384455 341
14410806 341
14410807 341
14417833 322
14422972 303
14422973 303
14422974 303
14422975 303
14429278 322
14429279 322
14432415 322
14433543 322
14435451 341
14437403 303
14448793 360
14450145 360
14475598 303
14475599 303
14495401 360
14498940 303
14498941 303
14498942 303
14499128 303
14499130 303
14499132 303
14499133 303
14499143 303
14500233 303
14501561 303
14501563 303
14501567 303
14512103 303
14525785 360
14525790 360
14525791 360
14525793 360
14536849 349
14536850 349
14536851 349
14542569 303
14542571 303
14542575 303
14546556 303
14546557 303
14546558 303
14549147 303
14550953 303
14553883 303
14561712 303
14561713 303
14561714 303
14561715 303
14561716 303
14561717 303
14561718 303
14561719 303
14561720 303
14561721 303
14561722 303
14561724 303
14561725 303
14561726 303
14561742 303
14561743 303
14561787 303
14563193 303
14566377 303
14566889 303
14569519 303
14573183 349
14574619 303
14581759 322
14607422 322
14607423 322
14608937 322
14625575 303
14626239 303
14628393 303
14632406 322
14632407 322
14632417 322
14643753 303
14645598 311
14645599 311
14645929 341
14664798 387
14664799 387
14666206 341
14666207 341
14685211 303
14707065 341
14712071 311
14712956 322
14712957 322
14712958 322
14716393 322
14723977 341
14755815 322
14759343 311
14767442 322
14767443 322
14767643 303
14772263 303
14778108 303
14778109 303
14778110 303
14779640 303
14779642 303
14779644 303
14779645 303
14780523 303
14787711 303
14788775 303
14797423 303
14808249 303
14808251 303
14808252 303
14808253 303
14808254 303
14809895 303
14829611 341
14829627 341
14829630 341
14829631 341
14829633 341
14829634 341
14829635 341
14829641 341
14829650 341
14829651 341
14832048 303
14832052 303
14832053 303
14832056 303
14832058 303
14832065 303
14844580 303
14844581 303
14844582 303
14863977 349
14866411 349
14877403 349
14877417 349
14877423 349
14887215 330
14893295 322
14894057 322
14907675 303
14907719 322
14908359 303
14911182 349
14911183 349
14913078 303
14913079 303
14913695 303
14913705 368
14921270 360
14921271 360
14924862 322
14924863 322
14929692 376
14929693 376
14929694 376
14932255 349
14934241 433
14936617 349
14956571 303
14956598 303
14956599 303
14957931 303
14960879 414
14964338 303
14964339 303
14983679 303
14996594 349
14996595 349
14999870 349
14999871 349
15002337 349
15016895 387
15021193 349
15031599 322
15031952 322
15031956 322
15031957 322
15031960 322
15031962 322
15031970 322
15031971 322
15031975 322
15038911 322
15045407 360
15049663 303
15065330 387
15065331 387
15071737 330
15072039 303
15072086 303
15072087 303
15072091 303
15072103 303
15072594 303
15072595 303
15074335 349
15078625 330
15080392 330
15080394 330
15080396 330
15080397 330
15080401 330
15080402 330
15080403 330
15090332 311
15090333 311
15090334 311
15096322 303
15096323 303
15096324 303
15096325 303
15096326 303
15096329 303
15096331 303
15096489 303
15096603 303
15096828 303
15096829 303
15096830 303
15096831 303
15097150 303
15097151 303
15107070 303
15107071 303
15109302 325
15109303 325
15110375 303
15114361 330
15118489 330
15120231 330
15123113 330
15128489 303
15134255 330
15134945 330
15135983 330
15140207 330
15140399 330
15163483 338
15164155 311
15194569 311
15199314 322
15199315 322
15200751 330
15201212 330
15201213 330
15201214 330
15204519 330
15221063 349
15236681 303
15237070 303
15237071 303
15250009 311
15258622 303
15258623 303
15274603 311
15274607 311
15275775 311
15277369 311
15286153 311
15290876 330
15290877 330
15290878 330
15295294 303
15295295 303
15302889 368
15314539 357
15315452 306
15315453 306
15315454 306
15320566 311
15320567 311
15320574 311
15320575 311
15324766 311
15324767 311
15327495 311
15332443 311
15340732 311
15340733 311
15340734 311
15340737 311
15340738 311
15340739 311
15340743 311
15340769 311
15340775 311
15341438 311
15341439 311
15345870 311
15345871 311
15346770 311
15346771 311
15360745 330
15385060 303
15385061 303
15385062 303
15385938 330
15385939 330
15388886 330
15388887 330
15390482 330
15390483 330
15396199 311
15408011 311
15408667 311
15410667 395
15415204 330
15415205 330
15415206 330
15427163 311
15429454 349
15429455 349
15430895 349
15488254 311
15488255 311
15500065 330
15511676 349
15511677 349
15511678 349
15518207 303
15523487 338
15544735 330
15559407 395
15562281 338
15562395 338
15569647 300
15570318 311
15570319 311
15576495 300
15577031 303
15579227 376
15579943 311
15588434 330
15588435 330
15595659 303
15598779 300
15598846 311
15598847 311
15600455 311
15600462 311
15600463 311
15622974 349
15622975 349
15622983 349
15622993 349
15622994 349
15622995 349
15625528 311
15625530 311
15625532 311
15625533 311
15625538 311
15625539 311
15638731 311
15639609 300
15639611 300
15639614 300
15639615 300
15653182 357
15653183 357
15664687 338
15669663 303
15683655 338
15689831 330
15690055 330
15690407 330
15690409 330
15690857 330
15705249 330
15711545 311
15723311 330
15731099 357
15733191 441
15735279 319
15750267 300
15750273 300
15756715 311
15757308 311
15757309 311
15757310 311
15761078 300
15761079 300
15761255 422
15764764 300
15764765 300
15764766 300
15764897 311
15764993 300
15767094 300
15767095 300
15785273 311
15791657 319
15801115 311
15802331 357
15805679 376
15820267 395
15824795 357
15835135 319
15836120 330
15836122 330
15836124 330
15836125 330
15836132 330
15836133 330
15836134 330
15836135 330
15836146 330
15836147 330
15836153 330
15836158 330
15836159 330
15875049 311
15878043 338
15887148 338
15887149 338
15887150 338
15887153 338
15887154 338
15887155 338
15887163 338
15897628 319
15897629 319
15897630 319
15897633 319
15903943 311
15903950 311
15903951 311
15904478 311
15904479 311
15904839 311
15923967 311
15932167 338
15937831 311
15942994 365
15942995 365
15943905 338
15945720 338
15945722 338
15945724 338
15945725 338
15949961 300
15950046 300
15950047 300
15950383 338
15954939 303
15955183 338
15970943 338
15974697 346
15976191 319
15983899 357
15989822 300
15989823 300
15989868 300
15989869 300
15989870 300
16007451 319
16014434 338
16014435 338
16014436 338
16014437 338
16014438 338
16014447 338
16015358 338
16015359 338
16023463 319
16035751 346
16035753 346
16037607 376
16052208 311
16052212 311
16052213 311
16052216 311
16052218 311
16074927 311
16087835 376
16089371 319
16091593 300
16094670 319
16094671 319
16094674 319
16094675 319
16097447 338
16098751 376
16099553 314
16103929 319
16103932 319
16103933 319
16103934 319
16103935 319
16108905 338
16108907 338
16114535 300
16124231 300
16134788 314
16134789 314
16134790 314
16134795 314
16140191 319
16140719 300
16143003 300
16144600 319
16144602 319
16144604 319
16144605 319
16161425 319
16161426 319
16161427 319
16161433 319
16161439 319
16161449 319
16161467 319
16161519 319
16167791 319
16176126 357
16176127 357
16194159 300
16212156 338
16212157 338
16212158 338
16220063 319
16220319 300
16225846 300
16225847 300
16230911 311
16232939 319
16233001 319
16237737 319
16239883 338
16242079 300
16254892 357
16254893 357
16254894 357
16256412 357
16256413 357
16256414 357
16285049 300
16285758 330
16285759 330
16300671 319
16307327 357
16309023 300
16311310 300
16311311 300
16311524 300
16311525 300
16311526 300
16311529 300
16312763 300
16314257 300
16314258 300
16314259 300
16316843 319
16323643 300
16341508 357
16341509 357
16341510 357
16341515 357
16341518 357
16341519 357
16348399 311
16353956 346
16353957 346
16353958 346
16353961 346
16360385 300
16360386 300
16360387 300
16360391 300
16360393 300
16360398 300
16360399 300
16364878 300
16364879 300
16366343 300
16366731 300
16366734 300
16366735 300
16367791 300
16369823 300
16370681 300
16370847 327
16371271 300
16372967 300
16373118 300
16373119 300
16381920 300
16381928 300
16381930 300
16381932 300
16381933 300
16381934 300
16381936 300
16381937 300
16381940 300
16381941 300
16381942 300
16381943 300
16381945 300
16381947 300
16381961 300
16382011 300
16382439 300
16383593 300
16384737 300
16387175 300
16387751 300
16387803 300
16388370 300
16388371 300
16390887 300
16396447 300
16403297 319
16427689 319
16433351 319
16435055 319
16442791 300
16453771 300
16454409 300
16454471 300
16456809 300
16456943 300
16457727 300
16458783 357
16458791 357
16459273 300
16461457 319
16461458 319
16461459 319
16461468 319
16461469 319
16461470 319
16470855 300
16474223 300
16475371 319
16476297 308
16476299 308
16476671 338
16479609 319
16490593 365
16497899 384
16498913 346
16499483 338
16520745 300
16520863 300
16523150 300
16523151 300
16536462 300
16536463 300
16539342 300
16539343 300
16545447 338
16545449 338
16551081 308
16551207 300
16552078 319
16552079 319
16555943 319
16557993 346
16560487 376
16564475 338
16572679 365
16592873 308
16608385 308
16610601 308
16613374 319
16613375 319
16613598 300
16613599 300
16618633 327
16625374 300
16625375 300
16627100 300
16627101 300
16627102 300
16628089 300
16628329 300
16629750 319
16629751 319
16646441 319
16654335 300
16659281 300
16659282 300
16659283 300
16659286 300
16659287 300
16659291 300
16661161 300
16666617 403
16682281 327
16683313 338
16683314 338
16683315 338
16683330 338
16683331 338
16683335 338
16683336 338
16683338 338
16683340 338
16683341 338
16683345 338
16683346 338
16683347 338
16683358 338
16683359 338
16686064 300
16686068 300
16686069 300
16686072 300
16686074 300
16687602 300
16687603 300
16688615 300
16700156 300
16700157 300
16700158 300
16704447 300
16721974 346
16721975 346
16724713 346
16730366 365
16730367 365
16737078 346
16737079 346
16737081 346
16737095 346
16748123 327
16754779 319
16755815 319
16764139 300
16764537 300
16771134 300
16771135 300
16775081 346
16777214 300
16777215 300
16777919 365
16786430 357
16786431 357
16790471 319
16795906 373
16795907 373
16795911 373
16801022 430
16801023 430
16803695 346
16808495 311
16826143 300
16826174 300
16826175 300
16827631 300
16827673 300
16834882 300
16834883 300
16834887 300
16841217 300
16845243 308
16857599 346
16863303 338
16871170 346
16871171 346
16871175 346
16874855 346
16877630 346
16877631 346
16898843 346
16910960 319
16910964 319
16910965 319
16910968 319
16910970 319
16910971 319
16941787 300
16948498 384
16948499 384
16950119 327
16951521 327
16952185 308
16952859 327
16955705 327
16956098 300
16956099 300
16956103 300
16956670 300
16956671 300
16958625 346
16963454 327
16963455 327
16965448 327
16965450 327
16965452 327
16965453 327
16965454 327
16965455 327
16965457 327
16976626 308
16976627 308
16983364 300
16983365 300
16983366 300
16983368 300
16983370 300
16983371 300
16983372 300
16983373 300
16983550 300
16983551 300
16983679 300
16983934 300
16983935 300
16984295 300
16986843 308
16995455 300
16997966 322
16997967 322
17003657 327
17008300 327
17008301 327
17008302 327
17009511 327
17012507 327
17013503 327
17019551 300
17026027 327
17026041 327
17026812 327
17026813 327
17026814 327
17032127 327
17041515 365
17058919 335
17059675 308
17076475 300
17081247 346
17087801 327
17089695 327
17093890 308
17093891 308
17093895 308
17099230 319
17099231 319
17100703 327
17101366 327
17101367 327
17101567 308
17110994 308
17110995 308
17124494 365
17124495 365
17129775 300
17141266 300
17141267 300
17141705 300
17156260 308
17156261 308
17156262 308
17165951 300
17181375 308
17183929 308
17183931 308
17184150 308
17184151 308
17184153 308
17184169 308
17187035 308
17187041 308
17196923 308
17199529 308
17202238 327
17202239 327
17207207 300
17213343 308
17215751 365
17228857 354
17228859 354
17228862 354
17228863 354
17229886 303
17229887 303
17235631 308
17235638 308
17235639 308
17235647 308
17240363 308
17243433 308
17247099 308
17248999 308
17258326 308
17258327 308
17258328 308
17258329 308
17258330 308
17258332 308
17258333 308
17258334 308
17258335 308
17258361 308
17258366 308
17258367 308
17259119 308
17263103 308
17264105 308
17265118 308
17265119 308
17265135 346
17266815 327
17267577 308
17280839 327
17308196 300
17308197 300
17308198 300
17309182 327
17309183 327
17312498 327
17312499 327
17314294 327
17314295 327
17320731 308
17320937 308
17322855 308
17334012 308
17334013 308
17334014 308
17334750 308
17334751 308
17337001 392
17342108 327
17342109 327
17342110 327
17342123 327
17352617 346
17355559 308
17358137 346
17382169 346
17384063 308
17392879 308
17414121 346
17416959 308
17424287 308
17428479 300
17437572 327
17437573 327
17437574 327
17437579 327
17450638 346
17450639 346
17465983 300
17498559 327
17502153 327
17502390 308
17502391 308
17507567 335
17507695 335
17507867 308
17514795 308
17516609 308
17516610 308
17516611 308
17518843 300
17519407 327
17526175 308
17526631 373
17534511 373
17536990 327
17536991 327
17545116 300
17545117 300
17545118 300
17545307 308
17548703 308
17550518 308
17550519 308
17550521 308
17550523 308
17552466 308
17552467 308
17574747 335
17575835 346
17575847 346
17575862 346
17575863 346
17575868 346
17575869 346
17575870 346
17575881 346
17578724 308
17578725 308
17578726 308
17578732 308
17578733 308
17578734 308
17578742 308
17578743 308
17578985 308
17590383 308
17593572 308
17593573 308
17593574 308
17609831 354
17619449 354
17628361 300
17628363 300
17640187 354
17651710 327
17651711 327
17652214 327
17652215 327
17660031 327
17668406 327
17668407 327
17671615 327
17674759 308
17675489 308
17679614 308
17679615 308
17684466 365
17684467 365
17694450 381
17694451 381
17697486 354
17697487 354
17702025 316
17726305 308
17726337 308
17726974 308
17726975 308
17731410 419
17731411 419
17735510 308
17735511 308
17758433 308
17765615 316
17773743 354
17776255 308
17777622 354
17777623 354
17797801 392
17802894 354
17802895 354
17815640 327
17815642 327
17815644 327
17815645 327
17815650 327
17815651 327
17815652 327
17815653 327
17815654 327
17815666 327
17815667 327
17815673 327
17815679 327
17831593 365
17842267 308
17844463 308
17857215 308
17859431 308
17862798 335
17862799 335
17863815 308
17865327 308
17873040 335
17873044 335
17873045 335
17873048 335
17873050 335
17873058 335
17873059 335
17873067 335
17873071 335
17880859 335
17884834 316
17884835 316
17884836 316
17884837 316
17884838 316
17891937 308
17891945 308
17891947 308
17891951 308
17892135 308
17892537 308
17892539 308
17892591 308
17892918 308
17892919 308
17895561 384
17907321 330
17913903 316
17916415 316
17923689 335
17935870 362
17935871 362
17936892 335
17936893 335
17936894 335
17938940 335
17938941 335
17938942 335
17949307 300
17971534 343
17971535 343
17972331 316
17978815 335
17981887 354
17998875 316
18007835 327
18008377 316
18008382 316
18008383 316
18016240 335
18016244 335
18016245 335
18016248 335
18016250 335
18017279 335
18018345 335
18039777 354
18040223 343
18058744 308
18058746 308
18058748 308
18058749 308
18084290 308
18084291 308
18098815 373
18100542 316
18100543 316
18103487 316
18106505 316
18106510 316
18106511 316
18111998 311
18111999 311
18116859 316
18116921 316
18116926 316
18116927 316
18122518 335
18122519 335
18122521 335
18127755 308
18150567 362
18151640 311
18151642 311
18151644 311
18151645 311
18157705 316
18157707 316
18162680 316
18162682 316
18162684 316
18162685 316
18181604 316
18181605 316
18181606 316
18181612 316
18181613 316
18181614 316
18181630 316
18181631 316
18181650 316
18181651 316
18181659 316
18198143 354
18205326 335
18205327 335
18234145 308
18238678 335
18238679 335
18240571 335
18261345 316
18262057 316
18262123 316
18262127 316
18267454 316
18267455 316
18269868 335
18269869 335
18269870 335
18282655 316
18286756 354
18286757 354
18286758 354
18288466 354
18288467 354
18300585 316
18315945 354
18321479 327
18356449 316
18369775 316
18370446 335
18370447 335
18384200 354
18384202 354
18384204 354
18384205 354
18384209 354
18398204 343
18398205 343
18398206 343
18398207 343
18408731 316
18453710 316
18453711 316
18459135 335
18461031 305
18461665 308
18461787 308
18475183 335
18481151 316
18487521 316
18489426 316
18489427 316
18489435 316
18489438 316
18489439 316
18489447 316
18491486 316
18491487 316
18516105 354
18516139 354
18519138 316
18519139 316
18519140 316
18519141 316
18519142 316
18519154 316
18519155 316
18534793 316
18535835 305
18535836 305
18535837 305
18535838 305
18539561 316
18551916 362
18551917 362
18551918 362
18560137 381
18561278 343
18561279 343
18561918 335
18561919 335
18595355 335
18596039 335
18596571 335
18613575 316
18613630 335
18613631 335
18619966 305
18619967 305
18621089 316
18627743 343
18635035 335
18640895 305
18642159 362
18644265 362
18666983 305
18675329 316
18679794 305
18679795 305
18684162 305
18684163 305
18684167 305
18684321 316
18684434 305
18684435 305
18686926 305
18686927 305
18690047 316
18695963 324
18708470 316
18708471 316
18727246 316
18727247 316
18748443 308
18749945 400
18762855 316
18767566 324
18767567 324
18768728 335
18768730 335
18768732 335
18768733 335
18768748 335
18768749 335
18768750 335
18768751 335
18768760 335
18768762 335
18768764 335
18768765 335
18768766 335
18768767 335
18768779 335
18785545 373
18803166 343
18803167 343
18812222 343
18812223 343
18815303 343
18818799 316
18821663 362
18829212 343
18829213 343
18829214 343
18829217 343
18837447 343
18841633 324
18841639 324
18849127 316
18849327 316
18849750 316
18849751 316
18850473 316
18867582 316
18867583 316
18871967 343
18884735 354
18895396 370
18895397 370
18895398 370
18896478 343
18896479 343
18898633 343
18898635 343
18901151 427
18903657 305
18903758 305
18903759 305
18903807 305
18950898 305
18950899 305
18950955 305
18950959 305
18966697 343
18980068 343
18980069 343
18980070 343
18987335 343
19011199 343
19022063 305
19024840 316
19024842 316
19024843 316
19024844 316
19024845 316
19024849 316
19067062 381
19067063 381
19068882 324
19068883 324
19069695 324
19070462 324
19070463 324
19071209 305
19071519 305
19071966 324
19071967 324
19072927 324
19075169 324
19078454 343
19078455 343
19080831 362
19080950 319
19080951 319
19083887 324
19086136 324
19086137 324
19086138 324
19086140 324
19086141 324
19098706 305
19098707 305
19110198 305
19110199 305
19122710 319
19122711 319
19122713 319
19122719 319
19129115 324
19134338 324
19134339 324
19134340 324
19134341 324
19134342 324
19134343 324
19136543 324
19139071 324
19152639 351
19154281 324
19154283 324
19154297 324
19154331 324
19155166 324
19155167 324
19161825 324
19171705 362
19179273 343
19191911 305
19192135 305
19214409 343
19223777 324
19227583 324
19230628 305
19230629 305
19230630 305
19230633 305
19236635 316
19239036 324
19239037 324
19239038 324
19249870 305
19249871 305
19262203 324
19264159 343
19265057 362
19266859 362
19300796 305
19300797 305
19300798 305
19301639 335
19314079 305
19327201 362
19331921 305
19331922 305
19331923 305
19332168 305
19332170 305
19332172 305
19332173 305
19332177 305
19332190 305
19332191 305
19335414 305
19335415 305
19335417 305
19335422 305
19335423 305
19346539 305
19346671 305
19349470 305
19349471 305
19352519 324
19367713 362
19367721 362
19375131 389
19382465 351
19382466 351
19382467 351
19382471 351
19382695 305
19383623 300
19390087 305
19390094 305
19390095 305
19395409 305
19395410 305
19395411 305
19397147 305
19397607 305
19397611 305
19398175 305
19398823 305
19398862 305
19398863 305
19400943 332
19401270 305
19401271 305
19402987 305
19405177 305
19410279 343
19415617 305
19415618 305
19415619 305
19415620 305
19415621 305
19415622 305
19415624 305
19415625 305
19415626 305
19415627 305
19415628 305
19415629 305
19415633 305
19415634 305
19415635 305
19415643 305
19415657 305
19415663 305
19415719 305
19415743 305
19417590 305
19417591 305
19422119 305
19422518 305
19422519 305
19423259 305
19426025 305
19427487 313
19430910 351
19430911 351
19432825 305
19442345 324
19449327 316
19472831 324
19476562 324
19476563 324
19478582 324
19478583 324
19485823 305
19486055 305
19492891 324
19500766 305
19500767 305
19501595 305
19504127 389
19506715 362
19507291 305
19509874 324
19509875 324
19509889 324
19521695 343
19526299 313
19527463 313
19527465 313
19527905 343
19529727 343
19553065 389
19554267 351
19554940 343
19554941 343
19554942 343
19580281 305
19590247 343
19590447 343
19590887 343
19601179 305
19602183 305
19616094 313
19616095 313
19617272 324
19617274 324
19617276 324
19617277 324
19621857 324
19626747 305
19627243 381
19631969 343
19638399 381
19665627 313
19684011 313
19689922 324
19689923 324
19690190 305
19690191 305
19696350 305
19696351 305
19704145 305
19704146 305
19704147 305
19706184 305
19706186 305
19706188 305
19706189 305
19706193 305
19718366 305
19718367 305
19729115 324
19729839 305
19729897 305
19737851 305
19738471 305
19744327 305
19744334 305
19744335 305
19744337 305
19744338 305
19744339 305
19744347 305
19744383 305
19746526 305
19746527 305
19771591 332
19772814 343
19772815 343
19772839 343
19772841 343
19772844 343
19772845 343
19772846 343
19772854 343
19772855 343
19772866 343
19772867 343
19775815 305
19776068 305
19776069 305
19776070 305
19776072 305
19776074 305
19776075 305
19776076 305
19776077 305
19776086 305
19776087 305
19776359 305
19777899 305
19779099 305
19792772 305
19792773 305
19792774 305
19792779 305
19797863 305
19818635 351
19821881 351
19836537 351
19845211 351
19849627 332
19857407 324
19857515 324
19857726 324
19857727 324
19858175 324
19858742 324
19858743 324
19876958 324
19876959 324
19881577 351
19884105 305
19884926 305
19884927 305
19889567 305
19895026 362
19895027 362
19899817 324
19906257 378
19906258 378
19906259 378
19909673 351
19912321 435
19914779 313
19915489 351
19921179 316
19925503 389
19942094 305
19942095 305
19942130 305
19942131 305
19942847 305
19947838 416
19947839 416
19952450 305
19952451 305
19959963 305
19964795 313
19978238 305
19978239 305
19995458 351
19995459 351
19995463 351
19999826 351
19999827 351
20022526 389
20022527 389
20028257 351
20042592 324
20042600 324
20042602 324
20042608 324
20042609 324
20042612 324
20042613 324
20042626 324
20042627 324
20042631 324
20042633 324
20051881 324
20060542 362
20060543 362
20066217 305
20072551 305
20087106 389
20087107 389
20093695 332
20095647 332
20095649 332
20096114 305
20096115 305
20096121 305
20096137 305
20096283 305
20096793 305
20098495 305
20099111 351
20099113 351
20104833 332
20107184 332
20107188 332
20107189 332
20107192 332
20107194 332
20107201 332
20107202 332
20107203 332
20115967 332
20120440 313
20120442 313
20120444 313
20120445 313
20128428 305
20128429 305
20128430 305
20128433 305
20128434 305
20128435 305
20128438 305
20128439 305
20128441 305
20128447 305
20128651 305
20129105 305
20129106 305
20129107 305
20129531 305
20129532 305
20129533 305
20129534 305
20129535 305
20129563 305
20132507 381
20142761 305
20145735 327
20145737 327
20147166 305
20147167 305
20152481 332
20157985 332
20159727 332
20160255 313
20162971 332
20164150 332
20164151 332
20171318 305
20171319 305
20177855 359
20179006 332
20179007 332
20179926 332
20179927 332
20181310 332
20181311 332
20186942 332
20186943 332
20187198 332
20187199 332
20193279 332
20197351 370
20217977 340
20218873 313
20229991 313
20248735 313
20258815 324
20259425 313
20259431 313
20265753 324
20267499 332
20268280 332
20268282 332
20268284 332
20268285 332
20268523 313
20270639 332
20294750 351
20294751 351
20297595 370
20298927 305
20315574 305
20315575 305
20316092 305
20316093 305
20316094 305
20327783 378
20333345 313
20344828 305
20344829 305
20344830 305
20363111 313
20366137 313
20366142 313
20366143 313
20369819 313
20369825 313
20375999 308
20381467 313
20381537 313
20381543 313
20387832 332
20387834 332
20387836 332
20387837 332
20393724 305
20393725 305
20393726 305
20393727 305
20400999 313
20419385 359
20420600 308
20420602 308
20420604 308
20420605 308
20427419 313
20427420 313
20427421 313
20427422 313
20427431 313
20427433 313
20433020 313
20433021 313
20433022 313
20443257 313
20454308 313
20454309 313
20454310 313
20454315 313
20454316 313
20454317 313
20454318 313
20454319 313
20454335 313
20454358 313
20454359 313
20454366 313
20454367 313
20455250 313
20455251 313
20456391 313
20461161 313
20462335 313
20462361 313
20465499 313
20480993 332
20504827 351
20505839 321
20513412 305
20513413 305
20513414 305
20513419 305
20514585 332
20518514 332
20518515 332
20520642 332
20520643 332
20528265 313
20530303 313
20530791 313
20544014 313
20544015 313
20544815 313
20544889 313
20550887 313
20553604 332
20553605 332
20553606 332
20553611 332
20553627 332
20569550 313
20569551 313
20572143 321
20572604 351
20572605 351
20572606 351
20574526 351
20574527 351
20588159 313
20603439 313
20605439 351
20635583 313
20638335 435
20638495 351
20638959 351
20651004 313
20651005 313
20651006 313
20655975 305
20662043 351
20666753 332
20682232 351
20682234 351
20682236 351
20682237 351
20690942 305
20690943 305
20697982 340
20697983 340
20709823 313
20726313 332
20743291 332
20743295 332
20759529 302
20760425 313
20760427 313
20769374 305
20769375 305
20769511 305
20772302 378
20772303 378
20773257 313
20784578 332
20784579 332
20798460 313
20798461 313
20798462 313
20800239 313
20800606 313
20800607 313
20800615 313
20800617 313
20800619 313
20802923 313
20808639 324
20830619 351
20830633 351
20830651 351
20830657 351
20830658 351
20830659 351
20834032 313
20834036 313
20834037 313
20834040 313
20834042 313
20834050 313
20834051 313
20834055 313
20851641 313
20851643 313
20852814 302
20852815 302
20852818 302
20852819 302
20853871 302
20857007 313
20860543 302
20870908 359
20870909 359
20870910 359
20880155 378
20881439 340
20882159 332
20886249 340
20892871 305
20919774 332
20919775 332
20920073 332
20920542 332
20920543 332
20920545 332
20921142 332
20921143 332
20930407 332
20936127 359
20940335 332
20945199 359
20947463 302
20948726 313
20948727 313
20959367 370
20964414 332
20964415 332
20974798 359
20974799 359
20980927 359
21000367 302
21008953 313
21009745 313
21009746 313
21009747 313
21014770 302
21014771 302
21015006 424
21015007 424
21019684 302
21019685 302
21019686 302
21019862 313
21019863 313
21019990 302
21019991 302
21019995 302
21022793 302
21032959 321
21047030 313
21047031 313
21048231 359
21055542 321
21055543 321
21068153 313
21069774 359
21069775 359
21074238 378
21074239 378
21091999 305
21093689 397
21099726 359
21099727 359
21113513 321
21114824 332
21114826 332
21114828 332
21114829 332
21114833 332
21114840 332
21114842 332
21114844 332
21114845 332
21114846 332
21114847 332
21114860 332
21114861 332
21114862 332
21114863 332
21114870 332
21114871 332
21114876 332
21114877 332
21114878 332
21133739 370
21146727 416
21153563 340
21163751 340
21166331 321
21167519 313
21182865 340
21182866 340
21182867 340
21182870 340
21182871 340
21182873 340
21182887 340
21182895 340
21196836 321
21196837 321
21196838 321
21196843 321
21205257 313
21205266 313
21205267 313
21205275 313
21205970 313
21205971 313
21206783 313
21226031 313
21242889 340
21250441 313
21257324 367
21257325 367
21257326 367
21258331 340
21258539 340
21260962 340
21260963 340
21260964 340
21260965 340
21260966 340
21266614 302
21266615 302
21266729 302
21267177 340
21273577 340
21294590 340
21294591 340
21299595 348
21311865 359
21319762 302
21319763 302
21319825 302
21319826 302
21319827 302
21337535 340
21342619 332
21352578 340
21352579 340
21352580 340
21352581 340
21352582 340
21353810 340
21353811 340
21364617 321
21379519 313
21381001 348
21387515 340
21402415 313
21402948 313
21402949 313
21402950 313
21402952 313
21402954 313
21402955 313
21402956 313
21402957 313
21409215 302
21422075 351
21450446 378
21450447 378
21452494 321
21452495 321
21454271 321
21455111 302
21455407 302
21455457 302
21455963 321
21455983 321
21459561 321
21459564 321
21459565 321
21459566 321
21460699 302
21463262 340
21463263 340
21465001 378
21466070 316
21466071 316
21471905 321
21471908 321
21471909 321
21471910 321
21471913 321
21478539 340
21478542 340
21478543 340
21486046 302
21486047 302
21492255 302
21494943 302
21498974 302
21498975 302
21511783 367
21513048 316
21513050 316
21513052 316
21513053 316
21520254 321
21520255 321
21520958 302
21520959 302
21526128 321
21526132 321
21526133 321
21526136 321
21526138 321
21527663 321
21547247 348
21548566 321
21548567 321
21548569 321
21548575 321
21548577 321
21548585 321
21548598 321
21548599 321
21548622 321
21548623 321
21549563 321
21557054 321
21557055 321
21562927 302
21568169 359
21576683 340
21590895 302
21591019 302
21591151 302
21616209 340
21616210 340
21616211 340
21626750 321
21626751 321
21634460 302
21634461 302
21634462 302
21634463 302
21637483 302
21641214 313
21641215 313
21643918 321
21643919 321
21644001 321
21648623 321
21650315 321
21653177 340
21653179 340
21656105 302
21668331 321
21669979 321
21673188 359
21673189 359
21673190 359
21675217 359
21675218 359
21675219 359
21677295 329
21713398 302
21713399 302
21714345 332
21740187 367
21743102 359
21743103 359
21748412 302
21748413 302
21748414 302
21748696 302
21748698 302
21748700 302
21748701 302
21748705 302
21748715 302
21750350 302
21750351 302
21752342 302
21752343 302
21752345 302
21752351 302
21755790 321
21755791 321
21763519 302
21764857 302
21764859 302
21764863 302
21767419 359
21768155 302
21788676 359
21788677 359
21788678 359
21788683 359
21788686 359
21788687 359
21788690 359
21788691 359
21797023 386
21797865 313
21805272 348
21805274 348
21805276 348
21805277 348
21805281 348
21805531 302
21813846 302
21813847 302
21813849 302
21813854 302
21813855 302
21813857 302
21813863 302
21813865 302
21817755 321
21819836 302
21819837 302
21819838 302
21821790 302
21821791 302
21822183 302
21822313 302
21823721 302
21826430 302
21826431 302
21827574 302
21827575 302
21828361 302
21830622 302
21830623 302
21830815 302
21830825 302
21842568 302
21842570 302
21842572 302
21842573 302
21842576 302
21842577 302
21842578 302
21842579 302
21842580 302
21842581 302
21842582 302
21842583 302
21842584 302
21842586 302
21842588 302
21842589 302
21842590 302
21842593 302
21842599 302
21842614 302
21842615 302
21842681 302
21844790 302
21844791 302
21849566 302
21849567 302
21850334 302
21850335 302
21851161 302
21851163 302
21851167 302
21854279 302
21859775 348
21861929 302
21871062 321
21871063 321
21872639 321
21877999 386
21880491 313
21880603 313
21884187 321
21884583 321
21903585 321
21911134 321
21911135 321
21913406 321
21913407 321
21915835 321
21916159 302
21921831 302
21923721 302
21929503 321
21938361 302
21938363 302
21939294 302
21939295 302
21939359 302
21942411 302
21942590 302
21942591 302
21945054 359
21945055 359
21945697 302
21945703 302
21947119 321
21948609 321
21948610 321
21948611 321
21948625 321
21948626 321
21948627 321
21948927 321
21956379 310
21965630 302
21965631 302
21967087 310
21967161 321
21968398 310
21968399 310
21968894 340
21968895 340
21985903 302
21987457 367
21997198 386
21997199 386
21998550 348
21998551 348
21999310 340
21999311 340
22012863 302
22027817 302
22028031 302
22030866 302
22030867 302
22036143 302
22038939 340
22046491 302
22047463 321
22048617 302
22048767 321
22051327 302
22052457 302
22060598 340
22060599 340
22068107 310
22069436 321
22069437 321
22069438 321
22074590 321
22074591 321
22080091 302
22080649 378
22085151 340
22085966 340
22085967 340
22096905 367
22123830 310
22123831 310
22133723 321
22139015 310
22144239 310
22144513 310
22147467 310
22151164 321
22151165 321
22151166 321
22151167 321
22151465 302
22158015 329
22158177 329
22158395 302
22167164 302
22167165 302
22167166 302
22169464 302
22169466 302
22169468 302
22169469 302
22170785 302
22171105 302
22173001 321
22176487 367
22181567 302
22182759 302
22183163 302
22195254 321
22195255 321
22196071 302
22196135 302
22200879 302
22205083 302
22212351 302
22212374 302
22212375 302
22212377 302
22212380 302
22212381 302
22212382 302
22212391 302
22214843 302
22214881 302
22243041 329
22244417 340
22244418 340
22244419 340
22244441 340
22244446 340
22244447 340
22244450 340
22244451 340
22244452 340
22244453 340
22244454 340
22244460 340
22244461 340
22244462 340
22244476 340
22244477 340
22244478 340
22245415 302
22245423 302
22247871 302
22248080 302
22248084 302
22248085 302
22248088 302
22248090 302
22248098 302
22248099 302
22250137 302
22251486 302
22251487 302
22266872 302
22266874 302
22266876 302
22266877 302
22295964 348
22295965 348
22295966 348
22299617 348
22301799 329
22303855 321
22307154 367
22307155 367
22316105 348
22316126 348
22316127 348
22316135 348
22325863 348
22330823 329
22330830 329
22330831 329
22339705 321
22339943 321
22341086 321
22341087 321
22352185 302
22356763 302
22361371 302
22361513 302
22361579 321
22362539 302
22366774 348
22366775 348
22369618 302
22369619 302
22370543 302
22370558 367
22370559 367
22375407 302
22381906 359
22381907 359
22387294 321
22387295 321
22394540 375
22394541 375
22394542 375
22398379 348
22398383 348
22401362 432
22401363 432
22404127 310
22404926 348
22404927 348
22411326 313
22411327 313
22434857 302
22434898 302
22434899 302
22436731 302
22436841 302
22436897 302
22439079 356
22441319 413
22442095 302
22446508 302
22446509 302
22446510 302
22454959 302
22460391 310
22460395 310
22463727 310
22475519 302
22476798 348
22476799 348
22484607 310
22494892 348
22494893 348
22494894 348
22496667 302
22499806 348
22499807 348
22503506 348
22503507 348
22525343 386
22531790 348
22531791 348
22544667 310
22547399 321
22547936 321
22547944 321
22547946 321
22547952 321
22547953 321
22547956 321
22547957 321
22547961 321
22547963 321
22558367 321
22568111 359
22574495 302
22589049 302
22597996 386
22597997 386
22597998 386
22600158 329
22600159 329
22602913 310
22607606 329
22607607 329
22608059 302
22608111 310
22608130 302
22608131 302
22608135 302
22608137 302
22608155 302
22608319 302
22608892 302
22608893 302
22608894 302
22610559 302
22611503 348
22614459 324
22614463 324
22617938 329
22617939 329
22618863 329
22620592 329
22620596 329
22620597 329
22620600 329
22620602 329
22620604 329
22620605 329
22620606 329
22620609 329
22620615 329
22635500 310
22635501 310
22635502 310
22644484 302
22644485 302
22644486 302
22644488 302
22644490 302
22644492 302
22644493 302
22644494 302
22644495 302
22644497 302
22644732 302
22644733 302
22644734 302
22644905 302
22645244 302
22645245 302
22645246 302
22645247 302
22645723 302
22645726 302
22645727 302
22645759 302
22647423 302
22649071 378
22655847 310
22660606 302
22660607 302
22663954 324
22663955 324
22663963 324
22665563 302
22671542 329
22671543 329
22677732 329
22677733 329
22677734 329
22677739 329
22680347 329
22683342 329
22683343 329
22684670 329
22684671 329
22692734 302
22692735 302
22701369 329
22701383 329
22701403 329
22702417 329
22702418 329
22702419 329
22703975 329
22709502 329
22709503 329
22710311 329
22710599 329
22730991 348
22745225 337
22746233 310
22768633 302
22783734 329
22783735 329
22791852 310
22791853 310
22791854 310
22798972 321
22798973 321
22798974 321
22800937 329
22801127 329
22801820 329
22801821 329
22801822 329
22802089 310
22806779 329
22814658 310
22814659 310
22831595 348
22832155 337
22832658 367
22832659 367
22834795 367
22855020 302
22855021 302
22855022 302
22855606 302
22855607 302
22860667 302
22875012 310
22875013 310
22875014 310
22875019 310
22879483 310
22887934 302
22887935 302
22910043 329
22911905 310
22911911 310
22912201 310
22912203 310
22912225 310
22913663 310
22916046 310
22916047 310
22916054 310
22916055 310
22916863 310
22921855 367
22923375 394
22929151 310
22929230 310
22929231 310
22929387 310
22932705 310
22936316 329
22936317 329
22936318 329
22940655 329
22941543 321
22942942 302
22942943 302
22954334 367
22954335 367
22971809 356
22971817 356
22973180 305
22973181 305
22973182 305
22980841 310
22980843 310
22980847 310
22980850 310
22980851 310
22980859 310
22980862 310
22980863 310
22987150 310
22987151 310
22988799 310
22989211 310
22991243 310
22995583 310
22998665 310
23004775 348
23011100 310
23011101 310
23011102 310
23011105 310
23011106 310
23011107 310
23011108 310
23011109 310
23011110 310
23011111 310
23011113 310
23011115 310
23011119 310
23011154 310
23011155 310
23011163 310
23012158 310
23012159 310
23017470 310
23017471 310
23018806 310
23018807 310
23019355 310
23020156 310
23020157 310
23020158 310
23023687 310
23029227 356
23031423 310
23041118 329
23041119 329
23042779 329
23052891 337
23067931 348
23077592 302
23077594 302
23077596 302
23077597 302
23078908 329
23078909 329
23078910 329
23083330 329
23083331 329
23085724 329
23085725 329
23085726 329
23085927 329
23094299 310
23094582 310
23094583 310
23105607 302
23112017 310
23112018 310
23112019 310
23113001 310
23116001 394
23122808 329
23122810 329
23122812 329
23122813 329
23122830 329
23122831 329
23136822 348
23136823 348
23140745 310
23143659 318
23144182 348
23144183 348
23146343 348
23163739 375
23176225 348
23178750 310
23178751 310
23188123 321
23190505 310
23209243 310
23209407 310
23232382 310
23232383 310
23244799 348
23250097 329
23250098 329
23250099 329
23250105 329
23258415 356
23267516 348
23267517 348
23267518 348
23277311 302
23285231 337
23287977 302
23317103 329
23317831 329
23321343 383
23336203 329
23336521 310
23339111 394
23343422 337
23343423 337
23343593 337
23343822 310
23343823 310
23355478 310
23355479 310
23355481 310
23358457 302
23359209 329
23365447 302
23365547 302
23366503 302
23368233 310
23368841 375
23369915 310
23382652 329
23382653 329
23382654 329
23393489 302
23393490 302
23393491 302
23393742 310
23393743 310
23398270 310
23398271 310
23400683 310
23400690 310
23400691 310
23400694 310
23400695 310
23400697 310
23403289 310
23405383 356
23417883 310
23434446 348
23434447 348
23434462 348
23434463 348
23434475 348
23434479 348
23434482 348
23434483 348
23434488 348
23434490 348
23434492 348
23434493 348
23434507 348
23435503 310
23438296 310
23438298 310
23438300 310
23438301 310
23438308 310
23438309 310
23438310 310
23438311 310
23438322 310
23438323 310
23438646 310
23438647 310
23441895 310
23456487 421
23458097 310
23458098 310
23458099 310
23458843 310
23479774 356
23479775 356
23490175 375
23492598 356
23492599 356
23497031 337
23504481 302
23504495 302
23520249 356
23525483 337
23534747 329
23535083 329
23535611 329
23535612 329
23535613 329
23535614 329
23536284 329
23536285 329
23536286 329
23557807 310
23557874 329
23557875 329
23562153 329
23566345 310
23567318 310
23567319 310
23572818 310
23572819 310
23579289 367
23584967 329
23592601 383
23596649 356
23599787 440
23600487 356
23602919 318
23635073 310
23635119 310
23635964 310
23635965 310
23635966 310
23641881 421
23641883 421
23647346 310
23647347 310
23649447 310
23661979 318
23677910 310
23677911 310
23682175 356
23687486 318
23687487 318
23699583 310
23701673 310
23703497 356
23708519 375
23709799 302
23730401 394
23737193 356
23752703 318
23754184 329
23754186 329
23754188 329
23754189 329
23754193 329
23754200 329
23754201 329
23754202 329
23754203 329
23754204 329
23754205 329
23754220 329
23754221 329
23754222 329
23754230 329
23754231 329
23754238 329
23754239 329
23775457 367
23782183 310
23789689 310
23792617 310
23797759 337
23812123 318
23812574 310
23812575 310
23813119 337
23817063 337
23817065 337
23817543 310
23817643 310
23823099 394
23830724 337
23830725 337
23830726 337
23830728 337
23830730 337
23830732 337
23830733 337
23830745 337
23830759 337
23830761 337
23830767 337
23841145 337
23846444 318
23846445 318
23846446 318
23846449 318
23846450 318
23846451 318
23855915 310
23855919 310
23855926 310
23855927 310
23855929 310
23855934 310
23855935 310
23856718 310
23856719 310
23857225 310
23857259 310
23870715 318
23878123 310
23885951 310
23888553 318
23898251 337
23906747 310
23914492 364
23914493 364
23914494 364
23915623 337
23915857 337
23915858 337
23915859 337
23918584 337
23918586 337
23918588 337
23918589 337
23920255 337
23925575 337
23932409 302
23932411 302
23932775 337
23956415 337
23962044 345
23962045 345
23962046 345
23964287 318
23971753 337
23975849 356
24010446 329
24010447 329
24011169 318
24011177 318
24021648 337
24021652 337
24021653 337
24021656 337
24021658 337
24021666 337
24021667 337
24021671 337
24023038 337
24023039 337
24030847 337
24035195 318
24053627 345
24053630 345
24053631 345
24056411 375
24060955 337
24078320 310
24078324 310
24078325 310
24078328 310
24078330 310
24092187 383
24094491 337
24097407 318
24098779 318
24099835 348
24112386 310
24112387 310
24112391 310
24131753 375
24134057 318
24137643 318
24137959 318
24137967 318
24137982 318
24137983 318
24139495 318
24142006 318
24142007 318
24142012 318
24142013 318
24142014 318
24146171 337
24148127 375
24149330 313
24149331 313
24155894 318
24155895 318
24155900 318
24155901 318
24155902 318
24155903 318
24155931 318
24163356 337
24163357 337
24163358 337
24163361 337
24170343 310
24182343 375
24202184 313
24202186 313
24202188 313
24202189 313
24202193 313
24210273 318
24210287 318
24216904 318
24216906 318
24216908 318
24216909 318
24216913 318
24225919 318
24242136 318
24242138 318
24242140 318
24242141 318
24242148 318
24242149 318
24242150 318
24242151 318
24242155 318
24242159 318
24242172 318
24242173 318
24242174 318
24242201 318
24242279 318
24243259 318
24251687 318
24264190 356
24264191 356
24273769 337
24289279 326
24309759 337
24311527 326
24312193 310
24318236 337
24318237 337
24318238 337
24320761 337
24330095 318
24346367 310
24348463 318
24349409 318
24349497 318
24349502 318
24349503 318
24356604 318
24356605 318
24356606 318
24359825 337
24359826 337
24359827 337
24359835 337
24376873 318
24378727 318
24381799 326
24382340 356
24382341 356
24382342 356
24382347 356
24384620 356
24384621 356
24384622 356
24418555 318
24428638 329
24428639 329
24443647 375
24450495 318
24451007 318
24452335 318
24456987 318
24457711 364
24460991 356
24475265 318
24488347 356
24489063 318
24493033 318
24493929 337
24512264 356
24512266 356
24512268 356
24512269 356
24512273 356
24512278 356
24512279 356
24522599 310
24530936 345
24530938 345
24530940 345
24530941 345
24530942 345
24530943 345
24544974 318
24544975 318
24556271 326
24564519 337
24587515 337
24604946 318
24604947 318
24615553 310
24615679 310
24619711 318
24633577 337
24641534 318
24641535 318
24650027 318
24652135 318
24652519 318
24652569 318
24652583 318
24652585 318
24655314 318
24655315 318
24688175 356
24688185 356
24688187 356
24692184 318
24692185 318
24692186 318
24692188 318
24692189 318
24692204 318
24692205 318
24692206 318
24700927 307
24713057 318
24714446 307
24714447 307
24714449 307
24714450 307
24714451 307
24715007 337
24719414 318
24719415 318
24735889 364
24735890 364
24735891 364
24746849 383
24748370 345
24748371 345
24749225 337
24749403 364
24784039 345
24784047 345
24793806 337
24793807 337
24794718 337
24794719 337
24818171 337
24818172 337
24818173 337
24818174 337
24818175 337
24826620 307
24826621 307
24826622 307
24828118 318
24828119 318
24833915 318
24836990 345
24836991 345
24840731 375
24846713 337
24854511 307
24854526 307
24854527 307
24859019 364
24866283 364
24889310 307
24889311 307
24889323 307
24899499 318
24900438 318
24900439 318
24906393 307
24912217 307
24912222 307
24912223 307
24912578 307
24912579 307
24915900 307
24915901 307
24915902 307
24920062 318
24920063 318
24921855 318
24923163 383
24927950 326
24927951 326
24930303 318
24944626 318
24944627 318
24949339 364
24965191 364
24969660 318
24969661 318
24969662 318
24976875 383
24999926 402
24999927 402
25007083 364
25023420 326
25023421 326
25023422 326
25024968 337
25024970 337
25024972 337
25024973 337
25024977 337
25024987 337
25024996 337
25024997 337
25024998 337
25025001 337
25025003 337
25025008 337
25025012 337
25025013 337
25025016 337
25025018 337
25025020 337
25025021 337
25025022 337
25025031 337
25025038 337
25025039 337
25046299 345
25047393 375
25070889 345
25082962 345
25082963 345
25087070 345
25087071 345
25090207 326
25091227 345
25095550 364
25095551 364
25105617 345
25105618 345
25105619 345
25105622 345
25105623 345
25105627 345
25105643 345
25120287 326
25122177 326
25122185 326
25132167 318
25132169 318
25133001 318
25133723 318
25153767 340
25156777 318
25162622 345
25162623 345
25166879 364
25179646 356
25179647 356
25185707 318
25193860 372
25193861 372
25193862 372
25193867 372
25195305 345
25198177 345
25201534 429
25201535 429
25204875 307
25205010 307
25205011 307
25205543 345
25212743 310
25267865 307
25267945 307
25268059 307
25286399 345
25288929 345
25294955 337
25306756 345
25306757 345
25306758 345
25306759 345
25306763 345
25308219 345
25312283 345
25312359 345
25316446 345
25316447 345
25348265 345
25362750 307
25362751 307
25366448 318
25366452 318
25366453 318
25366456 318
25366457 318
25366458 318
25366459 318
25366465 318
25369023 345
25373887 307
25422748 383
25422749 383
25422750 383
25425177 326
25425179 326
25427282 326
25427283 326
25428278 307
25428279 307
25429289 326
25430569 326
25430907 326
25433558 326
25433559 326
25437938 345
25437939 345
25441266 321
25441267 321
25442971 307
25445182 326
25445183 326
25448176 326
25448180 326
25448181 326
25448182 326
25448183 326
25448184 326
25448186 326
25448191 326
25448223 326
25456047 345
25457823 326
25464940 307
25464941 307
25464942 307
25480265 307
25483759 307
25486783 337
25491175 307
25496946 321
25496947 321
25496950 321
25496951 321
25496955 321
25496958 321
25496959 321
25505486 326
25505487 326
25512450 326
25512451 326
25512452 326
25512453 326
25512454 326
25512457 326
25512459 326
25514267 326
25514655 326
25515367 326
25515390 326
25515391 326
25518761 326
25520255 326
25522927 326
25532031 364
25539041 326
25539051 326
25539062 326
25539063 326
25539079 326
25540220 326
25540221 326
25540222 326
25548191 326
25562273 364
25582363 326
25588379 334
25589214 307
25589215 307
25589355 307
25589503 307
25589513 307
25612143 334
25619211 345
25620127 334
25621871 345
25630335 326
25631702 326
25631703 326
25634543 326
25636777 326
25640836 307
25640837 307
25640838 307
25640843 307
25648846 318
25648847 318
25651055 326
25652049 326
25652050 326
25652051 326
25652351 307
25657627 326
25658863 383
25666492 307
25666493 307
25666494 307
25682937 326
25685545 345
25686175 334
25686742 364
25686743 364
25689145 364
25689147 364
25734392 307
25734394 307
25734396 307
25734397 307
25735518 337
25735519 337
25739419 307
25752105 307
25759215 326
25769601 364
25772063 307
25772283 307
25773799 326
25775894 307
25775895 307
25775897 307
25776226 307
25776227 307
25776228 307
25776229 307
25776230 307
25776252 307
25776253 307
25776254 307
25776255 307
25780553 307
25780562 307
25780563 307
25791663 302
25795385 307
25795561 307
25799292 307
25799293 307
25799294 307
25803358 326
25803359 326
25820015 307
25823617 364
25823627 364
25843286 353
25843287 353
25843289 353
25843294 353
25843295 353
25843593 307
25844830 302
25844831 302
25853447 307
25853449 307
25853458 307
25853459 307
25853467 307
25853471 307
25860545 307
25860546 307
25860547 307
25860891 318
25862862 307
25862863 307
25863481 307
25864233 307
25865031 307
25865097 307
25865148 307
25865149 307
25865150 307
25868361 307
25870649 307
25873499 307
25873569 307
25887489 307
25887490 307
25887491 307
25887492 307
25887493 307
25887494 307
25887496 307
25887498 307
25887499 307
25887500 307
25887501 307
25887502 307
25887503 307
25887505 307
25887510 307
25887511 307
25887513 307
25887519 307
25887542 307
25887543 307
25887550 307
25887551 307
25887559 307
25887625 307
25887657 307
25888679 307
25890121 307
25894655 307
25896158 307
25896159 307
25896690 307
25896691 307
25896775 307
25897671 307
25897678 307
25897679 307
25897703 345
25899867 345
25900223 326
25901366 307
25901367 307
25907881 353
25910433 307
25921259 326
25923126 326
25923127 326
25929799 307
25934503 334
25951423 345
25952703 315
25963774 326
25963775 326
25968748 326
25968749 326
25968750 326
25971442 326
25971443 326
25981087 307
25981097 307
25981406 307
25981407 307
25984283 307
25990521 326
26001020 307
26001021 307
26001022 307
26002126 307
26002127 307
26002203 307
26005502 391
26005503 391
26008935 364
26008953 364
26009721 307
26013164 326
26013165 326
26013166 326
26013185 326
26013543 326
26022375 315
26028926 345
26028927 345
26033339 307
26035065 315
26036617 315
26036619 315
26037206 345
26037207 345
26041851 326
26058495 307
26059003 307
26059207 372
26060799 372
26070753 391
26073252 345
26073253 345
26073254 345
26076095 307
26086639 318
26086651 318
26087167 307
26089319 307
26098459 307
26107041 307
26110399 307
26120329 345
26121182 345
26121183 345
26125439 307
26131695 307
26132511 326
26134905 307
26136431 307
26154793 315
26156360 326
26156362 326
26156364 326
26156365 326
26156369 326
26169657 383
26175958 345
26175959 345
26188927 372
26201215 307
26214427 326
26237679 353
26244975 315
26245191 326
26245351 315
26245359 315
26247839 326
26253228 326
26253229 326
26253230 326
26253586 307
26253587 307
26255103 326
26261351 334
26261543 334
26261801 307
26262271 334
26272193 307
26272194 307
26272195 307
26274914 307
26274915 307
26274916 307
26274917 307
26274918 307
26279111 326
26283243 372
26289263 307
26289947 372
26291154 307
26291155 307
26301767 372
26303847 326
26305486 326
26305487 326
26306529 307
26317134 307
26317135 307
26317961 307
26323055 307
26325769 307
26325778 307
26325779 307
26325782 307
26325783 307
26325785 307
26326951 307
26328700 307
26328701 307
26328702 307
26328747 307
26345119 307
26362121 334
26363753 345
26363755 345
26363771 345
26363785 345
26363787 345
26363793 345
26363794 345
26363795 345
26363804 345
26363805 345
26363806 345
26363820 345
26363821 345
26363822 345
26367753 307
26367847 307
26368088 307
26368090 307
26368092 307
26368093 307
26368098 307
26368099 307
26368100 307
26368101 307
26368102 307
26368114 307
26368115 307
26368478 307
26368479 307
26369695 307
26370559 307
26374191 307
26385575 307
26390360 307
26390362 307
26390364 307
26390365 307
26390383 307
26391199 307
26397150 307
26397151 307
26414747 353
26424846 353
26424847 353
26428071 334
26429174 353
26429175 353
26460281 353
26466169 334
26476542 326
26476543 326
26476591 326
26476686 326
26476687 326
26476969 326
26477215 326
26477563 326
26477566 326
26477567 326
26478322 326
26478323 326
26490047 326
26502610 326
26502611 326
26507423 326
26508769 353
26512139 307
26513234 307
26513235 307
26519422 307
26519423 307
26526700 364
26526701 364
26526702 364
26533089 326
26541676 380
26541677 380
26541678 380
26546230 353
26546231 353
26549761 437
26553038 315
26553039 315
26553985 353
26558079 334
26567337 391
26589458 307
26589459 307
26589506 307
26589507 307
26590462 307
26590463 307
26591263 307
26597116 418
26597117 418
26597118 418
26597119 418
26603266 307
26603267 307
26603271 307
26619643 315
26619726 315
26619727 315
26619847 315
26620575 315
26637650 307
26637651 307
26648423 315
26660610 353
26660611 353
26660615 353
26660617 353
26664383 307
26666434 353
26666435 353
26696700 391
26696701 391
26696702 391
26696703 391
26704342 353
26704343 353
26716671 413
26722843 326
26723464 326
26723466 326
26723468 326
26723469 326
26723472 326
26723476 326
26723477 326
26723478 326
26723479 326
26723480 326
26723482 326
26723499 326
26723500 326
26723501 326
26723502 326
26723510 326
26723511 326
26723519 326
26735841 326
26747388 364
26747389 364
26747390 364
26761327 326
26763401 307
26766695 307
26782809 391
26785371 334
26785823 307
26788639 315
26789147 307
26789703 334
26791593 334
26794198 334
26794199 334
26794818 307
26794819 307
26794849 307
26795723 307
26795775 315
26797991 307
26797993 307
26798814 353
26798815 353
26798817 353
26800987 391
26806447 334
26809568 334
26809576 334
26809578 334
26809584 334
26809585 334
26809588 334
26809589 334
26809601 334
26809602 334
26809603 334
26809607 334
26821289 334
26826991 326
26827248 315
26827252 315
26827253 315
26827256 315
26827258 315
26837695 307
26837905 307
26837906 307
26837907 307
26837910 307
26837911 307
26837913 307
26837916 307
26837917 307
26837918 307
26837921 307
26837927 307
26837929 307
26838201 307
26838203 307
26838343 307
26838806 307
26838807 307
26838809 307
26838811 307
26838887 307
26839374 307
26839375 307
26839377 307
26839378 307
26839379 307
26839417 307
26843342 383
26843343 383
26847087 315
26854555 315
26857014 307
26857015 307
26860982 329
26860983 329
26862889 307
26869974 334
26869975 334
26870855 315
26874623 315
26877313 334
26879227 334
26880411 334
26882119 334
26883961 334
26885532 334
26885533 334
26885534 334
26887327 334
26895090 307
26895091 307
26903806 361
26903807 361
26905327 334
26905339 334
26905340 334
26905341 334
26905342 334
26906569 334
26908412 334
26908413 334
26908414 334
26915922 334
26915923 334
26916265 334
26929801 372
26957302 342
26957303 342
26958447 315
26958497 315
26968223 334
26972831 353
26973321 315
26998313 315
27011753 326
27012566 315
27012567 315
27012574 315
27012575 315
27016347 315
27021003 326
27024368 334
27024372 334
27024373 334
27024376 334
27024378 334
27024697 315
27025919 334
27027518 334
27027519 334
27039595 315
27042663 315
27059666 353
27059667 353
27060331 342
27060335 342
27063463 372
27068575 334
27087433 307
27088120 307
27088122 307
27088124 307
27088125 307
27094123 307
27103710 380
27103711 380
27106303 334
27111126 315
27111127 315
27112315 345
27126436 307
27126437 307
27126438 307
27148223 372
27150814 315
27150815 315
27154849 315
27154857 315
27155231 315
27156571 315
27157119 315
27159758 315
27159759 315
27159766 315
27159767 315
27164443 334
27167998 310
27167999 310
27175289 315
27175382 315
27175383 315
27175390 315
27175391 315
27175423 315
27179503 315
27183778 334
27183779 334
27183780 334
27183781 334
27183782 334
27191633 307
27191634 307
27191635 307
27209575 364
27225846 361
27225847 361
27225851 361
27227464 310
27227466 310
27227468 310
27227469 310
27227473 310
27236558 315
27236559 315
27236561 315
27236562 315
27236563 315
27236574 315
27236575 315
27236577 315
27244024 315
27244026 315
27244028 315
27244029 315
27246363 315
27257499 315
27272408 315
27272410 315
27272412 315
27272413 315
27272420 315
27272421 315
27272422 315
27272425 315
27272427 315
27272431 315
27272446 315
27272447 315
27272476 315
27272477 315
27272478 315
27272489 315
27272559 315
27273666 315
27273667 315
27281547 315
27283113 315
27283147 315
27285831 334
27287035 315
27297215 353
27307990 334
27307991 334
27339769 353
27341118 323
27341119 323
27348415 334
27351217 307
27351218 307
27351219 307
27351225 307
27351231 307
27352779 334
27358018 334
27358019 334
27360857 334
27373737 315
27374439 315
27374623 334
27384423 307
27389167 315
27392018 315
27392019 315
27393086 315
27393087 315
27393185 315
27393191 315
27400359 372
27401182 315
27401183 315
27401343 334
27404804 334
27404805 334
27404806 334
27404811 334
27404814 334
27404815 334
27409023 334
27421419 353
27422335 315
27423983 315
27426066 315
27426067 315
27427887 323
27430136 353
27430138 353
27430140 353
27430141 353
27432700 353
27432701 353
27432702 353
27450878 315
27450879 315
27454695 315
27460455 315
27470875 315
27471111 315
27473918 353
27473919 353
27482219 326
27514110 315
27514111 315
27517993 353
27530175 334
27534673 315
27534674 315
27534675 315
27549390 353
27549391 353
27554663 315
27555670 334
27555671 334
27570427 307
27576304 353
27576308 353
27576309 353
27576312 353
27576314 353
27587823 307
27587922 307
27587923 307
27597308 342
27597309 342
27597310 342
27597311 342
27613097 315
27635947 334
27649263 334
27657721 334
27657723 334
27657726 334
27657727 334
27660955 334
27680566 315
27680567 315
27680569 315
27688703 334
27691547 304
27692498 307
27692499 307
27692681 307
27696402 380
27696403 380
27712770 334
27712771 334
27712775 334
27721727 315
27724903 315
27731163 304
27731281 315
27731282 315
27731283 315
27734140 315
27734141 315
27734142 315
27734151 315
27734153 315
27734155 315
27734158 315
27734159 315
27734171 315
27734655 315
27737230 315
27737231 315
27774158 353
27774159 353
27774177 353
27774201 353
27774209 353
27774210 353
27774211 353
27774235 353
27776559 342
27778704 315
27778708 315
27778709 315
27778712 315
27778714 315
27778722 315
27778723 315
27778732 315
27778733 315
27778734 315
27781279 315
27802095 304
27802190 315
27802191 315
27803753 304
27803755 304
27803756 304
27803757 304
27803758 304
27805161 304
27809342 315
27809343 315
27814057 304
27827876 361
27827877 361
27827878 361
27840206 380
27840207 380
27841918 342
27841919 342
27842878 334
27842879 334
27843079 361
27844351 342
27857161 307
27857179 307
27893033 334
27893430 334
27893431 334
27894057 334
27894059 334
27894857 334
27907209 334
27920363 315
27920443 334
27920446 334
27920447 334
27929950 304
27929951 304
27931634 315
27931635 315
27938155 315
27941615 342
27945822 372
27945823 372
27952553 334
27961323 304
27961343 304
27963239 361
27966396 361
27966397 361
27966398 361
27974569 361
27988635 399
28000475 304
28000489 304
28011937 315
28012993 315
28012994 315
28012995 315
28017819 304
28019311 304
28019692 304
28019693 304
28019694 304
28019995 304
28020007 426
28020009 426
28026244 304
28026245 304
28026246 304
28026251 304
28026303 304
28026482 315
28026483 315
28026652 304
28026653 304
28026654 304
28030390 304
28030391 304
28035071 315
28038559 380
28041775 304
28043945 323
28045311 334
28062706 315
28062707 315
28068007 361
28074057 323
28090870 315
28090871 315
28093033 361
28098985 380
28106395 342
28118175 342
28122665 307
28124918 399
28124919 399
28125999 304
28132969 361
28143775 315
28144283 315
28151350 323
28151351 323
28153096 334
28153098 334
28153100 334
28153101 334
28153105 334
28153110 334
28153111 334
28153119 334
28153122 334
28153123 334
28153124 334
28153125 334
28153126 334
28153127 334
28153129 334
28153131 334
28153144 334
28153146 334
28153148 334
28153149 334
28153150 334
28153151 334
28153161 334
28153169 334
28153170 334
28153171 334
28177087 342
28178318 372
28178319 372
28204750 342
28204751 342
28218334 342
28218335 342
28221774 323
28221775 323
28222955 342
28223358 315
28223359 315
28227631 342
28228199 315
28232495 361
28243820 342
28243821 342
28243822 342
28243826 342
28243827 342
28243830 342
28243831 342
28243849 342
28256171 342
28262449 323
28262450 323
28262451 323
28262457 323
28262459 323
28273689 315
28273691 315
28273991 315
28274626 315
28274627 315
28274631 315
28275231 315
28275439 315
28275710 315
28275711 315
28290175 369
28301374 315
28301375 315
28307951 342
28309275 315
28312359 323
28325743 342
28327103 353
28332871 315
28333921 315
28343096 369
28343098 369
28343100 369
28343101 369
28344441 342
28344718 342
28344719 342
28347948 342
28347949 342
28347950 342
28347953 342
28347954 342
28347955 342
28349931 342
28351727 426
28355484 304
28355485 304
28355486 304
28355638 304
28355639 304
28355711 304
28355835 342
28364769 342
28392786 342
28392787 342
28398063 323
28400383 323
28414719 380
28426348 304
28426349 304
28426350 304
28426433 304
28426434 304
28426435 304
28426439 304
28426567 304
28450046 342
28450047 342
28456825 334
28457691 323
28470104 342
28470105 342
28470106 342
28470108 342
28470109 342
28470123 342
28470463 323
28471746 342
28471747 342
28476319 342
28481003 342
28506025 315
28508001 350
28508007 350
28516686 342
28516687 342
28516799 342
28518847 304
28533095 304
28536553 315
28536559 315
28537264 315
28537265 315
28537266 315
28537267 315
28537268 315
28537269 315
28537272 315
28537273 315
28537274 315
28553703 388
28561515 323
28562766 353
28562767 353
28577643 315
28580655 304
28587687 304
28600594 380
28600595 380
28603324 323
28603325 323
28603326 323
28603327 323
28604543 323
28605694 323
28605695 323
28605855 323
28606814 304
28606815 304
28607209 304
28607275 304
28607279 304
28607335 304
28607950 323
28607951 323
28607977 323
28607979 323
28609391 323
28609771 323
28610811 304
28612747 323
28612753 323
28612754 323
28612755 323
28613383 304
28613403 304
28614265 304
28617682 342
28617683 342
28620001 380
28621247 361
28621426 318
28621427 318
28623343 304
28625831 323
28629206 323
28629207 323
28629208 323
28629210 323
28629212 323
28629213 323
28629217 323
28638057 342
28647423 304
28648060 304
28648061 304
28648062 304
28665298 304
28665299 304
28669039 304
28682377 369
28684066 318
28684067 318
28684068 318
28684069 318
28684070 318
28684075 318
28684079 318
28693673 323
28694610 304
28694611 304
28694619 304
28701508 323
28701509 323
28701510 323
28701512 323
28701514 323
28701515 323
28701516 323
28701517 323
28703343 323
28703550 323
28703551 323
28704815 323
28708607 323
28728959 350
28729662 350
28729663 350
28731420 323
28731421 323
28731422 323
28731425 323
28731433 323
28731435 323
28731439 323
28731446 323
28731447 323
28731463 323
28731465 323
28731497 323
28732750 323
28732751 323
28736191 350
28741743 323
28742703 323
28742738 323
28742739 323
28743103 323
28750569 304
28754559 342
28756807 323
28757558 361
28757559 361
28760223 323
28768910 342
28768911 342
28780159 323
28786927 331
28787867 304
28788025 304
28788201 304
28788203 304
28814439 323
28818667 304
28821612 342
28821613 342
28821614 342
28827807 342
28835666 323
28835667 323
28836123 304
28838175 323
28841375 323
28845944 304
28845946 304
28845948 304
28845949 304
28845950 304
28845951 304
28849977 304
28854953 315
28858556 323
28858557 323
28858558 323
28858663 323
28864830 323
28864831 323
28867071 304
28867086 323
28867087 323
28870902 342
28870903 342
28870905 342
28874806 304
28874807 304
28889583 304
28893305 323
28896239 342
28897585 361
28897586 361
28897587 361
28900289 361
28900290 361
28900291 361
28932591 315
28951196 304
28951197 304
28951198 304
28952459 334
28956847 304
28971119 304
28978971 323
28983963 304
28983967 304
28990802 361
28990803 361
28993819 304
28997880 304
28997882 304
28997884 304
28997885 304
28998256 304
28998260 304
28998261 304
28998264 304
28998266 304
28998267 304
28998273 304
28998286 304
28998287 304
28998847 304
29000103 304
29000319 304
29000466 304
29000467 304
29003122 304
29003123 304
29003126 304
29003127 304
29003131 304
29003134 304
29003135 304
29007721 323
29008123 323
29018025 304
29019809 304
29019817 304
29020007 304
29023225 361
29024206 304
29024207 304
29028779 323
29034267 323
29048479 304
29051569 361
29051570 361
29051571 361
29051577 361
29051580 361
29051581 361
29051582 361
29051586 361
29051587 361
29062697 388
29073698 350
29073699 350
29073700 350
29073701 350
29073702 350
29073707 350
29074041 304
29074043 304
29085129 304
29085131 304
29085138 304
29085139 304
29085142 304
29085143 304
29085150 304
29085151 304
29085153 304
29085163 304
29093112 304
29093114 304
29093116 304
29093117 304
29093503 315
29095721 304
29096411 304
29096417 304
29096431 304
29097263 304
29098235 304
29098294 304
29098295 304
29098411 304
29101415 331
29101906 304
29101907 304
29103433 304
29104481 304
29105919 304
29107497 304
29107687 304
29107753 304
29107766 304
29107767 304
29115419 342
29123424 304
29123426 304
29123427 304
29123428 304
29123429 304
29123430 304
29123432 304
29123434 304
29123436 304
29123437 304
29123438 304
29123439 304
29123440 304
29123441 304
29123442 304
29123443 304
29123444 304
29123445 304
29123448 304
29123450 304
29123452 304
29123453 304
29123457 304
29123465 304
29123484 304
29123485 304
29123486 304
29123495 304
29123574 304
29123575 304
29123579 304
29123615 304
29123655 304
29126386 304
29126387 304
29131423 304
29132754 304
29132755 304
29133179 304
29133778 304
29133779 304
29134879 304
29134881 304
29134889 304
29135295 304
29137351 342
29139038 304
29139039 304
29139355 304
29141231 312
29146366 350
29146367 350
29149238 304
29149239 304
29161417 323
29163518 323
29163519 323
29169991 342
29170665 388
29172987 312
29173991 315
29174137 315
29208879 315
29209247 323
29214844 323
29214845 323
29214846 323
29217874 323
29217875 323
29221113 323
29221545 304
29227167 304
29228199 304
29228735 304
29229083 304
29231623 304
29232319 304
29239337 323
29251150 304
29251151 304
29252283 304
29252287 304
29252393 304
29252478 304
29252479 304
29255271 304
29255679 304
29256191 388
29256786 304
29256787 304
29260059 361
29260063 361
29260071 361
29260073 361
29260929 304
29260935 304
29260937 304
29261343 323
29262825 323
29264811 323
29264812 323
29264813 323
29264814 323
29264815 323
29264833 323
29264834 323
29264835 323
29282543 342
29287506 304
29287507 304
29289449 312
29289639 323
29290479 323
29291195 312
29291196 312
29291197 312
29291198 312
29291858 342
29291859 342
29294591 342
29297083 323
29314537 304
29316223 304
29316379 304
29316609 369
29329596 388
29329597 388
29329598 388
29331401 350
29332412 342
29332413 342
29332414 342
29347483 315
29347567 304
29360767 304
29370422 304
29370423 304
29372667 304
29373675 350
29374489 304
29375739 304
29385199 342
29385371 342
29385671 342
29386331 342
29389983 304
29395321 304
29396617 323
29398155 304
29401769 304
29403275 304
29414130 342
29414131 342
29424142 312
29424143 312
29425912 323
29425914 323
29425916 323
29425917 323
29432786 323
29432787 323
29440121 304
29440865 380
29447954 342
29447955 342
29457599 380
29491231 323
29498441 312
29511630 323
29511631 323
29512987 323
29518686 312
29518687 312
29518783 312
29526017 312
29534884 323
29534885 323
29534886 323
29534889 323
29535286 304
29535287 304
29544526 304
29544527 304
29553607 304
29556216 304
29556218 304
29556220 304
29556221 304
29557663 304
29559280 304
29559284 304
29559285 304
29559288 304
29559290 304
29561046 304
29561047 304
29561473 304
29564001 323
29568649 369
29575422 304
29575423 304
29576191 369
29577550 304
29577551 304
29589663 369
29593673 323
29594759 304
29594761 304
29594846 304
29594847 304
29595951 369
29606777 304
29607707 304
29616491 304
29616498 304
29616499 304
29616502 304
29616503 304
29616504 304
29616506 304
29616508 304
29616509 304
29616521 304
29616575 304
29619790 304
29619791 304
29619841 304
29619871 350
29622439 350
29657387 331
29659222 342
29659223 342
29659225 342
29659239 342
29659243 342
29659254 342
29659255 342
29659259 342
29659260 342
29659261 342
29659262 342
29659263 342
29659266 342
29659267 342
29659268 342
29659269 342
29659270 342
29659281 342
29659282 342
29659283 342
29659300 342
29659301 342
29659302 342
29660553 304
29663723 304
29664096 304
29664104 304
29664106 304
29664112 304
29664113 304
29664116 304
29664117 304
29664130 304
29664131 304
29664135 304
29664367 304
29664539 304
29666849 304
29668649 304
29685799 380
29689160 304
29689162 304
29689164 304
29689165 304
29689169 304
29696795 304
29716591 350
29727953 350
29727954 350
29727955 350
29732822 350
29732823 350
29738431 331
29738473 323
29742873 369
29754806 350
29754807 350
29754811 350
29754834 350
29754835 350
29754846 350
29754847 350
29755239 323
29767817 350
29774430 331
29774431 331
29774441 331
29783271 350
29786111 323
29786273 323
29786590 323
29786591 323
29786751 323
29787259 323
29787263 323
29788114 323
29788115 323
29799451 304
29802913 304
29807259 323
29809017 304
29815161 304
29815350 304
29815351 304
29815438 323
29815439 323
29816718 304
29816719 304
29822364 350
29822365 350
29822366 350
29826156 304
29826157 304
29826158 304
29827071 331
29827390 304
29827391 304
29827410 369
29827411 369
29834351 304
29842540 361
29842541 361
29842542 361
29849724 323
29849725 323
29849726 323
29859384 377
29859386 377
29859388 377
29859389 377
29861103 350
29864505 350
29864510 350
29864511 350
29868482 434
29868483 434
29872169 312
29873234 350
29873235 350
29881769 315
29888255 388
29913142 304
29913143 304
29913196 304
29913197 304
29913198 304
29913339 304
29914271 304
29915641 304
29915862 304
29915863 304
29921758 415
29921759 415
29922793 304
29928676 304
29928677 304
29928678 304
29931679 304
29935855 331
29939945 304
29939947 304
29947099 312
29947193 312
29951647 312
29967358 304
29967359 304
29969065 350
29993188 350
29993189 350
29993190 350
29993195 350
29999740 350
29999741 350
29999742 350
30004674 350
30004675 350
30008991 358
30031039 323
30033790 388
30033791 388
30042386 350
30042387 350
30063198 323
30063199 323
30063904 323
30063912 323
30063914 323
30063920 323
30063924 323
30063925 323
30063937 323
30063940 323
30063941 323
30063942 323
30063947 323
30063950 323
30063951 323
30077822 323
30077823 323
30090814 361
30090815 361
30099326 304
30099327 304
30108827 304
30129391 304
30130660 388
30130661 388
30130662 388
30133543 331
30133545 331
30137217 312
30137791 304
30140543 331
30141799 312
30143471 331
30143474 331
30143475 331
30144078 304
30144079 304
30144172 304
30144173 304
30144174 304
30144182 304
30144183 304
30144206 304
30144207 304
30144425 304
30145188 304
30145189 304
30145190 304
30147743 304
30148667 350
30148670 350
30148671 350
30151111 388
30152617 326
30157250 331
30157251 331
30160784 331
30160788 331
30160789 331
30160792 331
30160794 331
30160802 331
30160803 331
30160804 331
30160805 331
30160806 331
30160815 331
30173951 331
30180664 312
30180666 312
30180668 312
30180669 312
30192644 304
30192645 304
30192646 304
30192648 304
30192650 304
30192651 304
30192652 304
30192653 304
30192657 304
30192658 304
30192659 304
30192662 304
30192663 304
30192671 304
30192977 304
30192978 304
30192979 304
30193206 304
30193207 304
30193656 304
30193658 304
30193660 304
30193661 304
30193662 304
30193663 304
30194297 304
30194300 304
30194301 304
30194302 304
30194303 304
30194331 304
30194345 304
30194463 304
30194823 304
30198761 380
30211375 312
30214140 304
30214141 304
30214142 304
30216831 377
30218603 326
30218604 326
30218605 326
30218606 326
30218607 326
30218617 326
30220750 304
30220751 304
30228722 331
30228723 331
30236977 331
30236978 331
30236979 331
30236985 331
30239131 331
30239591 331
30240383 312
30240462 331
30240463 331
30244457 331
30246226 331
30246227 331
30250311 331
30255855 304
30256978 304
30256979 304
30266783 358
30268507 331
30268510 331
30268511 331
30268537 331
30268575 331
30269889 331
30269890 331
30269891 331
30271966 331
30271967 331
30279337 331
30280414 331
30280415 331
30280798 331
30280799 331
30280807 331
30289919 331
30296027 369
30300015 304
30322159 304
30326966 339
30326967 339
30328039 312
30328047 312
30328299 312
30328310 312
30328311 312
30344987 312
30358177 304
30373103 312
30378313 331
30388223 323
30388975 350
30389137 312
30389138 312
30389139 312
30389147 312
30393391 312
30398628 323
30398629 323
30398630 323
30401249 331
30401502 331
30401503 331
30402424 331
30402426 331
30402428 331
30402429 331
30402785 312
30405959 331
30409038 331
30409039 331
30419545 312
30442126 350
30442127 350
30442873 339
30443545 369
30443551 369
30446393 369
30448391 304
30461211 312
30469287 396
30473361 304
30473362 304
30473363 304
30474140 304
30474141 304
30474142 304
30480889 304
30491675 377
30500017 312
30500018 312
30500019 312
30500025 312
30501355 342
30505977 312
30517244 304
30517245 304
30517246 304
30544667 312
30544927 312
30549206 312
30549207 312
30549211 312
30549214 312
30549215 312
30549601 312
30549615 312
30549633 312
30551143 312
30551550 312
30551551 312
30551931 312
30554729 312
30554738 312
30554739 312
30555817 312
30559359 331
30559999 331
30562473 369
30563999 307
30568699 312
30572201 312
30572306 312
30572307 312
30572315 312
30576939 312
30581752 331
30581754 331
30581756 331
30581757 331
30590588 304
30590589 304
30590590 304
30590591 304
30601499 312
30605767 369
30605778 369
30605779 369
30625959 312
30629078 358
30629079 358
30629083 358
30629089 358
30630904 307
30630906 307
30630908 307
30630909 307
30641121 312
30641129 312
30641132 312
30641133 312
30641134 312
30641145 312
30641147 312
30641148 312
30641149 312
30641150 312
30641151 312
30649532 312
30649533 312
30649534 312
30652159 312
30652281 312
30654990 312
30654991 312
30660777 312
30664687 312
30664886 312
30664887 312
30666495 312
30673033 350
30681464 312
30681466 312
30681468 312
30681469 312
30681473 312
30681474 312
30681475 312
30681476 312
30681477 312
30681478 312
30681479 312
30681481 312
30681483 312
30681486 312
30681487 312
30681503 312
30681531 312
30681538 312
30681539 312
30681550 312
30681551 312
30682351 312
30682876 312
30682877 312
30682878 312
30684587 312
30689961 312
30691740 312
30691741 312
30691742 312
30692379 312
30692473 312
30693503 312
30693540 312
30693541 312
30693542 312
30697915 312
30698249 312
30707247 312
30721490 331
30721491 331
30723705 331
30739071 396
30743791 377
30757241 350
30758759 320
30767175 331
30770120 304
30770122 304
30770124 304
30770125 304
30770129 304
30771876 331
30771877 331
30771878 331
30777772 331
30777773 331
30777774 331
30780411 331
30780964 331
30780965 331
30780966 331
30780975 331
30791847 312
30792398 312
30792399 312
30792411 312
30792777 312
30795455 312
30796187 312
30799087 312
30799591 312
30816022 312
30816023 312
30816025 312
30817223 312
30817334 312
30817335 312
30820255 396
30821334 396
30821335 396
30825415 369
30826331 312
30830408 331
30830410 331
30830412 331
30830413 331
30830417 331
30830441 331
30849097 350
30854326 312
30854327 312
30858215 320
30858908 350
30858909 350
30858910 350
30861790 350
30861791 350
30882239 312
30884985 377
30901633 350
30904735 312
30905001 312
30905159 312
30908159 350
30917497 323
30918123 312
30920673 312
30945657 312
30947487 312
30953375 312
30957503 434
30957743 350
30958439 350
30962287 312
30963483 312
30976508 312
30976509 312
30976510 312
30983963 304
30993065 350
30994927 377
30997755 304
30998511 312
31000129 331
31000130 331
31000131 331
31016731 304
31023352 350
31023354 350
31023356 350
31023357 350
31033519 388
31036414 304
31036415 304
31046974 339
31046975 339
31053291 312
31064735 312
31089470 331
31089471 331
31090441 331
31096575 320
31114937 331
31114939 331
31114943 331
31115361 312
31117159 331
31118575 331
31118814 396
31118815 396
31124562 339
31124563 339
31124790 339
31124791 339
31125097 312
31134663 312
31137415 312
31139294 301
31139295 301
31140636 312
31140637 312
31140638 312
31140641 312
31144609 304
31152990 301
31152991 301
31153929 304
31154062 304
31154063 304
31154079 304
31154267 304
31155337 304
31158454 377
31158455 377
31159886 312
31159887 312
31160607 301
31176868 331
31176869 331
31176870 331
31191318 304
31191319 304
31191321 304
31191657 312
31191711 312
31197558 301
31197559 301
31197692 312
31197693 312
31197694 312
31198767 301
31198791 301
31200359 312
31200910 312
31200911 312
31200921 312
31200923 312
31200924 312
31200925 312
31200926 312
31200929 312
31200943 312
31204385 312
31204443 312
31207177 358
31212959 323
31243995 339
31245929 350
31245931 350
31245948 350
31245949 350
31245950 350
31245966 350
31245967 350
31245977 350
31245986 350
31245987 350
31245988 350
31245989 350
31245990 350
31245991 350
31246009 350
31246011 350
31246015 350
31247337 312
31247343 312
31251056 312
31251060 312
31251061 312
31251064 312
31251066 312
31251076 312
31251077 312
31251078 312
31251079 312
31251081 312
31251083 312
31251097 312
31251183 312
31251529 312
31252971 312
31253995 312
31273927 388
31275759 320
31277462 312
31277463 312
31277465 312
31278457 312
31279218 301
31279219 301
31279222 301
31279223 301
31279225 301
31279228 301
31279229 301
31279230 301
31279231 301
31280807 301
31285511 312
31290815 301
31306364 358
31306365 358
31306366 358
31320233 377
31322159 339
31323239 331
31323465 358
31326235 358
31329374 339
31329375 339
31333095 331
31334055 377
31339307 304
31339326 304
31339327 304
31346631 358
31355647 385
31367310 339
31367311 339
31379662 331
31379663 331
31380110 331
31380111 331
31380814 331
31380815 331
31380817 331
31380818 331
31380819 331
31381713 331
31381714 331
31381715 331
31390143 301
31393659 312
31395611 331
31404191 358
31410409 312
31410498 331
31410499 331
31410503 331
31416063 331
31417799 358
31421195 301
31421793 312
31423090 312
31423091 312
31430425 312
31439051 369
31446622 331
31446623 331
31456489 301
31456491 301
31456801 385
31462198 358
31462199 358
31466382 442
31466383 442
31470267 320
31470558 320
31470559 320
31471391 358
31487215 396
31500534 301
31500535 301
31500537 301
31500546 301
31500547 301
31500551 301
31513430 312
31513431 312
31514616 312
31514618 312
31514620 312
31514621 312
31520047 301
31521705 301
31522156 301
31522157 301
31522158 301
31522159 301
31522495 301
31522507 423
31522510 423
31522511 423
31523227 301
31529528 301
31529530 301
31529532 301
31529533 301
31529794 312
31529795 312
31529986 301
31529987 301
31529991 301
31529993 301
31534188 301
31534189 301
31534190 301
31534191 301
31544859 301
31549305 320
31549439 320
31550311 320
31570546 312
31570547 312
31572347 358
31576233 358
31583314 320
31583315 320
31596571 358
31602230 312
31602231 312
31604662 358
31604663 358
31611358 377
31611359 377
31613065 304
31616359 377
31619695 339
31637999 304
31640534 396
31640535 396
31649590 358
31649591 358
31662319 312
31669407 320
31670270 320
31670271 320
31672240 331
31672244 331
31672245 331
31672248 331
31672250 331
31672257 331
31672264 331
31672266 331
31672267 331
31672268 331
31672269 331
31672270 331
31672271 331
31672273 331
31672292 331
31672293 331
31672294 331
31672295 331
31672306 331
31672307 331
31672316 331
31672317 331
31672318 331
31700609 369
31709275 312
31709577 312
31719585 312
31720091 415
31723489 312
31730345 339
31742587 396
31745627 339
31749497 320
31750098 312
31750099 312
31750759 339
31750825 339
31751279 312
31752999 339
31756086 339
31756087 339
31756831 312
31756857 312
31757895 312
31770603 339
31774296 339
31774298 339
31774300 339
31774301 339
31774306 339
31774307 339
31774308 339
31774309 339
31774310 339
31774326 339
31774327 339
31774331 339
31774343 339
31774345 339
31788193 339
31795256 320
31795258 320
31795260 320
31795261 320
31795265 320
31795266 320
31795267 320
31807886 312
31807887 312
31807900 312
31807901 312
31807902 312
31807903 312
31807905 312
31807913 312
31807915 312
31808955 312
31808956 312
31808957 312
31808958 312
31809051 312
31809151 396
31809633 312
31809678 312
31809679 312
31810175 312
31814331 388
31830535 312
31837497 312
31839047 312
31845895 339
31846939 320
31847934 312
31847935 312
31864334 339
31864335 339
31875662 312
31875663 312
31885988 366
31885989 366
31885990 366
31887497 339
31887807 339
31887809 339
31887810 339
31887811 339
31891440 339
31891444 339
31891445 339
31891448 339
31891450 339
31893673 339
31899627 301
31899922 301
31899923 301
31900092 301
31900093 301
31900094 301
31900095 301
31900315 339
31900766 339
31900767 339
31909878 304
31909879 304
31909881 304
31910047 304
31910366 339
31910367 339
31941886 339
31941887 339
31949393 347
31949394 347
31949395 347
31950811 320
31952382 320
31952383 320
31962337 339
31967798 358
31967799 358
31979644 301
31979645 301
31979646 301
31979736 301
31979738 301
31979740 301
31979741 301
31979967 301
31984489 301
31984507 301
32003103 339
32006303 339
32013929 331
32014902 320
32014903 320
32028868 339
32028869 339
32028870 339
32028872 339
32028874 339
32028876 339
32028877 339
32028889 339
32028894 339
32028895 339
32030716 339
32030717 339
32030718 339
32041129 339
32046926 320
32046927 320
32047431 358
32069279 312
32070715 358
32071502 347
32071503 347
32071506 347
32071507 347
32075214 377
32075215 377
32081273 339
32083675 301
32103623 312
32104416 312
32104424 312
32104426 312
32104432 312
32104433 312
32104436 312
32104437 312
32113823 301
32113825 301
32131705 320
32133113 350
32137983 320
32149849 312
32149854 312
32149855 312
32163465 301
32164287 339
32175670 377
32175671 377
32178742 320
32178743 320
32181407 320
32182667 301
32183111 301
32183185 301
32183186 301
32183187 301
32183199 301
32183945 320
32183975 320
32183977 320
32185513 301
32185993 320
32186215 320
32187163 301
32189340 320
32189341 320
32189342 320
32189343 320
32189348 320
32189349 320
32189350 320
32190057 301
32190079 301
32190121 301
32191049 301
32194894 339
32194895 339
32197502 377
32197503 377
32199106 315
32199107 315
32207858 320
32207859 320
32207864 320
32207866 320
32207868 320
32207869 320
32207870 320
32207871 320
32208031 320
32217809 339
32217810 339
32217811 339
32217814 339
32217815 339
32229070 301
32229071 301
32233215 331
32238383 301
32242415 301
32248462 301
32248463 301
32252667 301
32261241 301
32261247 301
32267675 366
32269576 315
32269578 315
32269580 315
32269581 315
32269585 315
32269590 315
32269591 315
32269599 315
32280382 320
32280383 320
32281438 301
32281439 301
32281447 301
32286006 301
32286007 301
32289200 320
32289204 320
32289205 320
32289208 320
32289210 320
32289217 320
32291495 320
32301225 320
32320871 347
32322850 320
32322851 320
32322852 320
32322853 320
32322854 320
32322859 320
32322863 320
32322865 320
32322866 320
32322867 320
32322873 320
32322878 320
32322879 320
32322897 320
32322898 320
32322899 320
32322934 320
32322935 320
32323038 320
32323039 320
32324345 320
32335582 320
32335583 320
32340463 320
32344391 301
32352252 358
32352253 358
32352254 358
32365025 339
32385705 328
32386343 301
32386351 301
32386465 301
32386529 301
32386651 301
32386663 301
32386727 301
32386729 301
32386887 301
32388318 301
32388319 301
32388321 301
32415369 328
32416257 312
32421001 301
32424312 339
32424314 339
32424316 339
32424317 339
32427099 339
32427681 339
32439727 320
32440126 320
32440127 320
32440638 301
32440639 301
32443719 320
32451692 301
32451693 301
32451694 301
32451695 301
32456225 301
32461822 312
32461823 312
32464617 320
32465878 320
32465879 320
32466002 320
32466003 320
32472423 320
32472935 320
32475473 320
32475474 320
32475475 320
32479766 339
32479767 339
32479769 339
32484158 301
32484159 301
32500767 301
32502497 320
32504967 320
32504969 320
32509065 328
32509087 328
32509784 358
32509786 358
32509788 358
32509789 358
32512824 358
32512826 358
32512828 358
32512829 358
32515943 328
32558073 320
32567337 301
32569671 301
32570098 301
32570099 301
32571516 331
32571517 331
32571518 331
32591529 377
32601342 320
32601343 320
32603113 320
32606959 301
32610281 366
32614651 358
32614654 358
32614655 358
32618043 301
32618046 301
32618047 301
32618823 301
32622620 301
32622621 301
32622622 301
32622625 301
32623048 301
32623050 301
32623051 301
32623052 301
32623053 301
32623057 301
32623058 301
32623059 301
32623073 301
32623083 301
32625526 301
32625527 301
32628514 301
32628515 301
32628516 301
32628517 301
32628518 301
32628523 301
32628527 301
32633686 320
32633687 320
32634139 320
32645259 301
32645279 301
32645287 301
32647131 301
32647286 301
32647287 301
32647289 301
32647291 301
32647295 301
32651129 358
32652233 301
32656615 328
32657377 320
32658571 339
32663551 320
32678457 301
32683016 358
32683018 358
32683020 358
32683021 358
32683025 358
32683030 358
32683031 358
32683036 358
32683037 358
32683038 358
32695535 385
32696679 312
32696798 312
32696799 312
32707912 347
32707914 347
32707916 347
32707917 347
32707921 347
32707922 347
32707923 347
32708297 301
32708299 301
32720770 301
32720771 301
32720772 301
32720773 301
32720774 301
32720775 301
32720782 301
32720783 301
32720785 301
32720786 301
32720787 301
32720795 301
32720796 301
32720797 301
32720798 301
32720809 301
32721913 301
32726633 320
32729756 301
32729757 301
32729758 301
32732137 301
32732686 301
32732687 301
32733275 301
32733462 301
32733463 301
32733465 301
32733468 301
32733469 301
32733470 301
32733561 301
32733577 301
32733631 301
32735431 301
32735515 301
32735582 301
32735583 301
32735713 301
32735721 301
32735727 301
32739646 301
32739647 301
32740473 301
32741362 301
32741363 301
32741694 328
32741695 328
32742542 301
32742543 301
32743167 301
32745193 301
32745934 301
32745935 301
32746223 301
32746236 301
32746237 301
32746238 301
32746239 301
32754847 339
32758783 328
32763840 301
32763856 301
32763860 301
32763861 301
32763864 301
32763866 301
32763868 301
32763869 301
32763872 301
32763874 301
32763875 301
32763880 301
32763882 301
32763884 301
32763885 301
32763886 301
32763889 301
32763890 301
32763891 301
32763894 301
32763895 301
32763897 301
32763899 301
32763922 301
32763923 301
32763943 301
32763951 301
32764022 301
32764023 301
32764027 301
32764033 301
32764795 301
32764878 301
32764879 301
32767185 301
32767186 301
32767187 301
32769474 301
32769475 301
32774350 301
32774351 301
32774817 301
32774823 301
32774827 301
32775502 301
32775503 301
32775606 301
32775607 301
32776705 301
32776740 301
32776741 301
32776742 301
32776743 301
32776745 301
32776751 301
32776873 301
32779527 339
32781417 301
32781419 301
32781774 301
32781775 301
32783353 339
32788713 301
32789663 347
32792894 301
32792895 301
32796699 301
32800303 320
32802697 301
32806594 320
32806595 320
32808959 320
32816999 385
32817183 339
32817403 301
32818159 301
32819419 301
32819439 301
32819611 309
32820737 312
32820905 312
32820955 312
32825115 347
32826281 320
32826875 320
32840427 301
32840431 301
32844769 339
32855378 320
32855379 320
32866702 320
32866703 320
32869513 320
32870025 320
32870091 320
32870107 320
32870110 320
32870111 320
32870113 320
32873753 320
32874239 301
32882313 301
32882719 301
32882745 301
32882747 301
32885575 301
32885577 301
32885582 301
32885583 301
32889225 301
32889279 301
32894255 320
32905131 301
32907542 301
32907543 301
32907545 301
32908818 301
32908819 301
32908942 301
32908943 301
32909039 301
32912155 301
32912367 301
32913617 301
32913618 301
32913619 301
32913886 301
32913887 301
32915454 301
32915455 301
32917543 358
32917566 358
32917567 358
32917582 358
32917583 358
32917611 358
32917615 358
32917863 301
32918546 301
32918547 301
32918553 301
32918555 301
32918559 301
32920679 320
32922913 320
32922914 320
32922915 320
32922916 320
32922917 320
32922918 320
32922936 320
32922937 301
32922938 320
32922940 320
32922941 320
32922951 320
32923391 320
32934569 309
32941710 301
32941711 301
32942151 301
32942919 301
32948446 301
32948447 301
32950631 309
32950742 320
32950743 320
32952594 309
32952595 309
32952598 309
32952599 309
32952601 309
32953342 339
32953343 339
32953503 339
32959218 320
32959219 320
32978855 301
32980927 301
32981185 366
32981186 366
32981187 366
32981191 366
32983999 339
32995798 385
32995799 385
32997826 347
32997827 347
32998966 339
32998967 339
33002727 301
33006601 301
33009255 301
33015915 312
33015919 312
33019295 301
33020937 301
33041289 301
33041490 301
33041491 301
33041726 301
33041727 301
33042047 301
33044251 301
33045385 347
33046300 301
33046301 301
33046302 301
33047707 301
33047899 301
33054215 301
33058409 339
33058543 339
33059623 339
33059625 339
33060571 339
33069737 301
33071195 320
33072924 301
33072925 301
33072926 301
33072927 301
33073151 320
33076991 301
33078684 301
33078685 301
33078686 301
33078921 301
33090894 339
33090895 339
33090897 339
33090898 339
33090899 339
33092847 320
33102161 309
33102162 309
33102163 309
33102414 301
33102415 301
33103015 301
33104156 320
33104157 320
33104158 320
33111886 320
33111887 320
33115986 347
33115987 347
33120091 301
33120137 301
33120974 377
33120975 377
33127727 339
33128950 339
33128951 339
33139369 309
33145358 366
33145359 366
33169003 301
33185746 309
33185747 309
33200585 320
33202111 320
33202207 320
33207999 309
33208523 309
33216289 309
33216297 309
33216359 309
33216571 320
33216770 309
33216771 309
33216775 309
33221201 309
33221202 309
33221203 309
33226748 320
33226749 320
33226750 320
33226751 320
33227196 301
33227197 301
33227198 301
33237023 328
33237266 328
33237267 328
33237593 301
33238887 339
33250411 301
33250748 301
33250749 301
33250750 301
33254200 301
33254202 301
33254204 301
33254205 301
33256178 301
33256179 301
33256657 301
33256658 301
33256659 301
33259500 320
33259501 320
33259502 320
33264731 366
33265785 366
33272351 301
33272955 328
33274139 301
33274745 301
33274747 301
33286921 366
33288175 366
33292881 320
33292882 320
33292883 320
33294105 301
33294107 301
33294171 301
33294203 301
33301319 301
33307625 301
33308670 301
33308671 301
33318527 301
33318553 301
33318562 301
33318563 301
33318564 301
33318565 301
33318566 301
33318572 301
33318573 301
33318574 301
33318582 301
33318583 301
33318585 301
33318587 301
33318591 301
33322265 301
33322322 301
33322323 301
33333234 404
33333235 404
33342777 366
33356187 320
33364561 328
33364562 328
33364563 328
33366626 339
33366627 339
33366628 339
33366629 339
33366630 339
33366649 339
33366660 339
33366661 339
33366662 339
33366663 339
33366667 339
33366670 339
33366671 339
33366672 339
33366676 339
33366677 339
33366680 339
33366682 339
33366690 339
33366691 339
33366692 339
33366693 339
33366694 339
33366716 339
33366717 339
33366718 339
33368123 301
33368135 301
33368511 301
33371689 301
33371807 301
33372128 301
33372136 301
33372138 301
33372144 301
33372145 301
33372148 301
33372149 301
33372607 301
33375204 301
33375205 301
33375206 301
33375369 301
33377230 301
33377231 301
33377257 301
33395065 347
33400312 301
33400314 301
33400315 301
33400316 301
33400317 301
33400329 301
33408894 301
33408895 301
33427851 347
33440751 404
33443948 347
33443949 347
33443950 347
33449426 347
33449427 347
33452699 328
33453609 328
33454969 347
33454971 347
33455103 320
33455643 320
33455783 320
33460732 366
33460733 366
33460734 366
33474156 347
33474157 347
33474158 347
33474159 347
33474162 347
33474163 347
33474169 347
33474190 347
33474191 347
33474203 347
33474207 347
33488795 347
33496235 328
33496246 328
33496247 328
33509558 320
33509559 320
33509915 320
33510667 320
33511630 320
33511631 320
33524217 301
33524223 301
33524377 301
33524383 301
33528278 301
33528279 301
33529074 301
33529075 301
33533167 320
33533569 301
33535145 301
33542057 301
33542268 301
33542269 301
33542270 301
33542369 320
33543809 301
33550162 347
33550163 347
33554428 301
33554429 301
33554430 301
33555815 301
33555838 366
33555839 366
33562527 328
33563111 301
33572860 358
33572861 358
33572862 358
33580942 320
33580943 320
33591812 374
33591813 374
33591814 374
33591819 374
33591822 374
33591823 374
33593739 347
33597569 347
33597575 347
33602044 431
33602045 431
33602046 431
33606191 309
33606681 309
33607390 347
33607391 347
33616987 312
33616990 312
33616991 312
33616999 312
33652286 301
33652287 301
33652348 301
33652349 301
33652350 301
33652507 301
33655017 301
33655035 301
33655097 301
33655195 301
33655262 301
33655263 301
33655345 301
33655346 301
33655347 301
33658619 355
33660927 328
33661979 412
33663143 301
33669721 301
33669723 301
33669764 301
33669765 301
33669766 301
33669771 301
33669774 301
33669775 301
33672831 301
33676059 301
33682434 301
33682435 301
33682439 301
33682441 301
33684679 301
33690486 309
33690487 309
33690587 309
33690593 309
33690745 309
33695591 309
33695611 309
33713279 301
33713377 301
33713391 301
33715198 347
33715199 347
33726463 347
33726606 339
33726607 339
33726911 309
33742340 347
33742341 347
33742342 347
33742345 347
33742347 347
33742350 347
33742351 347
33744295 347
33744999 301
33745001 301
33749710 347
33749711 347
33755260 347
33755261 347
33755262 347
33778407 347
33788015 385
33797686 347
33797687 347
33810523 301
33817001 309
33821099 320
33821920 320
33821928 320
33821930 320
33821936 320
33821937 320
33821940 320
33821941 320
33821942 320
33821943 320
33821945 320
33821953 320
33831849 309
33837551 320
33850855 301
33852167 358
33858687 301
33861743 301
33869799 320
33872431 301
33881703 309
33881839 355
33883574 301
33883575 301
33895527 301
33895551 301
33896996 385
33896997 385
33896998 385
33900235 328
33900238 328
33900239 328
33903042 328
33903043 328
33904370 309
33904371 309
33904891 309
33904923 309
33905718 328
33905719 328
33907425 328
33911403 328
33911407 328
33911410 328
33911411 328
33912089 301
33912167 309
33912196 301
33912197 301
33912198 301
33912203 301
33912206 301
33912207 301
33912219 301
33912233 301
33912479 301
33912495 301
33913340 301
33913341 301
33913342 301
33915839 301
33917250 347
33917251 347
33917255 347
33918063 309
33921689 323
33921695 323
33921819 301
33923961 309
33926908 328
33926909 328
33926910 328
33928295 328
33930896 328
33930900 328
33930901 328
33930904 328
33930906 328
33930908 328
33930909 328
33930910 328
33930914 328
33930915 328
33930921 328
33930923 328
33933481 301
33953252 309
33953253 309
33953254 309
33955311 301
33962401 301
33966439 301
33966591 301
33966728 301
33966730 301
33966732 301
33966733 301
33966736 301
33966740 301
33966741 301
33966742 301
33966743 301
33966744 301
33966746 301
33967100 301
33967101 301
33967102 301
33967279 301
33967358 301
33967359 301
33967551 339
33967868 301
33967869 301
33967870 301
33967871 301
33968361 301
33968585 301
33968590 301
33968591 301
33968623 301
33968635 301
33968639 301
33969177 301
33971135 301
33973607 377
33973686 309
33973687 309
33978345 309
33982377 339
33983771 309
33988233 309
33990910 301
33990911 301
33995929 323
33995932 323
33995933 323
33995934 323
33995945 323
33998343 301
33998345 301
33999999 301
34006183 301
34007314 328
34007315 328
34008063 301
34008427 309
34011295 328
34016600 328
34016601 328
34016602 328
34016604 328
34016605 328
34016609 328
34016623 328
34019022 328
34019023 328
34020489 328
34020521 328
34021627 328
34022683 328
34025014 328
34025015 328
34027006 328
34027007 328
34030569 328
34039102 301
34039103 301
34052054 328
34052055 328
34052059 328
34052071 328
34052075 328
34052082 328
34052083 328
34052105 328
34052335 328
34053624 328
34053626 328
34053628 328
34053629 328
34055963 328
34057707 355
34064254 328
34064255 328
34065467 328
34065639 328
34065899 328
34070695 328
34083030 366
34083031 366
34096487 347
34107303 412
34109817 328
34115311 301
34116127 309
34117838 336
34117839 336
34118953 309
34119015 309
34119337 309
34119350 309
34119351 309
34138111 309
34151977 301
34152950 301
34152951 301
34160169 336
34162494 347
34162495 347
34168879 309
34175602 328
34175603 328
34179390 328
34179391 328
34182369 328
34187780 309
34187781 309
34187782 309
34187787 309
34187790 309
34187791 309
34198460 320
34198461 320
34198462 320
34201406 328
34201407 328
34201691 328
34202732 328
34202733 328
34202734 328
34202859 328
34203134 309
34203135 309
34210169 328
34211817 385
34212843 328
34221988 309
34221989 309
34221990 309
34247393 347
34248233 336
34248988 366
34248989 366
34248990 366
34252193 366
34254441 301
34259550 301
34259551 301
34268863 309
34280223 301
34282532 301
34282533 301
34282534 301
34283409 301
34283410 301
34283411 301
34290415 320
34291001 301
34303135 374
34312520 309
34312522 309
34312524 309
34312525 309
34312529 309
34314025 339
34319225 309
34331902 301
34331903 301
34345447 328
34351707 309
34354863 374
34358511 374
34359471 366
34362750 309
34362751 309
34365065 328
34367858 309
34367859 309
34367862 309
34367863 309
34367867 309
34368300 309
34368301 309
34368302 309
34368305 309
34368306 309
34368307 309
34368315 309
34368337 309
34368338 309
34368339 309
34369003 309
34370495 309
34370923 309
34374070 309
34374071 309
34374075 309
34374082 309
34374083 309
34375295 309
34382783 366
34385063 393
34389787 309
34393727 309
34393846 309
34393847 309
34393851 309
34393855 309
34394081 309
34396297 301
34399057 309
34399058 309
34399059 309
34404476 328
34404477 328
34404478 328
34410983 328
34412315 320
34414414 301
34414415 301
34426686 309
34426687 309
34431489 366
34431502 366
34431503 366
34457714 355
34457715 355
34457718 355
34457719 355
34457724 355
34457725 355
34457726 355
34459772 304
34459773 304
34459774 304
34471262 309
34471263 309
34471265 309
34471271 309
34471275 309
34471276 309
34471277 309
34471278 309
34471279 309
34471289 309
34471291 309
34471294 309
34471295 309
34480726 309
34480727 309
34480729 309
34482943 309
34483199 309
34483817 309
34484635 309
34484641 309
34486719 309
34486865 309
34486866 309
34486867 309
34491147 309
34492959 309
34493307 336
34493375 309
34494198 309
34494199 309
34497775 309
34497998 309
34497999 309
34498095 309
34507163 347
34516652 309
34516653 309
34516654 309
34516656 309
34516657 309
34516658 309
34516659 309
34516660 309
34516661 309
34516664 309
34516665 309
34516666 309
34516667 309
34516668 309
34516669 309
34516670 309
34516671 309
34516673 309
34516679 309
34516681 309
34516683 309
34516699 309
34516722 309
34516723 309
34516732 309
34516733 309
34516734 309
34516745 309
34516833 309
34516927 309
34518238 309
34518239 309
34520161 309
34526206 309
34526207 309
34528210 309
34528211 309
34528921 309
34528927 309
34529023 309
34529033 309
34530236 309
34530237 309
34530238 309
34530270 347
34530271 347
34531495 301
34533630 328
34533631 328
34535154 309
34535155 309
34535531 309
34537755 317
34543841 355
34547135 309
34550011 309
34561678 328
34561679 328
34564169 328
34573065 309
34577407 336
34579337 336
34601897 347
34616392 301
34616394 301
34616396 301
34616397 301
34616401 301
34616457 301
34618364 328
34618365 328
34618366 328
34624959 317
34624996 328
34624997 328
34624998 328
34625071 309
34627963 328
34628588 328
34628589 328
34628590 328
34628891 328
34639515 309
34641449 309
34641462 309
34641463 309
34641874 309
34641875 309
34641915 309
34645710 309
34645711 309
34653823 309
34658409 301
34658411 301
34666587 301
34668024 309
34668026 309
34668027 309
34668028 309
34668029 309
34668315 309
34669500 309
34669501 309
34669502 309
34672383 309
34674002 393
34674003 393
34674427 309
34675455 355
34678639 366
34679623 309
34684216 328
34684218 328
34684220 328
34684221 328
34684246 328
34684247 328
34705234 347
34705235 347
34708479 309
34711118 309
34711119 309
34715489 317
34716274 347
34716275 347
34716447 347
34719515 347
34745337 309
34745609 374
34754079 347
34758249 301
34758907 374
34761003 393
34764337 347
34764338 347
34764339 347
34768126 309
34768127 309
34782185 320
34782201 320
34782889 309
34785758 309
34785759 309
34797945 309
34809391 309
34813865 309
34814111 309
34823583 374
34827105 347
34828242 347
34828243 347
34829551 385
34833918 309
34833919 309
34848327 309
34848574 309
34848575 309
34856958 301
34856959 301
34861191 347
34867199 347
34872475 301
34873057 317
34875144 328
34875146 328
34875148 328
34875149 328
34875153 328
34875158 328
34875159 328
34887623 355
34891995 309
34893823 301
34901276 347
34901277 347
34901278 347
34909419 301
34909435 301
34915967 301
34918569 374
34927847 336
34931966 301
34931967 301
34934953 309
34952569 328
34961115 317
34975655 328
34976747 328
34982015 382
34983151 328
34989615 328
34993599 328
34993801 317
34997118 328
34997119 328
35004305 328
35004306 328
35004307 328
35004780 309
35004781 309
35004782 309
35004783 309
35008667 393
35015134 336
35015135 336
35015167 336
35015390 336
35015391 336
35015734 309
35015735 309
35015839 336
35016361 336
35029590 309
35029591 309
35029593 309
35033218 309
35033219 309
35033220 309
35033221 309
35033222 309
35035819 309
35037295 301
35037686 301
35037687 301
35038814 328
35038815 328
35048171 301
35048321 301
35048551 301
35049755 301
35052350 309
35052351 309
35053262 374
35053263 374
35054235 309
35054873 309
35062887 328
35069022 374
35069023 374
35073980 328
35073981 328
35073982 328
35081919 309
35089513 309
35090232 301
35090233 301
35090234 301
35090235 301
35090236 301
35090237 301
35090614 309
35090615 309
35097406 309
35097407 309
35098695 309
35100999 309
35101025 309
35101035 309
35101036 309
35101037 309
35101038 309
35101039 309
35101042 309
35101043 309
35101046 309
35101047 309
35101339 309
35102601 309
35104932 309
35104933 309
35104934 309
35104999 309
35108075 355
35126825 309
35135739 309
35149494 336
35149495 336
35151670 347
35151671 347
35151673 347
35151694 347
35151695 347
35151713 347
35151719 347
35151723 347
35151724 347
35151725 347
35151726 347
35151736 347
35151738 347
35151739 347
35151740 347
35151741 347
35151761 347
35151762 347
35151763 347
35153255 309
35155071 309
35157129 309
35157319 309
35157448 309
35157450 309
35157452 309
35157453 309
35157457 309
35157464 309
35157465 309
35157466 309
35157467 309
35157468 309
35157469 309
35157484 309
35157485 309
35157486 309
35157970 309
35157971 309
35159593 309
35160745 309
35162843 309
35180766 309
35180767 309
35184731 420
35187144 309
35187146 309
35187148 309
35187149 309
35187153 309
35187163 309
35187177 309
35188265 309
35196201 309
35212527 431
35219662 355
35219663 355
35233129 355
35233131 355
35235263 374
35238898 355
35238899 355
35239407 328
35242015 355
35245547 336
35250811 374
35256721 301
35256722 301
35256723 301
35256726 301
35256727 301
35256729 301
35256743 301
35258815 366
35264955 355
35264967 355
35265003 355
35265007 355
35280374 355
35280375 355
35288225 336
35302057 328
35302121 328
35302249 328
35302625 328
35302953 328
35303417 328
35303419 328
35303420 328
35303421 328
35303422 328
35304428 328
35304429 328
35304430 328
35317863 309
35317867 309
35320062 328
35320063 328
35336487 309
35336711 309
35336812 328
35336813 328
35336814 328
35343230 328
35343231 328
35345025 355
35349518 309
35349519 309
35350978 309
35350979 309
35359228 309
35359229 309
35359230 309
35368932 366
35368933 366
35368934 366
35377451 328
35388900 382
35388901 382
35388902 382
35394972 355
35394973 355
35394974 355
35399681 439
35400731 355
35404050 317
35404051 317
35404379 317
35405313 355
35449279 363
35452610 309
35452611 309
35452674 309
35452675 309
35452679 309
35452839 309
35453671 309
35453948 309
35453949 309
35453950 309
35455017 309
35462820 420
35462821 420
35462822 420
35462825 420
35466991 309
35470879 309
35471020 309
35471021 309
35471022 309
35474171 309
35479531 336
35484379 309
35485119 309
35492857 317
35492969 317
35493129 317
35493279 317
35498235 317
35514367 336
35516866 309
35516867 309
35518891 355
35523263 355
35530911 347
35531230 317
35531231 317
35536287 347
35546143 355
35547481 355
35547486 355
35547487 355
35547489 355
35549375 309
35552510 309
35552511 309
35555244 355
35555245 355
35555246 355
35561095 355
35562779 374
35564699 301
35571879 309
35595601 393
35595602 393
35595603 393
35605788 355
35605789 355
35605790 355
35616927 309
35629055 317
35630457 328
35631280 328
35631284 328
35631285 328
35631288 328
35631290 328
35631300 328
35631301 328
35631302 328
35631304 328
35631305 328
35631306 328
35631308 328
35631309 328
35631332 328
35631333 328
35631334 328
35631346 328
35631347 328
35631358 328
35631359 328
35654811 393
35658055 309
35658943 331
35663185 366
35663186 366
35663187 366
35672935 309
35673275 309
35681769 328
35684534 309
35684535 309
35685103 412
35688926 309
35688927 309
35694447 363
35695743 309
35696639 336
35701999 336
35708907 309
35710411 393
35713831 336
35714430 309
35714431 309
35718183 317
35718185 317
35718862 309
35718863 309
35719679 336
35725595 336
35725596 336
35725597 336
35725598 336
35726315 309
35726425 309
35726465 309
35727630 309
35727631 309
35730654 309
35730655 309
35730657 309
35730663 309
35731753 355
35734649 393
35737023 317
35741929 336
35746080 336
35746088 336
35746090 336
35746096 336
35746100 336
35746101 336
35746113 336
35746116 336
35746117 336
35746118 336
35746123 336
35746134 336
35746135 336
35746137 336
35746139 336
35746142 336
35746143 336
35746151 336
35761718 336
35761719 336
35769321 328
35769668 317
35769669 317
35769670 317
35769672 317
35769674 317
35769675 317
35769676 317
35769677 317
35775727 328
35783593 309
35783873 309
35783874 309
35783875 309
35783879 309
35783881 309
35783883 309
35783889 309
35783890 309
35783891 309
35783894 309
35783895 309
35783902 309
35783903 309
35783905 309
35784270 309
35784271 309
35784351 309
35784457 309
35784475 309
35785074 309
35785075 309
35785078 309
35785079 309
35785081 309
35785182 309
35785183 309
35785833 309
35785836 309
35785837 309
35785838 309
35785889 309
35791122 385
35791123 385
35795103 347
35806073 317
35809353 309
35814642 331
35814643 331
35817185 309
35826633 336
35827806 317
35827807 317
35828927 309
35832830 317
35832831 317
35836417 336
35838969 336
35839515 336
35842825 336
35845281 336
35847377 336
35847378 336
35847379 336
35849769 336
35849959 336
35854495 336
35858791 309
35860121 309
35871740 363
35871741 363
35871742 363
35873435 336
35873769 336
35873784 336
35873785 336
35873786 336
35873788 336
35873789 336
35873863 336
35875425 336
35877880 336
35877882 336
35877884 336
35877885 336
35880383 336
35882655 420
35887855 336
35887897 336
35888353 336
35888363 336
35893407 336
35898614 301
35898615 301
35898617 301
35899163 336
35906401 374
35932923 344
35934623 336
35936367 347
35943068 344
35943069 344
35943070 344
35944443 317
35944575 317
35944662 317
35944663 317
35946431 317
35957630 336
35957631 336
35963774 355
35963775 355
35980063 309
35997750 317
35997751 317
36004507 317
36011055 336
36015670 328
36015671 328
36016754 317
36016755 317
36016764 317
36016765 317
36016766 317
36032480 336
36032488 336
36032490 336
36032496 336
36032497 336
36032500 336
36032501 336
36032507 336
36032751 336
36032929 317
36034558 336
36034559 336
36036690 336
36036691 336
36046271 336
36052793 317
36079554 355
36079555 355
36080441 344
36080446 344
36080447 344
36084617 374
36085807 309
36091433 336
36116577 309
36116583 309
36117488 309
36117492 309
36117493 309
36117496 309
36117498 309
36125497 309
36138281 382
36141737 336
36146111 317
36148169 317
36149753 347
36153471 336
36168580 309
36168581 309
36168582 309
36168587 309
36182683 336
36184575 336
36197630 374
36197631 374
36201084 317
36201085 317
36201086 317
36206465 317
36206475 317
36206939 317
36206951 317
36206971 317
36206974 317
36206975 317
36208761 317
36209243 317
36213010 317
36213011 317
36213020 317
36213021 317
36213022 317
36219257 336
36222191 374
36223996 312
36223997 312
36223998 312
36223999 312
36230911 317
36233718 317
36233719 317
36233842 317
36233843 317
36233852 317
36233853 317
36233854 317
36233855 317
36233897 317
36239335 317
36239337 317
36245036 336
36245037 336
36245038 336
36245041 336
36245042 336
36245043 336
36249627 317
36251899 336
36255510 309
36255511 309
36255513 309
36255515 309
36268443 317
36273515 374
36279433 366
36301129 363
36301134 363
36301135 363
36303280 312
36303284 312
36303285 312
36303288 312
36303290 312
36303297 312
36315410 317
36315411 317
36315414 317
36315415 317
36315417 317
36315431 317
36315433 317
36315435 317
36321919 336
36325360 317
36325364 317
36325365 317
36325368 317
36325370 317
36329499 317
36331675 317
36331687 317
36335727 317
36338879 317
36339567 317
36363208 317
36363210 317
36363212 317
36363213 317
36363217 317
36363224 317
36363226 317
36363227 317
36363228 317
36363229 317
36363233 317
36363239 317
36363241 317
36363243 317
36363259 317
36363260 317
36363261 317
36363262 317
36363300 317
36363301 317
36363302 317
36363318 317
36363319 317
36363419 317
36364267 317
36364889 317
36369691 344
36373287 317
36377529 317
36377531 317
36382713 317
36395335 317
36396286 355
36396287 355
36410652 336
36410653 336
36410654 336
36433455 325
36433919 325
36453025 355
36454825 325
36464553 336
36464639 336
36467291 325
36468289 309
36468290 309
36468291 309
36477356 336
36477357 336
36477358 336
36480487 336
36481142 336
36481143 336
36481147 336
36493471 317
36495143 317
36498151 317
36499497 336
36518889 317
36519551 309
36522690 317
36522691 317
36522695 317
36524114 317
36524115 317
36524246 317
36524247 317
36524254 317
36524255 317
36529711 317
36534908 317
36534909 317
36534910 317
36539736 336
36539738 336
36539740 336
36539741 336
36539753 336
36543259 325
36551167 374
36558591 363
36563113 317
36565310 317
36565311 317
36568089 317
36568091 317
36570139 317
36571803 336
36572699 325
36572703 325
36573512 355
36573514 355
36573516 355
36573517 355
36573521 355
36576932 355
36576933 355
36576934 355
36601170 317
36601171 317
36624159 355
36627833 317
36631890 355
36631891 355
36642958 328
36642959 328
36651567 382
36665471 374
36675743 317
36676511 317
36678503 317
36685481 317
36686567 363
36690657 355
36691483 355
36691487 355
36692859 393
36696043 317
36712639 317
36712897 317
36712898 317
36712899 317
36713407 317
36732521 355
36733595 317
36739550 317
36739551 317
36740892 336
36740893 336
36740894 336
36760569 309
36768400 355
36768404 355
36768405 355
36768408 355
36768410 355
36768418 355
36768419 355
36783897 309
36783899 309
36791535 466
36796408 344
36796410 344
36796412 344
36796413 344
36796414 344
36796415 344
36799167 317
36817462 317
36817463 317
36834407 325
36846779 336
36847929 336
36861487 336
36876961 336
36876967 336
36876969 336
36877467 317
36879595 336
36881273 336
36889003 317
36907420 317
36907421 317
36907422 317
36907425 317
36918270 336
36918271 336
36922062 306
36922063 306
36923175 309
36923330 309
36923331 309
36923519 309
36923574 309
36923575 309
36924843 309
36928251 344
36928255 344
36928537 382
36929567 317
36930235 317
36950361 336
36950366 336
36950367 336
36962302 317
36962303 317
36966537 317
36975041 317
36975042 317
36975043 317
36978203 317
36978779 317
36978852 317
36978853 317
36978854 317
36978870 317
36978871 317
36978873 317
36978875 317
36978876 317
36978877 317
36978878 317
36978879 317
36978894 317
36978895 317
36982972 317
36982973 317
36982974 317
36986283 363
37032210 355
37032211 355
37032235 355
37032263 355
37032278 355
37032279 355
37032281 355
37032283 355
37032313 355
37038276 317
37038277 317
37038278 317
37038280 317
37038282 317
37038284 317
37038285 317
37038297 317
37038308 317
37038309 317
37038310 317
37038315 317
37038439 317
37041705 317
37041771 317
37044783 306
37051391 306
37060719 336
37069586 317
37069587 317
37070763 317
37071670 306
37071671 306
37071672 306
37071673 306
37071674 306
37071676 306
37071677 306
37072511 336
37079122 317
37079123 317
37085409 306
37103832 363
37103834 363
37103836 363
37103837 363
37120274 382
37120275 382
37122556 344
37122557 344
37122558 344
37123836 336
37123837 336
37123838 336
37124105 363
37125801 344
37142881 309
37142905 309
37151559 363
37151611 363
37176059 344
37176071 344
37190710 336
37190711 336
37191241 336
37192075 336
37192078 336
37192079 336
37193142 336
37193143 336
37205095 317
37207143 317
37227150 317
37227151 317
37227257 336
37227260 336
37227261 336
37227262 336
37227263 336
37239932 306
37239933 306
37239934 306
37242178 317
37242179 317
37250287 317
37250873 317
37255486 344
37255487 344
37261097 374
37270070 336
37270071 336
37281767 306
37281790 306
37281791 306
37284318 363
37284319 363
37288529 363
37288530 363
37288531 363
37298439 325
37299425 363
37333966 306
37333967 306
37333985 306
37349249 317
37349319 317
37350657 317
37350658 317
37350659 317
37356283 371
37359081 306
37359588 306
37359589 306
37359590 306
37359595 306
37359993 306
37360009 428
37360011 428
37368324 306
37368325 306
37368326 306
37368331 306
37368334 306
37368335 306
37368559 317
37368642 317
37368643 317
37368868 306
37368869 306
37368870 306
37373852 306
37373853 306
37373854 306
37380094 317
37380095 317
37382783 317
37384745 382
37389033 306
37391926 325
37391927 325
37395455 317
37416940 317
37416941 317
37416942 317
37422823 363
37424009 363
37432075 325
37447787 363
37447791 363
37454492 317
37454493 317
37454494 317
37457377 363
37465313 382
37475193 344
37496886 309
37496887 309
37499890 401
37499891 401
37510625 363
37525033 317
37525710 317
37525711 317
37535132 325
37535133 325
37535134 325
37536615 336
37537456 336
37537460 336
37537461 336
37537464 336
37537466 336
37537473 336
37537479 336
37537481 336
37537496 336
37537497 336
37537498 336
37537500 336
37537501 336
37537502 336
37537503 336
37537505 336
37537520 336
37537524 336
37537525 336
37537528 336
37537530 336
37537532 336
37537533 336
37537534 336
37537547 336
37537558 336
37537559 336
37537561 336
37569449 344
37571090 374
37571091 374
37606332 344
37606333 344
37606334 344
37619247 317
37620843 401
37624444 344
37624445 344
37624446 344
37624447 344
37629033 325
37630606 344
37630607 344
37631145 317
37634287 325
37635311 325
37636841 344
37636843 344
37637598 317
37637599 317
37643326 363
37643327 363
37654047 344
37658424 344
37658426 344
37658427 344
37658428 344
37658429 344
37658434 344
37658435 344
37658441 344
37658465 344
37658479 344
37674894 344
37674895 344
37680431 325
37683265 325
37683266 325
37683267 325
37683278 325
37683279 325
37694143 325
37698235 317
37698251 317
37698254 317
37698255 317
37698267 317
37698279 317
37698654 317
37698655 317
37699500 317
37699501 317
37699502 317
37700359 317
37700585 317
37700946 317
37700947 317
37717275 317
37720233 371
37730651 339
37735164 317
37735165 317
37735166 317
37743934 344
37743935 344
37750319 363
37767657 344
37769470 355
37769471 355
37777161 317
37778561 317
37790792 371
37790794 371
37790796 371
37790797 371
37790801 371
37792956 344
37792957 344
37792958 344
37792959 344
37797265 344
37797266 344
37797267 344
37797270 344
37797271 344
37797273 344
37802302 428
37802303 428
37807313 306
37807314 306
37807315 306
37807516 306
37807517 306
37807518 306
37807551 306
37807614 306
37807615 306
37807743 344
37808315 344
37819111 309
37819115 309
37843687 363
37846783 317
37857049 344
37865947 352
37867177 325
37867627 325
37869727 409
37901796 306
37901797 306
37901798 306
37901910 306
37901911 306
37901913 306
37901918 306
37901919 306
37902079 306
37902089 306
37902183 306
37903131 306
37907563 306
37907583 306
37908223 306
37929599 344
37933394 344
37933395 344
37942433 336
37960136 344
37960138 344
37960139 344
37960140 344
37960141 344
37960145 344
37960171 344
37960617 325
37962329 344
37968425 344
37968539 344
37974670 344
37974671 344
38008033 317
38022249 344
38022398 344
38022399 344
38025129 306
38044126 306
38044127 306
38048737 317
38048745 317
38049680 317
38049684 317
38049685 317
38049686 317
38049687 317
38049688 317
38049689 317
38049690 317
38049697 317
38049698 317
38049699 317
38053535 344
38060827 306
38060831 306
38083689 355
38103531 317
38116519 344
38123263 325
38134124 382
38134125 382
38134126 382
38137764 325
38137765 325
38137766 325
38137769 325
38138095 325
38139390 325
38139391 325
38140924 325
38140925 325
38140926 325
38140927 325
38142418 306
38142419 306
38142945 306
38143003 306
38143033 306
38143035 306
38143038 306
38143039 306
38143113 306
38143131 306
38143932 325
38143933 325
38143934 325
38143969 325
38143999 325
38145854 325
38145855 325
38146361 325
38147743 306
38150329 325
38150331 325
38150337 325
38150338 325
38150339 325
38150343 325
38151177 306
38152353 306
38156908 344
38156909 344
38156910 344
38156911 344
38160001 382
38161662 363
38161663 363
38161900 320
38161901 320
38161902 320
38164457 306
38167774 325
38167775 325
38172272 325
38172274 325
38172275 325
38172276 325
38172277 325
38172280 325
38172282 325
38172287 325
38172289 325
38172335 325
38184071 344
38184075 344
38186735 325
38197412 306
38197413 306
38197414 306
38220396 306
38220397 306
38220398 306
38225383 306
38225385 306
38225639 306
38230175 336
38231743 306
38236763 306
38243163 371
38243169 371
38245420 320
38245421 320
38245422 320
38245425 320
38245426 320
38245427 320
38245433 320
38245438 320
38245439 320
38258230 325
38258231 325
38259481 306
38268676 325
38268677 325
38268678 325
38268680 325
38268682 325
38268684 325
38268685 325
38268686 325
38268687 325
38268689 325
38271401 325
38271983 325
38273051 325
38273086 325
38273087 325
38273895 306
38274331 325
38275519 325
38278142 325
38278143 325
38280383 325
38284391 325
38285551 325
38287983 325
38298047 363
38305278 352
38305279 352
38306217 352
38308561 325
38308562 325
38308563 325
38308566 325
38308567 325
38308577 325
38308585 325
38308591 325
38308594 325
38308595 325
38308617 325
38308619 325
38308662 325
38308663 325
38310332 325
38310333 325
38310334 325
38312959 325
38314921 352
38322287 325
38323647 325
38323650 325
38323651 325
38324137 325
38342409 325
38343410 363
38343411 363
38358546 344
38358547 344
38373545 325
38379519 344
38382271 344
38382569 333
38383822 306
38383823 306
38384033 306
38384255 306
38384270 306
38384271 306
38386155 306
38398111 325
38415591 344
38418215 333
38424889 306
38428817 344
38428818 344
38428819 344
38430191 333
38432807 344
38445503 325
38447083 325
38447554 325
38447555 325
38451815 325
38451963 325
38455166 325
38455167 325
38461256 306
38461258 306
38461260 306
38461261 306
38461265 306
38461266 306
38461267 306
38465535 317
38466631 306
38473270 317
38473271 317
38476583 325
38476903 325
38478072 325
38478074 325
38478076 325
38478077 325
38478217 325
38478527 306
38482543 325
38486441 325
38488295 382
38489449 325
38489451 325
38494537 344
38498247 333
38499740 306
38499741 306
38499742 306
38519163 325
38524406 325
38524407 325
38528318 344
38528319 344
38529263 333
38530113 363
38530114 363
38530115 363
38533718 363
38533719 363
38533721 363
38595583 306
38601592 306
38601594 306
38601596 306
38601597 306
38603278 336
38603279 336
38609129 306
38628158 306
38628159 306
38637819 325
38638823 325
38643327 306
38645289 306
38645295 306
38645671 306
38653531 363
38654402 363
38654403 363
38658095 306
38658425 306
38660699 325
38663842 306
38663843 306
38663844 306
38663845 306
38663846 306
38663851 306
38664336 306
38664340 306
38664341 306
38664344 306
38664346 306
38664354 306
38664355 306
38664363 306
38664367 306
38664380 306
38664381 306
38664382 306
38664383 306
38665129 306
38667289 306
38670828 306
38670829 306
38670830 306
38670834 306
38670835 306
38670841 306
38670843 306
38670844 306
38670845 306
38670846 306
38676961 325
38677497 325
38687495 301
38687497 301
38688511 306
38693078 306
38693079 306
38693083 306
38693089 306
38693342 306
38693343 306
38697633 363
38698940 306
38698941 306
38698942 306
38705038 325
38705039 325
38713855 317
38730023 306
38731305 306
38735425 363
38735426 363
38735427 363
38735441 363
38735442 363
38735443 363
38735449 363
38736801 301
38736807 301
38750262 390
38750263 390
38764930 352
38764931 352
38764932 352
38764933 352
38764934 352
38764935 352
38764942 352
38764943 352
38765390 306
38765391 306
38765403 306
38767246 301
38767247 301
38780171 306
38780174 306
38780175 306
38780185 306
38780188 306
38780189 306
38780190 306
38780191 306
38780201 306
38780203 306
38780207 306
38780217 306
38790818 306
38790819 306
38790820 306
38790821 306
38790822 306
38791337 317
38793643 306
38794267 306
38794294 306
38794295 306
38795214 306
38795215 306
38795222 306
38795223 306
38795241 306
38796350 306
38796351 306
38797547 306
38797646 306
38797647 306
38797724 306
38797725 306
38797726 306
38797881 306
38801886 333
38801887 333
38801919 306
38802540 306
38802541 306
38802542 306
38804577 306
38804971 333
38805974 306
38805975 306
38809995 306
38810249 306
38810337 306
38810354 306
38810355 306
38820558 344
38820559 344
38830951 306
38831234 306
38831235 306
38831236 306
38831237 306
38831238 306
38831240 306
38831242 306
38831244 306
38831245 306
38831248 306
38831249 306
38831250 306
38831251 306
38831252 306
38831253 306
38831254 306
38831255 306
38831256 306
38831257 306
38831258 306
38831266 306
38831267 306
38831268 306
38831269 306
38831270 306
38831271 306
38831275 306
38831279 306
38831286 306
38831287 306
38831295 306
38831313 306
38831314 306
38831315 306
38831326 306
38831327 306
38831339 306
38831343 306
38831433 306
38831438 306
38831439 306
38831486 306
38831487 306
38831743 306
38833019 306
38835180 306
38835181 306
38835182 306
38837895 306
38841897 306
38841983 306
38843673 306
38844238 306
38844239 306
38845036 306
38845037 306
38845038 306
38845163 306
38845167 306
38846491 306
38846505 306
38846507 306
38846511 306
38846518 306
38846519 306
38846555 344
38849801 344
38850335 325
38852050 306
38852051 306
38852473 306
38854974 314
38854975 314
38861820 352
38861821 352
38861822 352
38861823 352
38865650 306
38865651 306
38868763 306
38881889 325
38884690 325
38884691 325
38886427 317
38893321 344
38894439 344
38894699 306
38895595 306
38898651 317
38898654 317
38898655 317
38898849 317
38901755 333
38910111 371
38921455 306
38921631 390
38927135 344
38929055 314
38939707 325
38942367 314
38945662 325
38945663 325
38953124 325
38953125 325
38953126 325
38956459 325
38957163 325
38957164 325
38957165 325
38957166 325
38957503 325
38969415 306
38969455 306
38971631 306
38971646 306
38971647 306
38972110 306
38972111 306
38972155 306
38973423 306
38975497 306
38976425 306
38980095 306
38982783 306
38985782 325
38985783 325
39001531 306
39001532 306
39001533 306
39001534 306
39001855 306
39003039 306
39003049 306
39003190 306
39003191 306
39003305 306
39003495 306
39005287 306
39008254 390
39008255 390
39008731 306
39009049 306
39013359 363
39013403 363
39013417 363
39013430 363
39013431 363
39014575 306
39014582 306
39014583 306
39019748 325
39019749 325
39019750 325
39019753 325
39019777 325
39019778 325
39019779 325
39020315 325
39025791 325
39033563 314
39042027 306
39043390 344
39043391 344
39043675 306
39050009 306
39052598 314
39052599 314
39052731 325
39054926 314
39054927 314
39054929 314
39054930 314
39054931 314
39055810 344
39055811 344
39059454 344
39059455 344
39062777 325
39086049 306
39087743 306
39087975 306
39088297 306
39088505 306
39088811 371
39088815 371
39091199 371
39103771 371
39106129 390
39106130 390
39106131 390
39108534 352
39108535 352
39109880 344
39109882 344
39109884 344
39109885 344
39114143 306
39114343 306
39117439 344
39129959 317
39129977 317
39130089 306
39130751 306
39133231 306
39133979 306
39147689 306
39160562 306
39160563 306
39165599 306
39165787 306
39165985 306
39180265 344
39180494 344
39180495 344
39180894 344
39180895 344
39181774 344
39181775 344
39187783 306
39188159 306
39188347 306
39193761 306
39195489 325
39197543 306
39198767 325
39202358 306
39202359 306
39204366 306
39204367 306
39204647 306
39218175 325
39218841 344
39232188 314
39232189 314
39232190 314
39232491 306
39234544 325
39234548 325
39234549 325
39234552 325
39234554 325
39234591 390
39243714 325
39243715 325
39253494 306
39253495 306
39254486 382
39254487 382
39262491 344
39263938 344
39263939 344
39276798 382
39276799 382
39283387 371
39283391 371
39301823 306
39305215 352
39321641 325
39331254 314
39331255 314
39333147 306
39347359 325
39347439 325
39348841 325
39350271 325
39350649 325
39350763 325
39350943 325
39356519 352
39358249 314
39358377 314
39358695 436
39367463 314
39367787 325
39368022 314
39368023 314
39368027 314
39368039 314
39371759 325
39373275 314
39379844 325
39379845 325
39379846 325
39379851 325
39380380 306
39380381 306
39380382 306
39382655 325
39384751 390
39392027 333
39392315 333
39392700 306
39392701 306
39392702 306
39393407 333
39404809 306
39408290 306
39408291 306
39408292 306
39408293 306
39408294 306
39410217 306
39412368 306
39412372 306
39412373 306
39412376 306
39412378 306
39412386 306
39412387 306
39414729 306
39415297 306
39418667 325
39418671 325
39424865 371
39430383 333
39431919 306
39433895 306
39433897 306
39434921 371
39436015 306
39436732 306
39436733 306
39436734 306
39452651 371
39455771 325
39458230 325
39458231 325
39459678 306
39459679 306
39459681 306
39459794 306
39459795 306
39475702 306
39475703 306
39476942 306
39476943 306
39484583 306
39488623 306
39488654 306
39488655 306
39488665 306
39488668 306
39488669 306
39488670 306
39488671 306
39488674 306
39488675 306
39488676 306
39488677 306
39488678 306
39488694 306
39488695 306
39488766 306
39488767 306
39489007 306
39490427 306
39493052 306
39493053 306
39493054 306
39493121 306
39493161 352
39496585 352
39506055 409
39517679 306
39519471 306
39527707 306
39543182 333
39543183 333
39545628 344
39545629 344
39545630 344
39545633 344
39545657 344
39545673 344
39545678 344
39545679 344
39545681 344
39545682 344
39545683 344
39545688 344
39545689 344
39545690 344
39545692 344
39545693 344
39545707 344
39545708 344
39545709 344
39545710 344
39545732 344
39545733 344
39545734 344
39545739 344
39547419 306
39547423 306
39549423 306
39551630 306
39551631 306
39551771 306
39552136 306
39552138 306
39552140 306
39552141 306
39552144 306
39552148 306
39552149 306
39552150 306
39552151 306
39552152 306
39552154 306
39552171 306
39552172 306
39552173 306
39552174 306
39552489 306
39552718 306
39552719 306
39554543 306
39555798 306
39555799 306
39555839 306
39558171 306
39558198 306
39558199 306
39561287 306
39578363 306
39581065 382
39582823 417
39585544 306
39585546 306
39585548 306
39585549 306
39585553 306
39585558 306
39585559 306
39585575 306
39586799 306
39595726 306
39595727 306
39622121 352
39637270 352
39637271 352
39637273 352
39642107 333
39643762 352
39643763 352
39647643 333
39647935 333
39651241 333
39651297 325
39657163 371
39673074 352
39673075 352
39673081 352
39673113 352
39673129 352
39690422 352
39690423 352
39699241 333
39699254 333
39699255 333
39714751 325
39714814 325
39714815 325
39714887 325
39715030 325
39715031 325
39715452 325
39715453 325
39715454 325
39715823 325
39716345 325
39716347 325
39716350 325
39716351 325
39717484 325
39717485 325
39717486 325
39732601 306
39734463 306
39735071 325
39737217 306
39753801 306
39753916 325
39753917 325
39753918 325
39753919 325
39755625 306
39761135 325
39763153 352
39763154 352
39763155 352
39768209 306
39768210 306
39768211 306
39769852 306
39769853 306
39769854 306
39769855 306
39769881 371
39779134 306
39779135 306
39790052 363
39790053 363
39790054 363
39799633 325
39799634 325
39799635 325
39812514 379
39812515 379
39812516 379
39812517 379
39812518 379
39819346 352
39819347 352
39824642 436
39824643 436
39824647 436
39825823 352
39829558 314
39829559 314
39829927 314
39830139 314
39830978 352
39830979 352
39837119 333
39842358 317
39842359 317
39851006 390
39851007 390
39884188 306
39884189 306
39884190 306
39884260 306
39884261 306
39884262 306
39884463 306
39885694 306
39885695 306
39886895 306
39887521 306
39887817 306
39893439 333
39895676 417
39895677 417
39895678 417
39895679 417
39897057 306
39904900 306
39904901 306
39904902 306
39904907 306
39908443 306
39908905 306
39914473 333
39918831 306
39919926 306
39919927 306
39919929 306
39929465 314
39929590 314
39929591 314
39929771 314
39930863 314
39935515 314
39935529 314
39956475 306
39956476 306
39956477 306
39956478 306
39958753 352
39972635 314
39990916 352
39990917 352
39990918 352
39990923 352
39990926 352
39990927 352
39990939 352
39994075 306
39994111 306
39996575 306
39999652 352
39999653 352
39999654 352
40005883 371
40006233 352
40008127 371
40041385 325
40045052 390
40045053 390
40045054 390
40045055 390
40056514 352
40056515 352
40070175 314
40072623 306
40075007 412
40084265 325
40085184 325
40085200 325
40085204 325
40085205 325
40085216 325
40085218 325
40085219 325
40085224 325
40085226 325
40085233 325
40085249 325
40085252 325
40085253 325
40085254 325
40085262 325
40085263 325
40085266 325
40085267 325
40085279 325
40092699 314
40096999 314
40103762 325
40103763 325
40111663 390
40119531 306
40121084 363
40121085 363
40121086 363
40132434 306
40132435 306
40141991 325
40145102 306
40145103 306
40150043 306
40172521 306
40174212 390
40174213 390
40174214 390
40174219 390
40178057 333
40178059 333
40178735 306
40181383 333
40182959 314
40183721 306
40184551 333
40184555 333
40186527 314
40187390 333
40187391 333
40189065 314
40191294 333
40191295 333
40191298 333
40191299 333
40191303 333
40192105 306
40192228 306
40192229 306
40192230 306
40192242 306
40192243 306
40192274 306
40192275 306
40192495 306
40192566 306
40192567 306
40193585 306
40193586 306
40193587 306
40193663 314
40196987 306
40196990 306
40196991 306
40198222 352
40198223 352
40198226 352
40198227 352
40201481 390
40203483 328
40203489 328
40205247 314
40209666 333
40209667 333
40209671 333
40210279 390
40214368 333
40214376 333
40214378 333
40214384 333
40214385 333
40214388 333
40214389 333
40214402 333
40214403 333
40214404 333
40214405 333
40214406 333
40214407 333
40214411 333
40214427 333
40231934 333
40231935 333
40233471 325
40237551 417
40240487 325
40240880 314
40240884 314
40240885 314
40240888 314
40240890 314
40241319 314
40252527 314
40256543 306
40256856 306
40256858 306
40256860 306
40256861 306
40256866 306
40256867 306
40256868 306
40256869 306
40256870 306
40256876 306
40256877 306
40256878 306
40256882 306
40256883 306
40256891 306
40256894 306
40256895 306
40257302 306
40257303 306
40257305 306
40257515 306
40257535 306
40257609 306
40258210 306
40258211 306
40258212 306
40258213 306
40258214 306
40258217 306
40258331 306
40259062 306
40259063 306
40259064 306
40259066 306
40259068 306
40259069 306
40259070 306
40259071 306
40259126 306
40259127 306
40259751 306
40265014 382
40265015 382
40270631 314
40281833 314
40285521 306
40285522 306
40285523 306
40291470 328
40291471 328
40291473 328
40291474 328
40291475 328
40291489 328
40294332 306
40294333 306
40294334 306
40296295 306
40302879 306
40304962 333
40304963 333
40306283 314
40311935 314
40315969 333
40315970 333
40315971 333
40315975 333
40316007 333
40318841 333
40319454 333
40319455 333
40320510 314
40320511 314
40320617 333
40323179 333
40325942 333
40325943 333
40328191 333
40328300 333
40328301 333
40328302 333
40330991 333
40332927 344
40342636 306
40342637 306
40342638 306
40355710 360
40355711 360
40357615 333
40357991 333
40357995 333
40358009 333
40358012 333
40358013 333
40358014 333
40358023 333
40358049 333
40358055 333
40359852 333
40359853 333
40359854 333
40359855 333
40362620 333
40362621 333
40362622 333
40372449 333
40373884 333
40373885 333
40373886 333
40374396 333
40374397 333
40374398 333
40374409 333
40386558 333
40386559 333
40390491 352
40394702 371
40394703 371
40398447 333
40410651 352
40424539 341
40429545 306
40435954 341
40435955 341
40437183 314
40437351 314
40437385 314
40437499 314
40437671 314
40437746 314
40437747 314
40450375 333
40452335 333
40459247 352
40459982 314
40459983 314
40477569 306
40484679 352
40495615 333
40497470 314
40497471 314
40503015 390
40504417 333
40505071 314
40508907 333
40510495 333
40512795 333
40517630 325
40517631 325
40518633 352
40518849 314
40518850 314
40518851 314
40518855 314
40518862 314
40518863 314
40524521 314
40531505 325
40531506 325
40531507 325
40534998 333
40534999 333
40535337 333
40536560 333
40536564 333
40536565 333
40536568 333
40536570 333
40536571 333
40537046 314
40537047 314
40538879 333
40541278 333
40541279 333
40545385 333
40553919 352
40559393 314
40560031 352
40563995 314
40589500 352
40589501 352
40589502 352
40590497 341
40590503 341
40591393 371
40591401 371
40591407 371
40595190 371
40595191 371
40595195 371
40597854 306
40597855 306
40602863 333
40603911 306
40628475 306
40631148 306
40631149 306
40631150 306
40632184 306
40632186 306
40632188 306
40632189 306
40640491 325
40641185 306
40655566 379
40655567 379
40659455 333
40666689 314
40666690 314
40666691 314
40668473 344
40689656 306
40689658 306
40689660 306
40689661 306
40705519 333
40710895 314
40719175 333
40722335 371
40726222 314
40726223 314
40726569 314
40732274 314
40732275 314
40732281 314
40732284 314
40732285 314
40732286 314
40732801 314
40732807 314
40732827 314
40732843 314
40732847 314
40734857 314
40735399 314
40735401 314
40735679 314
40739638 314
40739639 314
40739650 314
40739651 314
40739655 314
40741089 314
40746663 333
40746665 333
40751998 309
40751999 309
40752667 398
40758265 314
40762934 314
40762935 314
40763074 314
40763075 314
40763086 314
40763087 314
40763135 314
40763355 314
40769255 314
40775664 333
40775668 333
40775669 333
40775672 333
40775674 333
40780831 314
40783387 333
40787439 306
40787448 306
40787450 306
40787451 306
40787452 306
40787453 306
40787454 306
40787455 306
40801998 314
40801999 314
40807689 371
40807705 371
40814363 363
40838770 360
40838771 360
40838777 360
40838785 360
40841200 309
40841204 309
40841205 309
40841208 309
40841210 309
40854831 314
40854838 314
40854839 314
40854840 314
40854842 314
40854844 314
40854845 314
40854862 314
40854863 314
40854865 314
40854866 314
40854867 314
40866040 314
40866042 314
40866044 314
40866045 314
40869545 314
40870687 314
40873135 314
40873321 314
40873323 314
40873627 314
40874223 314
40879431 314
40886249 314
40886251 314
40886514 314
40886515 314
40886631 314
40887451 314
40897377 352
40906911 314
40908616 314
40908618 314
40908620 314
40908621 314
40908625 314
40908630 314
40908631 314
40908632 314
40908633 314
40908634 314
40908636 314
40908637 314
40908638 314
40908639 314
40908641 314
40908647 314
40908649 314
40908667 314
40908670 314
40908671 314
40908716 314
40908717 314
40908718 314
40908732 314
40908733 314
40908734 314
40908839 314
40908847 314
40909801 314
40910500 314
40910501 314
40910502 314
40912782 314
40912783 314
40915903 341
40919947 314
40922321 314
40922322 314
40922323 314
40923297 314
40923303 314
40924670 314
40924671 314
40924719 314
40924721 314
40924722 314
40924723 314
40924927 314
40928747 333
40930553 314
40930998 314
40930999 314
40933287 417
40943943 322
40945823 352
40961986 333
40961987 333
40991721 379
41007135 352
41009654 352
41009655 352
41011678 322
41011679 322
41022623 333
41025703 322
41026824 306
41026826 306
41026828 306
41026829 306
41026833 306
41026838 306
41026839 306
41026847 306
41029169 333
41029170 333
41029171 333
41037028 333
41037029 333
41037030 333
41038491 322
41041284 333
41041285 333
41041286 333
41041291 333
41056530 314
41056531 314
41057035 314
41060606 314
41060607 314
41061582 314
41061583 314
41061659 314
41061935 333
41065449 314
41066121 314
41068159 314
41076635 306
41083751 314
41088028 314
41088029 314
41088030 314
41088033 314
41089630 314
41089631 314
41089647 314
41089778 314
41089779 314
41089787 314
41093673 398
41095113 398
41100519 371
41100539 371
41100553 371
41100571 371
41101774 314
41101775 314
41102015 333
41107208 333
41107210 333
41107212 333
41107213 333
41107217 333
41107222 333
41107223 333
41107254 333
41107255 333
41111167 322
41113535 333
41115391 314
41124711 314
41132129 352
41133503 314
41135847 314
41135975 314
41139100 314
41139101 314
41139102 314
41139103 314
41141407 314
41141831 322
41143279 333
41144283 322
41144286 322
41144287 322
41145208 352
41145210 352
41145212 352
41145213 352
41147391 314
41149052 352
41149053 352
41149054 352
41149375 322
41176318 314
41176319 314
41182043 314
41190683 314
41202177 352
41206313 314
41206667 314
41206878 314
41206879 314
41210878 352
41210879 352
41212063 314
41223329 325
41261295 314
41271166 314
41271167 314
41276670 436
41276671 436
41276990 352
41276991 352
41277918 352
41277919 352
41279467 390
41283049 314
41295263 333
41299711 314
41302008 314
41302010 314
41302012 314
41302013 314
41311950 306
41311951 306
41316847 333
41316967 352
41324086 352
41324087 352
41325295 314
41326569 379
41331995 314
41333505 333
41333506 333
41333507 333
41355641 306
41364464 352
41364468 352
41364469 352
41364472 352
41364474 352
41378025 390
41380287 379
41380351 379
41381735 306
41381884 306
41381885 306
41381886 306
41381887 306
41395964 341
41395965 341
41395966 341
41395967 341
41400831 306
41419646 314
41419647 314
41452626 333
41452627 333
41452635 333
41453921 333
41461063 322
41462011 360
41463423 322
41463835 322
41464303 444
41465247 322
41473895 333
41486582 333
41486583 333
41486585 333
41486590 333
41486591 333
41487147 314
41487151 314
41489545 333
41491433 333
41491753 398
41492103 303
41499417 341
41499721 341
41500129 314
41514343 314
41516551 314
41516553 314
41519058 303
41519059 303
41520849 314
41520850 314
41520851 314
41520854 314
41520855 314
41526145 306
41527483 333
41533055 333
41537321 303
41538748 306
41538749 306
41538750 306
41538975 306
41539022 306
41539023 306
41540449 306
41543791 314
41544283 341
41544604 379
41544605 379
41544606 379
41546514 314
41546515 314
41547391 303
41549295 303
41569156 333
41569157 333
41569158 333
41569163 333
41570719 314
41570811 314
41570943 303
41582591 314
41587355 314
41588425 306
41588427 306
41588875 314
41596745 303
41596920 314
41596922 314
41596924 314
41596925 314
41598399 303
41600478 314
41600479 314
41601127 314
41601212 314
41601213 314
41601214 314
41601227 314
41601230 314
41601231 314
41601233 314
41601234 314
41601235 314
41601238 314
41601239 314
41601257 314
41601535 314
41601983 314
41605846 314
41605847 314
41609569 360
41617278 325
41617279 325
41619547 417
41661238 352
41661239 352
41661241 352
41661265 352
41661266 352
41661267 352
41661289 352
41661295 352
41661302 352
41661303 352
41661314 352
41661315 352
41661316 352
41661317 352
41661318 352
41661319 352
41661321 352
41661345 352
41661351 352
41661353 352
41663131 314
41664839 341
41668064 314
41668072 314
41668074 314
41668080 314
41668081 314
41668084 314
41668085 314
41668100 314
41668101 314
41668102 314
41668105 314
41668107 314
41668110 314
41668111 314
41668129 314
41668143 314
41668705 314
41671919 314
41671993 314
41695723 314
41698569 390
41701863 303
41703143 303
41703282 314
41703283 314
41703286 314
41703287 314
41704609 314
41705625 303
41705628 303
41705629 303
41705630 303
41705633 303
41705636 303
41705637 303
41705638 303
41705641 303
41707742 303
41707743 303
41714014 314
41714015 314
41721086 303
41721087 303
41741816 360
41741818 360
41741820 360
41741821 360
41760310 379
41760311 379
41762878 341
41762879 341
41764318 333
41764319 333
41764619 360
41765103 333
41765223 333
41766527 341
41768313 360
41772498 341
41772499 341
41785742 306
41785743 306
41785769 306
41795559 360
41795563 360
41807529 387
41823067 341
41823081 341
41839359 333
41839548 333
41839549 333
41839550 333
41839719 333
41840146 333
41840147 333
41841084 333
41841085 333
41841086 333
41841089 333
41841090 333
41841091 333
41842284 333
41842285 333
41842286 333
41853679 303
41859231 314
41860814 333
41860815 333
41872254 360
41872255 360
41880545 314
41880665 333
41880670 333
41880671 333
41884095 314
41890398 360
41890399 360
41891055 341
41894926 303
41894927 303
41895727 314
41897452 314
41897453 314
41897454 314
41907233 314
41912423 341
41918734 371
41918735 371
41928828 333
41928829 333
41928830 333
41941985 303
41942015 303
41942401 387
41942559 371
41944859 360
41946879 325
41949596 360
41949597 360
41949598 360
41955177 444
41955183 444
41960745 322
41961854 360
41961855 360
41982953 398
42000713 303
42000729 303
42000734 303
42000735 303
42017906 314
42017907 314
42019490 314
42019491 314
42019492 314
42019493 314
42019494 314
42021423 314
42021627 314
42021735 314
42025819 368
42026729 303
42027003 303
42028967 303
42029540 303
42029541 303
42029542 303
42029545 303
42029547 303
42029863 303
42029993 303
42030009 425
42030011 425
42030012 425
42030013 425
42030014 425
42030969 303
42039368 303
42039370 303
42039372 303
42039373 303
42039377 303
42039423 303
42039455 303
42039724 314
42039725 314
42039726 314
42039980 303
42039981 303
42039982 303
42039990 303
42039991 303
42045585 303
42045586 303
42045587 303
42045607 303
42052607 314
42057839 379
42062663 303
42065918 322
42065919 322
42067081 322
42067967 333
42094060 314
42094061 314
42094062 314
42094063 314
42096462 360
42096463 360
42102011 360
42111084 322
42111085 322
42111086 322
42119919 314
42128761 360
42130347 360
42136306 314
42136307 314
42139548 360
42139549 360
42139550 360
42148476 379
42148477 379
42148478 379
42150753 306
42155145 379
42159593 341
42177263 341
42183998 306
42183999 306
42185967 341
42187375 398
42187378 398
42187379 398
42188999 303
42199452 360
42199453 360
42199454 360
42208815 314
42215663 314
42216425 314
42227026 322
42227027 322
42229648 333
42229652 333
42229653 333
42229656 333
42229658 333
42229666 333
42229667 333
42229679 333
42229680 333
42229684 333
42229685 333
42229688 333
42229689 333
42229690 333
42229691 333
42229692 333
42229693 333
42229694 333
42229697 333
42229720 333
42229722 333
42229724 333
42229725 333
42229726 333
42229727 333
42229740 333
42229741 333
42229742 333
42229743 333
42229752 333
42229754 333
42229755 333
42229756 333
42229757 333
42262143 314
42265631 341
42267478 371
42267479 371
42279033 314
42293454 417
42293455 417
42297985 314
42300159 341
42307126 341
42307127 341
42321663 314
42323449 398
42323451 398
42327502 341
42327503 341
42331003 341
42332662 322
42332663 322
42333465 314
42334119 314
42334345 341
42334433 341
42335038 314
42335039 314
42336423 322
42341447 341
42341449 341
42342299 314
42342441 314
42348655 314
42348743 360
42349759 322
42365730 341
42365731 341
42365732 341
42365733 341
42365734 341
42365740 341
42365741 341
42365742 341
42365745 341
42365746 341
42365747 341
42365769 341
42365774 341
42365775 341
42365787 341
42365790 341
42365791 341
42365793 341
42384257 341
42393672 322
42393674 322
42393676 322
42393677 322
42393681 322
42393686 322
42393687 322
42393689 322
42410235 314
42410514 314
42410515 314
42410523 314
42410527 314
42410532 314
42410533 314
42410534 314
42410535 314
42410537 314
42410550 314
42410551 314
42410553 314
42410987 314
42411940 314
42411941 314
42411942 314
42411947 314
42412201 398
42412839 314
42412843 314
42412847 314
42412905 314
42413159 314
42413566 314
42413567 314
42431935 314
42435263 368
42436827 322
42440713 314
42446983 336
42452062 314
42452063 314
42461193 341
42461927 341
42462585 322
42463913 314
42468539 322
42475815 341
42483483 341
42485778 341
42485779 341
42488615 341
42490655 352
42499307 314
42500882 314
42500883 314
42514648 368
42514650 368
42514652 368
42514653 368
42516662 341
42516663 341
42517078 341
42517079 341
42517081 341
42521924 341
42521925 341
42521926 341
42521928 341
42521930 341
42521931 341
42521932 341
42521933 341
42524897 341
42526143 360
42527591 425
42533228 303
42533229 303
42533230 303
42533457 303
42533458 303
42533459 303
42533567 303
42533753 341
42533803 341
42534343 341
42534354 341
42534355 341
42546505 306
42546729 306
42547154 341
42547155 341
42569895 341
42589180 341
42589181 341
42589182 341
42597095 322
42599190 349
42599191 349
42599193 349
42600575 322
42601081 322
42603177 322
42616447 341
42616449 341
42622079 379
42623730 360
42623731 360
42624507 322
42639519 303
42639524 303
42639525 303
42639526 303
42639650 303
42639651 303
42639652 303
42639653 303
42639654 303
42639659 303
42639851 303
42640603 303
42641023 303
42643035 314
42645979 303
42645985 303
42645999 303
42646009 303
42675070 341
42675071 341
42685238 333
42685239 333
42686523 322
42686537 322
42705156 341
42705157 341
42705158 341
42705160 341
42705162 341
42705164 341
42705165 341
42705169 341
42705185 341
42705193 341
42705695 322
42707620 341
42707621 341
42707622 341
42710151 341
42714479 341
42714607 341
42721505 341
42729234 322
42729235 322
42729919 341
42759038 314
42759039 314
42760953 360
42760959 360
42762002 349
42762003 349
42762009 349
42762011 349
42766953 379
42767295 349
42768363 314
42769755 314
42775030 341
42775031 341
42775199 341
42778233 303
42778271 303
42785511 303
42799591 303
42799643 303
42804830 314
42804831 314
42804839 314
42805896 314
42805898 314
42805900 314
42805901 314
42805904 314
42805908 314
42805909 314
42805910 314
42805911 314
42805912 314
42805914 314
42815403 314
42818427 303
42818430 303
42818431 303
42818433 303
42830555 387
42831207 322
42834651 341
42839835 322
42842273 322
42844150 352
42844151 352
42866465 314
42866473 314
42870983 303
42881531 303
42881703 349
42883179 341
42900892 379
42900893 379
42900894 379
42901119 303
42904988 322
42904989 322
42904990 322
42904991 322
42906815 322
42907887 341
42908542 322
42908543 322
42908783 322
42910222 303
42910223 303
42910814 303
42910815 303
42910879 303
42910913 303
42910914 303
42910915 303
42910919 303
42911003 303
42911023 303
42911926 322
42911927 322
42911966 322
42911967 322
42911969 322
42912799 322
42914017 303
42914031 303
42914087 322
42914657 322
42914953 322
42916217 303
42918759 303
42919121 322
42919122 322
42919123 322
42919128 322
42919130 322
42919132 322
42919133 322
42920075 303
42920105 303
42920161 303
42921398 303
42921399 303
42926319 341
42926524 341
42926525 341
42926526 341
42926527 341
42930002 379
42930003 379
42931871 360
42932140 317
42932141 317
42932142 317
42935015 303
42938747 322
42943810 322
42943811 322
42943816 322
42943818 322
42943820 322
42943821 322
42943825 322
42943826 322
42943827 322
42944041 322
42957078 341
42957079 341
42957081 341
42957084 341
42957085 341
42957086 341
42967911 314
42969499 314
42971135 303
42972092 303
42972093 303
42972094 303
42984510 303
42984511 303
42989886 303
42989887 303
42990843 379
42997947 303
42997948 303
42997949 303
42997950 303
43003559 303
43015807 303
43016359 303
43023559 368
43023566 368
43023567 368
43026096 317
43026100 317
43026101 317
43026104 317
43026106 317
43026113 317
43026119 317
43026121 317
43040491 322
43040508 322
43040509 322
43040510 322
43040539 322
43041916 303
43041917 303
43041918 303
43041929 303
43048009 303
43052256 322
43052264 322
43052266 322
43052272 322
43052273 322
43052276 322
43052277 322
43052289 322
43055015 322
43055326 322
43055327 322
43057183 322
43057223 322
43058623 322
43062911 322
43065855 322
43093439 349
43094494 349
43094495 349
43096731 322
43097132 322
43097133 322
43097134 322
43097137 322
43097138 322
43097139 322
43097145 322
43097150 322
43097151 322
43097153 322
43097154 322
43097155 322
43097159 322
43097170 322
43097171 322
43097191 322
43097195 322
43097196 322
43097197 322
43097198 322
43097244 322
43097245 322
43097246 322
43097371 322
43097385 322
43099126 322
43099127 322
43099131 322
43101531 322
43104287 349
43112615 322
43114055 322
43114108 322
43114109 322
43114110 322
43114267 322
43114655 322
43115967 314
43120617 322
43125854 303
43125855 303
43131839 341
43135211 322
43136337 360
43136338 360
43136339 360
43140335 322
43153366 341
43153367 341
43160319 360
43170239 322
43170303 322
43172335 333
43180391 330
43181787 303
43181790 303
43181791 303
43181801 303
43181953 303
43181983 303
43182038 303
43182039 303
43182201 303
43182217 303
43182302 303
43182303 303
43182305 303
43183743 303
43184425 303
43203579 360
43221151 314
43221659 322
43221675 314
43221679 314
43228001 303
43232418 341
43232419 341
43232420 341
43232421 341
43232422 341
43233951 330
43241711 341
43252969 322
43252975 322
43253500 322
43253501 322
43253502 322
43254185 303
43254511 387
43257067 322
43257263 322
43258459 322
43258663 341
43262063 322
43268920 303
43268922 303
43268924 303
43268925 303
43268926 303
43268927 303
43274966 303
43274967 303
43274991 303
43282428 314
43282429 314
43282430 314
43286151 322
43287836 322
43287837 322
43287838 322
43287995 322
43288002 322
43288003 322
43297246 322
43297247 322
43300607 303
43300630 322
43300631 322
43300633 322
43302943 322
43306354 341
43306355 341
43306358 341
43306359 341
43306363 341
43306399 341
43306407 341
43312159 303
43312210 303
43312211 303
43312767 341
43317951 303
43334059 322
43334375 303
43336191 387
43336662 322
43336663 322
43339958 322
43339959 322
43344359 341
43345449 330
43346376 360
43346378 360
43346380 360
43346381 360
43346385 360
43346395 360
43350434 360
43350435 360
43350436 360
43350437 360
43350438 360
43354590 330
43354591 330
43394299 322
43398887 314
43400359 360
43406407 360
43426796 303
43426797 303
43426798 303
43428689 333
43428690 333
43428691 333
43435271 303
43437183 303
43456679 303
43467547 322
43468457 322
43470817 322
43475547 303
43475945 303
43475951 303
43480374 368
43480375 368
43485223 360
43486201 360
43486204 360
43486205 360
43486206 360
43486207 360
43490727 303
43490729 303
43493103 303
43493211 303
43493287 322
43496824 303
43496826 303
43496828 303
43496829 303
43496833 303
43497007 303
43497392 303
43497396 303
43497397 303
43497400 303
43497401 303
43497402 303
43497403 303
43497409 303
43497410 303
43497411 303
43497430 303
43497431 303
43498271 303
43500155 303
43500479 303
43500700 303
43500701 303
43500702 303
43504684 303
43504685 303
43504686 303
43504689 303
43504690 303
43504691 303
43504697 303
43504699 303
43504702 303
43504703 303
43504743 303
43504767 303
43504999 303
43511275 322
43511580 322
43511581 322
43511582 322
43512185 322
43527038 303
43527039 303
43527049 303
43529714 303
43529715 303
43529718 303
43529719 303
43529721 303
43529726 303
43529727 303
43530011 303
43534838 360
43534839 360
43536310 303
43536311 303
43537455 387
43542153 330
43543169 322
43544761 341
43544763 341
43551401 322
43572719 303
43577352 360
43577354 360
43577356 360
43577357 360
43577361 360
43577366 360
43577367 360
43577372 360
43577373 360
43577374 360
43577380 360
43577381 360
43577382 360
43578783 314
43587199 414
43594046 387
43594047 387
43595730 314
43595731 314
43610544 349
43610548 349
43610549 349
43610552 349
43610554 349
43610561 349
43610562 349
43610563 349
43611062 303
43611063 303
43611065 303
43611067 303
43611079 303
43627692 303
43627693 303
43627694 303
43627697 303
43627698 303
43627699 303
43627708 303
43627709 303
43627710 303
43627713 303
43627714 303
43627715 303
43627719 303
43627726 303
43627727 303
43627729 303
43627730 303
43627731 303
43627745 303
43629217 303
43635510 322
43635511 322
43639672 303
43639674 303
43639676 303
43639677 303
43640255 314
43642843 303
43642849 303
43642863 303
43643503 303
43643547 303
43643551 303
43643580 303
43643581 303
43643582 303
43644366 303
43644367 303
43644617 303
43644619 303
43644625 303
43644626 303
43644627 303
43644647 303
43644655 303
43644769 303
43644841 303
43645895 303
43647241 303
43647353 303
43647442 303
43647443 303
43647617 303
43652123 330
43652860 303
43652861 303
43652862 303
43655148 303
43655149 303
43655150 303
43655593 330
43656722 303
43656723 303
43658879 303
43660231 303
43660257 303
43661244 303
43661245 303
43661246 303
43661247 303
43661403 303
43661531 303
43661630 303
43661631 303
43661649 303
43661650 303
43661651 303
43673129 341
43678377 330
43685136 303
43685140 303
43685141 303
43685144 303
43685146 303
43685152 303
43685154 303
43685155 303
43685156 303
43685157 303
43685158 303
43685159 303
43685160 303
43685162 303
43685163 303
43685164 303
43685165 303
43685166 303
43685168 303
43685172 303
43685173 303
43685176 303
43685178 303
43685179 303
43685180 303
43685181 303
43685185 303
43685186 303
43685187 303
43685193 303
43685198 303
43685199 303
43685228 303
43685229 303
43685230 303
43685243 303
43685257 303
43685362 303
43685363 303
43685369 303
43685377 303
43685403 303
43685423 303
43685479 303
43685483 303
43685487 303
43686393 303
43686505 303
43687147 303
43689580 303
43689581 303
43689582 303
43692633 303
43697135 303
43699132 303
43699133 303
43699134 303
43699769 303
43699879 303
43700668 303
43700669 303
43700670 303
43700809 303
43702273 303
43702299 303
43702303 303
43702319 303
43702321 303
43702322 303
43702323 303
43702326 303
43702327 303
43702334 303
43702335 303
43702363 303
43702375 341
43702497 303
43702943 303
43703451 303
43704223 303
43706027 341
43706031 341
43708555 303
43708558 303
43708559 303
43709033 303
43711137 341
43711847 311
43716015 303
43719550 349
43719551 349
43719591 349
43720299 322
43720431 349
43723858 303
43723859 303
43727359 303
43727871 303
43733737 322
43736929 303
43742124 322
43742125 322
43742126 322
43745278 322
43745279 322
43746975 314
43747231 314
43747707 314
43754987 341
43755998 387
43755999 387
43756537 303
43757545 303
43759225 303
43759481 311
43760982 314
43760983 314
43760987 314
43761206 314
43761207 314
43761273 314
43764475 330
43766427 379
43768374 322
43768375 322
43769166 322
43769167 322
43779175 341
43787241 303
43790335 341
43793019 341
43793025 341
43807170 322
43807171 322
43813319 314
43813871 322
43822268 322
43822269 322
43822270 322
43826017 322
43826809 322
43826812 322
43826813 322
43826814 322
43826817 322
43831670 322
43831671 322
43832318 303
43832319 303
43840603 303
43840731 303
43840751 303
43842299 303
43843103 303
43843625 303
43843662 303
43843663 303
43843675 303
43845103 303
43847433 303
43847435 303
43847442 303
43847443 303
43848479 303
43859006 322
43859007 322
43876722 303
43876723 303
43876726 303
43876727 303
43877871 303
43878425 303
43878431 303
43878447 303
43878588 303
43878589 303
43878590 303
43878718 303
43878719 303
43882747 387
43882873 303
43882907 303
43883163 303
43883519 303
43884287 387
43884822 303
43884823 303
43884825 303
43885180 303
43885181 303
43885182 303
43887273 303
43890027 360
43890031 360
43890057 360
43890079 360
43890089 360
43890095 360
43890107 360
43890108 360
43890109 360
43890110 360
43890153 360
43891394 303
43891395 303
43891399 303
43891403 303
43891406 303
43891407 303
43892015 322
43894238 322
43894239 322
43897217 322
43897218 322
43897219 322
43897220 322
43897221 322
43897222 322
43897223 322
43897249 303
43897250 322
43897251 322
43897252 322
43897253 322
43897254 322
43897287 322
43897854 322
43897855 322
43904127 322
43912758 311
43912759 311
43922281 303
43923815 341
43924135 303
43927515 303
43927783 303
43931260 303
43931261 303
43931262 303
43933723 303
43934174 311
43934175 311
43934322 322
43934323 322
43934459 322
43935719 322
43936793 311
43936796 311
43936797 311
43936798 311
43936801 311
43937788 341
43937789 341
43937790 341
43940079 303
43941887 341
43945625 322
43971806 303
43971807 303
43974335 303
43974569 303
43974913 368
43974914 368
43974915 368
43974921 368
43977115 303
43978599 368
43978665 341
43991743 368
43994396 387
43994397 387
43994398 387
43997100 349
43997101 349
43997102 349
43998620 341
43998621 341
43998622 341
43998939 368
44006335 303
44008801 303
44021225 314
44021351 303
44025726 303
44025727 303
44026351 368
44031535 368
44041151 303
44055321 303
44055634 303
44055635 303
44056062 303
44056063 303
44057215 303
44058267 303
44059001 303
44060513 349
44061511 303
44061631 303
44061732 303
44061733 303
44061734 303
44063609 303
44063865 303
44063871 303
44067259 303
44072286 303
44072287 303
44072295 303
44077799 341
44077878 341
44077879 341
44078057 341
44078507 341
44079497 341
44079499 341
44080761 341
44081151 379
44084975 303
44086891 303
44092982 303
44092983 303
44094926 322
44094927 322
44095231 322
44097233 303
44097234 303
44097235 303
44097534 322
44097535 322
44102654 303
44102655 303
44104913 303
44104914 303
44104915 303
44105835 303
44121067 322
44121193 341
44121196 341
44121197 341
44121198 341
44136214 311
44136215 311
44136217 311
44136553 303
44137353 303
44138872 322
44138874 322
44138876 322
44138877 322
44149180 322
44149181 322
44149182 322
44154649 349
44160121 303
44160182 303
44160183 303
44161298 379
44161299 379
44170302 341
44170303 341
44171932 341
44171933 341
44171934 341
44176155 303
44185825 311
44186399 379
44193810 368
44193811 368
44206183 368
44225337 303
44229211 303
44230843 303
44235519 303
44236847 322
44247660 311
44247661 311
44247662 311
44247679 311
44249791 303
44267446 322
44267447 322
44269481 322
44269609 322
44274267 311
44278030 311
44278031 311
44278175 311
44288385 311
44288395 311
44288478 311
44288479 311
44288761 322
44288767 322
44289026 311
44289027 311
44289031 311
44289033 311
44292699 322
44294934 311
44294935 311
44294937 311
44302328 322
44302330 322
44302332 322
44302333 322
44302334 322
44302335 322
44302929 303
44302930 303
44302931 303
44316030 330
44316031 330
44316354 330
44316355 330
44316790 303
44316791 303
44316795 303
44316799 303
44320539 322
44328495 311
44330411 303
44333881 303
44334328 303
44334330 303
44334332 303
44334333 303
44336495 303
44338928 303
44338932 303
44338933 303
44338936 303
44338938 303
44341570 303
44341571 303
44342209 303
44342210 303
44342211 303
44342463 311
44346001 322
44346002 322
44346003 322
44352974 368
44352975 368
44362155 303
44363131 303
44363134 303
44363135 303
44364287 368
44365518 303
44365519 303
44366326 303
44366327 303
44366329 303
44382561 368
44382567 368
44384233 368
44384495 368
44387743 322
44390508 322
44390509 322
44390510 322
44392139 303
44392142 303
44392143 303
44392270 303
44392271 303
44393927 368
44401758 303
44401759 303
44410166 303
44410167 303
44411561 303
44412231 303
44421787 303
44424702 303
44424703 303
44424737 303
44424748 303
44424749 303
44424750 303
44424753 303
44424754 303
44424755 303
44424760 303
44424762 303
44424763 303
44424764 303
44424765 303
44424777 303
44424782 303
44424783 303
44424863 303
44425051 303
44426731 303
44429686 303
44429687 303
44429762 303
44429763 303
44429807 349
44433659 349
44444313 406
44446023 311
44457391 303
44468671 303
44481895 433
44486081 330
44486082 330
44486083 330
44488834 341
44488835 341
44488836 341
44488837 341
44488838 341
44488859 341
44488865 341
44488879 341
44488881 341
44488882 341
44488883 341
44488889 341
44488891 341
44488892 341
44488893 341
44488894 341
44488895 341
44488900 341
44488901 341
44488902 341
44488904 341
44488906 341
44488908 341
44488909 341
44488920 341
44488921 341
44488922 341
44488924 341
44488925 341
44488952 341
44488954 341
44488956 341
44488957 341
44490823 303
44490830 303
44490831 303
44490846 303
44490847 303
44493531 303
44495585 303
44495742 303
44495743 303
44495983 303
44496160 303
44496168 303
44496170 303
44496176 303
44496180 303
44496181 303
44496193 303
44496196 303
44496197 303
44496198 303
44496203 303
44496551 303
44496809 303
44500273 303
44500274 303
44500275 303
44502943 303
44502951 303
44502972 303
44502973 303
44502974 303
44503009 303
44525659 303
44526753 349
44528699 379
44533744 303
44533748 303
44533749 303
44533752 303
44533753 303
44533754 303
44533863 303
44545193 303
44560839 322
44574887 349
44586223 406
44591928 349
44591930 349
44591932 349
44591933 349
44597371 330
44599234 349
44599235 349
44603598 330
44603599 330
44606625 349
44607647 330
44607710 322
44607711 322
44614308 368
44614309 368
44614310 368
44632209 349
44632210 349
44632211 349
44632217 349
44632225 349
44632252 349
44632253 349
44632254 349
44632270 349
44632271 349
44632859 322
44651726 349
44651727 349
44661646 330
44661647 330
44661660 330
44661661 330
44661662 330
44661663 330
44674539 330
44674907 349
44679167 322
44679279 322
44679410 322
44679411 322
44679886 322
44679887 322
44680127 322
44680889 322
44680891 322
44680895 322
44682172 322
44682173 322
44682174 322
44682603 322
44696283 303
44699169 303
44699177 303
44704370 303
44704371 303
44705433 303
44705791 303
44710889 322
44711425 303
44713526 303
44713527 303
44716831 303
44722742 303
44722743 303
44723025 303
44723026 303
44723027 303
44723158 322
44723159 322
44725078 303
44725079 303
44725867 303
44733548 349
44733549 349
44733550 349
44739236 303
44739237 303
44739238 303
44740607 330
44741086 303
44741087 303
44741116 368
44741117 368
44741118 368
44741871 303
44750814 303
44750815 303
44750959 303
44751527 303
44758683 349
44763812 360
44763813 360
44763814 360
44774588 322
44774589 322
44774590 322
44789080 376
44789082 376
44789084 376
44789085 376
44789097 376
44791215 349
44791655 349
44796758 349
44796759 349
44796766 349
44796767 349
44802724 433
44802725 433
44802726 433
44808254 311
44808255 311
44808667 311
44808907 311
44809852 349
44809853 349
44809854 349
44822649 314
44822652 314
44822653 314
44822654 314
44822655 314
44822665 314
44832383 387
44848155 357
44869714 303
44869715 303
44869796 303
44869797 303
44869798 303
44870009 303
44871407 303
44871451 303
44873371 303
44873462 303
44873463 303
44873593 303
44873682 303
44873683 303
44873793 303
44873794 303
44873795 303
44873799 303
44875951 330
44878158 357
44878159 357
44882638 414
44882639 414
44884190 303
44884191 303
44887911 303
44892831 303
44892961 303
44893016 303
44893018 303
44893020 303
44893021 303
44893033 303
44896999 303
44897519 303
44903783 330
44909913 303
44909918 303
44909919 303
44909921 303
44912905 303
44913435 303
44920649 311
44920782 311
44920783 311
44920790 311
44920791 311
44920993 311
44927454 311
44927455 311
44927471 311
44927481 311
44944431 303
44951035 303
44951038 303
44951039 303
44951169 303
44953596 349
44953597 349
44953598 349
44954863 330
44956911 303
44968617 349
44968809 341
44969214 311
44969215 311
44989784 349
44989786 349
44989788 349
44989789 349
44989793 349
44989801 349
44989807 349
44992393 349
44993334 303
44993335 303
44993563 303
44999612 349
44999613 349
44999614 349
45006619 368
45007012 349
45007013 349
45007014 349
45013487 357
45046559 322
45050686 387
45050687 387
45057115 322
45063580 349
45063581 349
45063582 349
45074619 303
45080697 303
45080703 303
45081627 303
45088287 322
45089334 311
45089335 311
45094798 322
45094799 322
45095163 303
45095872 322
45095888 322
45095892 322
45095893 322
45095904 322
45095906 322
45095907 322
45095912 322
45095914 322
45095921 322
45095922 322
45095923 322
45095926 322
45095927 322
45095937 322
45104287 311
45116734 322
45116735 322
45129727 303
45130479 303
45134473 303
45136222 360
45136223 360
45143067 330
45148990 303
45148991 303
45163241 303
45168799 303
45175785 357
45178098 303
45178099 303
45187143 303
45194087 303
45195375 330
45195992 387
45195994 387
45195996 387
45195997 387
45200313 330
45200315 330
45200316 330
45200317 330
45200318 330
45204057 330
45205826 311
45205827 311
45206521 311
45206687 303
45207625 330
45207711 303
45210815 330
45212139 311
45212415 311
45212699 311
45215207 330
45215209 330
45215212 330
45215213 330
45215214 330
45216118 303
45216119 303
45216222 311
45216223 311
45216260 303
45216261 303
45216262 303
45216267 303
45216270 303
45216271 303
45216274 303
45216275 303
45216310 303
45216311 303
45216638 303
45216639 303
45217784 303
45217786 303
45217788 303
45217789 303
45221118 303
45221119 303
45221611 303
45221615 303
45223001 349
45223006 349
45223007 349
45226667 387
45227175 303
45228918 325
45228919 325
45228926 325
45228927 325
45233263 341
45235876 330
45235877 330
45235878 330
45237663 330
45237726 330
45237727 330
45241063 330
45241184 330
45241192 330
45241194 330
45241200 330
45241201 330
45241204 330
45241205 330
45241208 330
45241210 330
45241212 330
45241213 330
45241218 330
45241219 330
45241223 330
45241230 330
45241231 330
45244641 303
45254503 349
45255195 349
45257775 303
45260927 330
45271000 311
45271002 311
45271004 311
45271005 311
45278655 322
45283201 303
45284031 311
45284095 311
45288585 303
45288968 303
45288970 303
45288972 303
45288973 303
45288976 303
45288977 303
45288980 303
45288981 303
45288984 303
45288986 303
45288988 303
45288989 303
45288990 303
45288994 303
45288995 303
45288999 303
45289003 303
45289007 303
45289464 303
45289466 303
45289468 303
45289469 303
45289705 303
45289707 303
45289711 303
45289810 303
45289811 303
45290215 303
45290488 303
45290490 303
45290492 303
45290493 303
45290494 303
45290495 303
45290523 303
45290623 303
45291039 303
45291446 303
45291447 303
45291452 303
45291453 303
45291454 303
45291455 303
45291497 303
45291513 303
45291518 303
45291519 303
45291695 303
45292219 303
45292231 303
45292235 303
45294843 303
45294846 303
45294847 303
45298142 379
45298143 379
45298249 311
45311694 311
45311695 311
45317055 311
45317063 311
45321212 303
45321213 303
45321214 303
45325247 376
45327905 325
45327908 325
45327909 325
45327910 325
45327911 325
45327926 325
45327927 325
45331126 303
45331127 303
45341439 303
45341577 303
45343084 330
45343085 330
45343086 330
45343087 330
45344569 311
45344583 311
45348393 330
45355464 330
45355466 330
45355467 330
45355468 330
45355469 330
45355473 330
45355478 330
45355479 330
45355483 330
45355497 330
45358697 330
45359387 330
45360575 311
45360694 330
45360695 330
45360879 330
45362169 330
45363577 330
45366684 330
45366685 330
45366686 330
45369340 330
45369341 330
45369342 330
45375467 330
45376239 330
45383783 303
45385468 303
45385469 303
45385470 303
45395967 311
45400175 357
45402738 330
45402739 330
45402745 330
45402761 330
45402766 330
45402767 330
45402777 330
45402806 330
45402807 330
45402859 330
45402863 330
45402991 330
45403113 330
45404834 330
45404835 330
45404836 330
45404837 330
45404838 330
45407950 330
45407951 330
45419004 330
45419005 330
45419006 330
45420622 330
45420623 330
45421198 330
45421199 330
45421211 330
45427593 330
45434879 330
45439303 349
45442855 330
45444041 368
45450023 303
45461982 349
45461983 349
45477607 338
45483239 303
45483247 303
45485215 357
45487081 303
45488169 311
45490450 338
45490451 338
45491937 311
45492059 311
45492071 311
45492187 311
45492449 311
45492466 311
45492467 311
45517481 311
45532699 338
45535969 303
45537266 303
45537267 303
45545263 349
45549993 349
45558505 311
45559655 311
45566919 330
45567468 330
45567469 330
45567470 330
45572521 330
45576895 330
45582335 322
45583463 349
45583704 311
45583706 311
45583708 311
45583709 311
45583721 311
45583723 311
45589231 322
45590087 311
45597944 322
45597946 322
45597948 322
45597949 322
45601874 330
45601875 330
45602254 330
45602255 330
45603640 330
45603642 330
45603643 330
45603644 330
45603645 330
45603951 330
45604178 311
45604179 311
45606447 330
45608939 330
45611647 376
45613558 330
45613559 330
45613695 330
45617127 330
45623163 349
45629316 311
45629317 311
45629318 311
45629323 311
45634495 311
45656575 303
45658555 330
45663190 349
45663191 349
45664310 338
45664311 338
45665316 368
45665317 368
45665318 368
45665319 368
45665327 368
45669590 368
45669591 368
45669595 368
45672587 303
45679401 303
45691817 311
45694591 368
45703931 395
45707035 303
45707691 303
45708615 303
45710040 303
45710042 303
45710044 303
45710045 303
45711212 303
45711213 303
45711214 303
45720553 322
45721334 303
45721335 303
45737513 376
45743871 330
45750024 311
45750026 311
45750028 311
45750029 311
45750033 311
45750038 311
45750039 311
45752033 341
45758966 311
45758967 311
45775868 303
45775869 303
45775870 303
45785415 311
45793929 330
45801831 311
45816991 311
45817001 311
45817063 311
45817391 311
45820086 330
45820087 330
45823810 311
45823811 311
45823817 311
45823822 311
45823823 311
45824401 311
45824402 311
45824403 311
45824406 311
45824407 311
45824409 311
45824423 311
45824431 311
45824449 311
45824450 311
45824451 311
45825337 311
45826715 311
45827323 311
45827326 311
45827327 311
45827897 311
45832092 311
45832093 311
45832094 311
45832107 311
45832108 311
45832109 311
45832110 311
45833726 311
45833727 311
45839039 330
45839999 330
45843710 368
45843711 368
45845999 306
45846750 395
45846751 395
45853049 311
45858302 311
45858303 311
45858460 311
45858461 311
45858462 311
45858471 311
45858473 311
45858475 311
45858774 311
45858775 311
45861729 303
45865409 311
45865410 311
45865411 311
45872632 330
45872634 330
45872636 330
45872637 330
45881310 330
45881311 330
45883086 322
45883087 322
45885883 303
45885884 303
45885885 303
45885886 303
45885887 303
45885895 303
45885915 303
45902249 311
45908651 368
45908655 368
45908668 368
45908669 368
45908670 368
45908679 368
45914907 303
45916159 360
45938939 311
45943618 357
45943619 357
45943625 357
45943633 357
45943634 357
45943635 357
45946360 306
45946362 306
45946364 306
45946365 306
45949039 322
45953767 330
45961682 311
45961683 311
45961686 311
45961687 311
45961694 311
45961695 311
45961700 311
45961701 311
45961702 311
45961705 311
45961707 311
45961718 311
45961719 311
45961721 311
45961723 311
45961724 311
45961725 311
45961726 311
45961727 311
45963291 311
45974300 311
45974301 311
45974302 311
45974305 311
45977257 311
45977598 311
45977599 311
45977767 311
45978239 311
45978422 311
45978423 311
45979513 311
45979515 311
45979521 311
45979675 311
45980859 311
45981439 311
45982395 311
45982486 311
45982487 311
45982489 311
45982831 311
45991166 311
45991167 311
45992265 311
45995967 311
45997031 311
45997033 311
45997330 311
45997331 311
45998383 311
45999743 311
46009550 349
46009551 349
46021663 311
46021867 311
46022200 311
46022202 311
46022203 311
46022204 311
46022205 311
46022209 311
46022210 311
46022211 311
46022212 311
46022213 311
46022214 311
46022216 311
46022218 311
46022219 311
46022220 311
46022221 311
46022222 311
46022223 311
46022225 311
46022226 311
46022227 311
46022230 311
46022231 311
46022238 311
46022239 311
46022241 311
46022247 311
46022251 311
46022255 311
46022265 311
46022297 311
46022308 311
46022309 311
46022310 311
46022326 311
46022327 311
46022439 311
46022569 311
46023527 311
46024316 311
46024317 311
46024318 311
46026881 311
46029823 338
46033659 311
46034940 311
46034941 311
46034942 311
46035711 330
46037612 311
46037613 311
46037614 311
46038561 311
46038569 311
46038697 311
46038710 311
46038711 311
46040255 311
46040312 311
46040314 311
46040316 311
46040317 311
46040361 349
46041993 303
46043247 322
46044841 330
46046873 311
46047374 311
46047375 311
46056687 311
46058454 357
46058455 357
46060871 311
46062846 311
46062847 311
46066681 311
46077471 330
46082236 330
46082237 330
46082238 330
46082239 330
46085558 330
46085559 330
46095787 349
46103209 338
46105782 338
46105783 338
46108607 395
46115687 376
46129131 311
46135855 349
46135862 349
46135863 349
46138139 319
46148967 311
46150763 330
46155184 303
46155188 303
46155189 303
46155192 303
46155194 303
46155201 303
46155207 303
46157816 330
46157818 330
46157820 330
46157821 330
46166660 330
46166661 330
46166662 330
46166667 330
46166761 311
46168303 319
46170617 330
46171448 330
46171450 330
46171452 330
46171453 330
46171463 330
46171854 330
46171855 330
46187771 311
46188598 311
46188599 311
46188617 311
46188711 311
46189164 311
46189165 311
46189166 311
46189383 311
46193183 311
46194281 311
46194367 311
46194459 311
46198383 311
46198631 311
46199387 311
46205097 311
46205371 330
46211211 303
46211214 303
46211215 303
46224034 311
46224035 311
46224036 311
46224037 311
46224038 311
46225835 311
46226001 311
46226002 311
46226003 311
46226011 311
46226139 311
46230383 395
46232002 395
46232003 395
46232569 311
46232571 311
46238055 368
46238107 368
46238123 368
46238139 368
46238143 368
46238185 368
46239497 311
46242943 330
46245616 330
46245620 330
46245621 330
46245624 330
46245626 330
46245627 330
46245660 330
46245661 330
46245662 330
46245663 330
46246299 330
46273644 349
46273645 349
46273646 349
46281490 311
46281491 311
46287318 319
46287319 319
46287323 319
46288364 349
46288365 349
46288366 349
46292686 349
46292687 349
46323359 311
46327478 376
46327479 376
46329799 311
46339519 311
46340775 433
46344331 303
46345209 376
46350855 357
46352449 349
46352450 349
46352451 349
46355695 319
46357103 311
46357500 311
46357501 311
46357502 311
46357739 311
46362239 349
46363183 311
46367047 349
46376246 322
46376247 322
46377185 311
46381010 311
46381011 311
46387135 376
46412191 311
46412521 311
46417659 357
46418486 311
46418487 311
46418814 311
46418815 311
46421083 311
46421231 311
46425535 368
46430063 311
46435743 349
46436255 433
46436615 349
46437657 349
46437659 349
46439401 387
46443431 311
46443687 311
46444779 311
46445223 311
46445225 311
46456347 311
46461423 311
46464764 311
46464765 311
46464766 311
46475945 303
46489598 349
46489599 349
46492391 376
46496633 303
46497409 319
46497535 303
46497767 311
46498495 311
46500194 330
46500195 330
46500196 330
46500197 330
46500198 330
46500210 330
46500211 330
46516830 357
46516831 357
46523835 387
46525097 303
46535032 349
46535034 349
46535036 349
46535037 349
46545639 303
46545913 303
46550279 387
46554622 303
46554623 303
46564287 460
46570462 338
46570463 338
46575954 303
46575955 303
46579937 311
46597103 311
46603425 330
46617063 311
46634206 330
46634207 330
46634215 330
46635662 330
46635663 330
46642686 384
46642687 384
46644201 330
46644763 357
46644863 319
46646815 319
46656795 303
46658401 319
46662825 330
46672406 330
46672407 330
46672409 330
46672415 330
46673041 311
46673042 311
46673043 311
46675739 330
46677863 330
46678222 395
46678223 395
46678614 300
46678615 300
46678617 300
46686844 338
46686845 338
46686846 338
46686889 338
46687186 338
46687187 338
46687644 311
46687645 311
46687646 311
46687785 338
46688481 338
46701995 311
46706121 311
46706123 311
46708942 300
46708943 300
46710956 311
46710957 311
46710958 311
46710961 311
46710962 311
46710963 311
46714425 311
46716393 303
46716914 303
46716915 303
46718418 330
46718419 330
46729486 300
46729487 300
46730646 300
46730647 300
46730649 300
46730655 300
46730894 303
46730895 303
46731094 303
46731095 303
46731119 303
46731291 303
46731401 303
46731423 303
46733006 303
46733007 303
46736466 311
46736467 311
46737319 338
46737682 376
46737683 376
46738663 303
46739830 311
46739831 311
46739835 311
46740711 300
46740807 300
46740911 300
46751775 330
46758697 376
46762395 330
46765304 330
46765306 330
46765308 330
46765309 330
46767163 311
46780095 311
46785775 311
46786017 311
46786977 303
46786978 303
46786979 303
46786980 303
46786981 303
46786982 303
46786983 303
46787007 303
46787484 311
46787485 311
46787486 311
46787487 311
46787567 311
46796337 300
46796338 300
46796339 300
46796540 311
46796541 311
46796542 311
46798151 300
46798187 300
46798191 300
46800539 311
46801366 311
46801367 311
46801380 311
46801381 311
46801382 311
46801385 311
46801387 311
46801388 311
46801389 311
46801390 311
46801394 311
46801395 311
46801415 311
46801785 311
46806577 311
46806578 311
46806579 311
46806665 311
46810766 357
46810767 357
46819439 322
46821991 414
46821999 414
46835766 311
46835767 311
46865993 338
46868892 349
46868893 349
46868894 349
46868897 349
46868924 349
46868925 349
46868926 349
46868950 349
46868951 349
46868955 349
46868958 349
46868959 349
46868964 349
46868965 349
46868966 349
46868976 349
46868980 349
46868981 349
46868984 349
46868985 349
46868986 349
46868987 349
46869014 349
46869015 349
46869017 349
46869023 349
46871006 311
46871007 311
46871015 311
46871019 311
46871023 311
46871199 311
46871583 311
46876425 311
46876592 311
46876596 311
46876597 311
46876600 311
46876602 311
46876609 311
46876616 311
46876618 311
46876619 311
46876620 311
46876621 311
46876622 311
46876623 311
46876625 311
46876644 311
46876645 311
46876646 311
46876647 311
46876775 311
46877292 311
46877293 311
46877294 311
46879457 311
46880993 311
46883790 311
46883791 311
46887451 311
46907689 311
46910891 387
46912974 422
46912975 422
46913639 319
46914559 300
46916194 311
46916195 311
46916196 311
46916197 311
46916198 311
46916217 311
46917686 311
46917687 311
46918828 300
46918829 300
46918830 300
46918833 300
46918834 300
46918835 300
46918838 300
46918839 300
46918844 300
46918845 300
46918846 300
46918847 300
46921209 300
46921211 300
46928267 311
46936223 300
46949403 357
46959548 357
46959549 357
46959550 357
46973019 414
46977505 357
46980350 376
46980351 376
46983239 338
46984859 330
46985196 357
46985197 357
46985198 357
46989353 357
46989799 338
46989807 338
46992987 357
46994062 338
46994063 338
46997247 330
46999643 330
47001081 376
47001083 376
47008961 303
47008962 303
47008963 303
47008969 303
47008971 303
47008987 303
47008990 303
47008991 303
47011753 368
47019943 357
47019947 357
47020009 357
47033471 384
47040498 357
47040499 357
47041255 352
47050951 338
47050966 338
47050967 338
47069409 330
47069494 330
47069495 330
47069665 330
47069695 330
47070166 330
47070167 330
47071222 330
47071223 330
47071224 330
47071225 330
47071226 330
47071228 330
47071229 330
47072568 330
47072570 330
47072572 330
47072573 330
47085215 300
47090489 311
47093417 330
47095963 311
47098875 311
47105607 311
47106287 357
47115614 311
47115615 311
47115748 330
47115749 330
47115750 330
47115755 330
47117415 311
47124095 330
47124306 330
47124307 330
47126699 357
47131793 300
47131794 300
47131795 300
47132690 311
47132691 311
47134636 311
47134637 311
47134638 311
47134971 311
47144895 311
47145636 311
47145637 311
47145638 311
47158577 368
47158578 368
47158579 368
47168191 330
47169934 330
47169935 330
47184734 300
47184735 300
47184737 300
47185201 384
47185202 384
47185203 384
47187967 357
47193297 357
47193298 357
47193299 357
47199574 441
47199575 441
47199579 441
47200974 357
47200975 357
47205401 319
47205838 319
47205839 319
47207087 357
47214363 338
47230823 395
47250802 300
47250803 300
47250806 300
47250807 300
47250820 300
47250821 300
47250822 300
47250827 300
47265705 365
47268079 357
47270146 311
47270147 311
47270151 311
47270233 311
47270238 311
47270239 311
47271561 311
47271928 311
47271930 311
47271932 311
47271933 311
47274331 311
47279047 365
47279211 300
47280071 300
47280379 300
47281435 300
47282401 300
47282558 300
47282559 300
47282799 300
47283236 300
47283237 300
47283238 300
47283239 300
47283241 300
47283513 300
47283743 300
47283761 422
47283762 422
47283763 422
47283766 422
47283767 422
47284841 300
47284891 300
47289321 311
47294296 300
47294298 300
47294300 300
47294301 300
47294505 311
47294692 311
47294693 311
47294694 311
47294980 300
47294981 300
47294982 300
47294987 300
47294990 300
47294991 300
47296423 357
47298894 311
47298895 311
47301284 300
47301285 300
47301286 300
47301287 300
47305569 300
47306041 338
47306287 376
47311207 311
47312505 311
47317289 300
47317663 300
47323809 319
47323951 319
47323958 319
47323959 319
47324159 319
47325467 319
47352489 338
47355820 311
47355821 311
47355822 311
47358521 357
47359855 338
47364350 357
47364351 357
47364763 357
47374972 319
47374973 319
47374974 319
47394857 357
47396641 357
47396649 357
47399166 311
47399167 311
47400427 311
47403346 311
47403347 311
47406993 357
47406994 357
47406995 357
47414379 376
47414793 357
47417038 376
47417039 376
47419598 303
47419599 303
47421615 365
47424539 376
47429543 338
47456999 303
47460801 395
47460802 395
47460803 395
47462625 300
47474385 357
47474386 357
47474387 357
47493479 311
47504111 319
47505406 319
47505407 319
47508368 330
47508372 330
47508373 330
47508376 330
47508378 330
47508386 330
47508387 330
47508400 330
47508401 330
47508402 330
47508403 330
47508404 330
47508405 330
47508406 330
47508407 330
47508408 330
47508410 330
47508440 330
47508442 330
47508443 330
47508444 330
47508445 330
47508459 330
47508460 330
47508461 330
47508462 330
47508475 330
47508476 330
47508477 330
47508478 330
47544073 311
47545257 333
47550913 368
47550914 368
47550915 368
47553663 300
47563913 311
47564366 311
47564367 311
47576091 311
47579378 311
47579379 311
47580137 414
47585234 311
47585235 311
47595518 338
47595519 338
47602665 338
47613881 395
47613883 395
47618441 338
47619241 311
47622379 338
47624246 319
47624247 319
47625148 311
47625149 311
47625150 311
47625631 311
47626139 338
47626238 338
47626239 338
47626919 311
47629499 338
47630895 319
47632879 319
47634126 338
47634127 338
47634129 338
47634130 338
47634131 338
47635086 311
47635087 311
47635233 311
47635247 311
47635286 311
47635287 311
47636841 311
47636843 311
47636847 311
47640873 311
47642337 357
47646198 395
47646199 395
47650663 319
47655905 338
47657851 338
47661448 338
47661450 338
47661452 338
47661453 338
47661456 338
47661460 338
47661461 338
47661464 338
47661466 338
47661489 338
47661490 338
47661491 338
47661497 338
47661511 338
47661513 338
47661515 338
47661518 338
47661519 338
47661522 338
47661523 338
47661534 338
47661535 338
47661543 338
47682290 338
47682291 338
47687103 441
47692888 319
47692890 319
47692892 319
47692893 319
47692898 319
47692899 319
47692900 319
47692901 319
47692902 319
47693415 319
47700969 330
47706607 319
47711457 311
47711515 311
47711679 311
47711791 311
47711830 311
47711831 311
47711833 311
47711838 311
47711839 311
47711841 311
47711852 311
47711853 311
47711854 311
47711855 311
47711858 311
47711859 311
47711868 311
47711869 311
47711870 311
47711873 311
47712361 311
47712609 311
47712633 311
47713147 311
47713433 311
47713436 311
47713437 311
47713438 311
47713441 311
47713577 311
47713727 395
47714443 311
47714449 311
47714450 311
47714451 311
47714518 311
47714519 311
47715263 311
47715271 311
47721497 387
47724703 349
47728155 319
47741430 319
47741431 319
47741439 338
47745803 311
47752857 333
47752875 333
47756246 311
47756247 311
47758571 311
47766375 311
47768843 338
47768859 338
47770409 319
47771902 311
47771903 311
47772207 338
47777106 319
47777107 319
47781889 338
47783359 300
47787271 319
47790433 338
47792295 319
47793919 338
47795839 338
47796502 338
47796503 338
47796505 338
47799945 338
47805993 338
47811583 338
47811721 311
47813494 311
47813495 311
47828984 365
47828986 365
47828988 365
47828989 365
47831246 338
47831247 338
47831711 338
47831713 338
47831714 338
47831715 338
47831716 338
47831717 338
47831718 338
47831817 338
47833899 338
47833903 338
47837168 338
47837172 338
47837173 338
47837176 338
47837178 338
47840510 338
47840511 338
47848827 338
47849441 300
47849884 300
47849885 300
47849886 300
47850140 300
47850141 300
47850142 300
47850143 300
47850473 338
47850529 338
47851137 338
47851150 338
47851151 338
47864559 303
47864818 303
47864819 303
47864822 303
47864823 303
47865071 303
47865550 338
47865551 338
47875201 376
47912830 338
47912831 338
47924088 346
47924090 346
47924092 346
47924093 346
47925759 319
47926217 319
47928574 319
47928575 319
47943506 338
47943507 338
47951698 357
47951699 357
47952571 319
47969468 300
47969469 300
47969470 300
47969607 300
47969608 300
47969610 300
47969612 300
47969613 300
47969617 300
47969833 300
47969919 330
47969951 300
47970678 300
47970679 300
47971431 300
47973415 311
47973417 311
47976726 300
47976727 300
47976729 300
47976732 300
47976733 300
47976734 300
47976735 300
47976747 300
47976761 300
47986779 357
47997001 319
48004655 338
48006009 319
48009455 338
48020892 330
48020893 330
48020894 330
48022338 319
48022339 319
48022353 319
48022354 319
48022355 319
48028159 330
48037339 330
48041479 338
48043296 338
48043304 338
48043306 338
48043312 338
48043316 338
48043317 338
48043329 338
48043332 338
48043333 338
48043334 338
48043339 338
48043342 338
48043343 338
48043905 319
48046076 338
48046077 338
48046078 338
48048921 338
48061694 338
48061695 338
48063903 357
48070390 319
48070391 319
48071147 357
48103919 311
48104551 357
48106073 357
48107254 346
48107255 346
48107260 346
48107261 346
48107262 346
48107263 346
48108319 376
48108327 376
48112822 376
48112823 376
48114409 311
48115975 311
48121910 338
48121911 338
48125513 300
48133801 300
48148479 311
48148639 338
48149598 300
48149599 300
48152223 300
48155435 311
48156640 311
48156648 311
48156650 311
48156656 311
48156657 311
48156660 311
48156661 311
48156667 311
48166507 330
48167329 311
48170731 300
48170735 300
48170738 300
48170739 300
48170742 300
48170743 300
48184374 384
48184375 384
48188982 338
48188983 338
48194814 319
48194815 319
48197558 319
48197559 319
48199670 349
48199671 349
48206975 319
48224772 311
48224773 311
48224774 311
48224779 311
48224782 311
48224783 311
48229287 395
48229857 300
48241723 300
48243577 338
48244827 319
48245198 300
48245199 300
48246431 338
48249627 319
48263506 376
48263507 376
48268113 319
48268114 319
48268115 319
48268123 319
48268527 319
48272111 319
48274001 300
48274002 300
48274003 300
48274075 319
48274667 300
48274776 300
48274777 300
48274778 300
48274780 300
48274781 300
48274799 300
48274849 300
48274855 300
48274879 300
48275286 319
48275287 319
48275881 300
48275911 319
48275918 319
48275919 319
48275934 319
48275935 319
48275943 319
48275961 319
48275963 319
48275964 319
48275965 319
48275966 319
48275967 319
48278268 300
48278269 300
48278270 300
48278990 319
48278991 319
48279323 319
48280737 300
48280745 300
48281241 300
48281263 300
48284012 319
48284013 319
48284014 319
48284015 319
48284024 319
48284026 319
48284028 319
48284029 319
48285084 300
48285085 300
48285086 300
48285119 300
48285182 300
48285183 300
48285735 319
48286572 300
48286573 300
48286574 300
48292342 338
48292343 338
48296254 376
48296255 376
48298660 314
48298661 314
48298662 314
48298665 314
48300775 300
48303295 330
48306091 319
48307881 319
48310363 319
48311625 319
48311788 319
48311789 319
48311790 319
48311800 319
48311802 319
48311804 319
48311805 319
48311806 319
48311807 319
48311862 319
48311863 319
48312047 319
48319113 319
48326712 338
48326714 338
48326716 338
48326717 338
48326721 338
48326722 338
48326723 338
48327919 384
48330087 319
48335865 338
48340681 311
48340683 311
48340686 311
48340687 311
48340719 311
48341287 300
48343111 311
48343606 300
48343607 300
48349823 330
48357505 300
48357575 300
48358335 300
48358639 300
48360607 300
48360895 300
48363055 300
48363623 300
48364686 376
48364687 376
48364699 376
48372577 368
48372690 300
48372691 300
48372694 300
48372695 300
48379001 300
48379003 300
48387049 300
48391862 300
48391863 300
48391871 300
48392745 300
48401505 365
48401513 365
48404368 314
48404372 314
48404373 314
48404376 314
48404378 314
48404386 314
48404387 314
48404399 314
48420543 319
48420546 319
48420547 319
48420553 319
48420555 319
48420574 319
48420575 319
48420577 319
48420607 319
48422158 300
48422159 300
48422171 300
48429010 300
48429011 300
48429225 338
48433808 319
48433812 319
48433813 319
48433816 319
48433818 319
48433826 319
48433827 319
48437243 319
48437979 319
48442233 319
48442249 319
48442395 319
48447519 319
48451838 319
48451839 319
48452095 319
48455151 319
48455199 319
48458091 319
48481307 346
48483823 319
48484272 319
48484276 319
48484277 319
48484280 319
48484282 319
48484289 319
48484295 319
48484296 319
48484298 319
48484300 319
48484301 319
48484302 319
48484303 319
48484305 319
48484310 319
48484311 319
48484315 319
48484318 319
48484319 319
48484321 319
48484335 319
48484344 319
48484345 319
48484346 319
48484348 319
48484349 319
48484401 319
48484402 319
48484403 319
48484425 319
48484519 319
48484543 319
48484558 319
48484559 319
48485689 319
48486518 319
48486519 319
48486523 319
48489223 319
48492615 319
48492921 346
48499867 319
48503374 319
48503375 319
48503551 319
48507483 357
48510695 319
48511467 300
48516587 300
48527113 319
48528380 357
48528381 357
48528382 357
48547537 338
48547538 338
48547539 338
48556086 300
48556087 300
48562939 403
48564223 327
48575502 300
48575503 300
48578558 327
48578559 327
48579510 300
48579511 300
48579513 300
48579515 300
48579527 300
48579609 300
48579657 300
48579698 300
48579699 300
48579721 300
48579753 300
48579793 300
48579794 300
48579795 300
48579977 300
48579995 300
48579999 300
48580089 300
48580091 300
48580094 300
48580095 300
48580143 300
48580331 300
48581035 300
48582478 300
48582479 300
48582482 300
48582483 300
48597615 319
48601339 300
48604027 357
48604033 357
48606433 327
48619518 338
48619519 338
48623054 327
48623055 327
48624367 319
48624385 311
48624386 311
48624387 311
48624411 311
48624415 311
48627163 338
48631502 300
48631503 300
48636472 338
48636474 338
48636476 338
48636477 338
48640649 338
48641522 338
48641523 338
48641529 338
48657961 319
48658345 300
48659591 319
48659695 319
48660190 319
48660191 319
48660958 300
48660959 300
48661831 319
48664201 319
48664423 319
48665579 319
48665767 319
48677540 300
48677541 300
48677542 300
48677543 300
48683419 311
48684331 300
48684337 300
48684338 300
48684339 300
48692734 311
48692735 311
48696921 319
48696926 319
48696927 319
48698818 319
48698819 319
48698994 319
48698995 319
48699004 319
48699005 319
48699006 319
48704511 319
48705319 403
48705915 319
48706281 319
48708635 319
48709403 319
48711787 376
48713208 319
48713210 319
48713212 319
48713213 319
48713499 338
48717906 300
48717907 300
48719650 338
48719651 338
48719652 338
48719653 338
48719654 338
48719659 338
48719670 338
48719671 338
48719707 319
48719719 338
48724345 327
48726063 300
48726238 300
48726239 300
48731583 300
48734889 376
48738463 327
48750817 319
48751151 300
48753746 319
48753747 319
48757451 319
48757454 319
48757455 319
48760185 319
48763598 327
48763599 327
48763631 327
48764680 357
48764682 357
48764684 357
48764685 357
48764689 357
48764694 357
48764695 357
48765255 319
48769240 357
48769242 357
48769244 357
48769245 357
48773915 327
48792969 300
48801561 319
48808347 319
48818587 319
48837110 319
48837111 319
48837531 319
48838375 319
48842521 357
48851006 300
48851007 300
48852711 300
48854507 300
48855148 300
48855149 300
48855150 300
48856255 300
48857276 330
48857277 330
48857278 330
48864679 300
48864681 300
48887294 376
48887295 376
48900990 319
48900991 319
48902014 319
48902015 319
48904670 319
48904671 319
48909991 300
48910439 300
48913974 319
48913975 319
48915422 365
48915423 365
48921977 357
48921982 357
48921983 357
48926439 300
48926635 300
48926718 300
48926719 300
48927065 300
48927070 300
48927071 300
48928057 319
48928235 300
48928731 300
48929775 300
48929863 300
48929947 319
48930975 300
48933932 300
48933933 300
48933934 300
48933937 300
48933938 300
48933939 300
48933945 300
48934215 300
48934576 300
48934577 300
48934578 300
48934579 300
48934580 300
48934581 300
48934584 300
48934586 300
48934588 300
48934589 300
48934590 300
48934593 300
48934599 300
48934609 300
48934610 300
48934611 300
48934625 300
48934683 300
48934710 300
48934711 300
48935611 300
48937641 300
48937675 300
48938289 300
48938290 300
48938291 300
48938977 300
48942768 300
48942772 300
48942773 300
48942776 300
48942778 300
48942785 300
48942786 300
48942787 300
48942791 300
48942793 300
48942811 300
48942843 300
48942889 300
48950185 319
48950431 319
48950529 319
48950530 319
48950531 319
48951209 319
48962311 311
48967889 300
48967890 300
48967891 300
48967902 300
48967903 300
48967919 300
48967931 300
48970665 300
48970697 300
48970929 300
48970930 300
48970931 300
48970934 300
48970935 300
48970937 300
48970943 300
48971262 300
48971263 300
48976694 357
48976695 357
48978126 319
48978127 319
48978348 300
48978349 300
48978350 300
48979995 319
48984923 327
48986066 319
48986067 319
48987857 338
48987858 338
48987859 338
48990447 327
48995327 319
49017686 300
49017687 300
49024528 357
49024532 357
49024533 357
49024536 357
49024538 357
49024546 357
49024547 357
49024555 357
49024556 357
49024557 357
49024558 357
49043303 384
49045019 311
49045195 311
49045198 311
49045199 311
49061872 346
49061876 346
49061877 346
49061880 346
49061882 346
49061884 346
49061885 346
49061886 346
49061887 346
49062444 300
49062445 300
49062446 300
49062449 300
49062450 300
49062451 300
49071867 319
49081156 300
49081157 300
49081158 300
49081160 300
49081162 300
49081163 300
49081164 300
49081165 300
49081174 300
49081175 300
49081176 300
49081177 300
49081178 300
49081180 300
49081181 300
49081193 300
49081195 300
49081196 300
49081197 300
49081198 300
49081214 300
49081215 300
49082870 300
49082871 300
49085502 300
49085503 300
49089948 319
49089949 319
49089950 319
49094636 300
49094637 300
49094638 300
49098087 300
49098198 300
49098199 300
49098206 300
49098207 300
49098223 300
49098943 300
49098991 300
49099030 300
49099031 300
49099033 300
49099035 300
49099913 300
49100194 300
49100195 300
49100196 300
49100197 300
49100198 300
49100204 300
49100205 300
49100206 300
49100238 300
49100239 300
49100342 300
49100343 300
49100366 300
49100367 300
49100447 300
49102959 300
49103147 300
49103161 300
49103175 300
49103273 300
49103374 300
49103375 300
49103407 300
49103569 300
49103570 300
49103571 300
49103574 300
49103575 300
49103582 300
49103583 300
49103591 300
49103737 300
49104249 300
49108639 327
49108905 300
49109470 300
49109471 300
49110687 300
49110710 300
49110711 300
49112044 300
49112045 300
49112046 300
49112542 327
49112543 327
49113814 300
49113815 300
49114751 300
49114879 300
49116537 300
49116777 300
49117790 300
49117791 300
49118902 300
49118903 300
49118911 300
49119079 300
49119222 300
49119223 300
49119335 300
49119356 300
49119357 300
49119358 300
49119359 300
49120345 300
49125097 300
49129038 338
49129039 338
49132271 338
49138175 327
49141531 327
49145792 300
49145800 300
49145802 300
49145803 300
49145804 300
49145805 300
49145808 300
49145809 300
49145812 300
49145813 300
49145824 300
49145826 300
49145827 300
49145828 300
49145829 300
49145830 300
49145832 300
49145834 300
49145835 300
49145836 300
49145837 300
49145838 300
49145841 300
49145842 300
49145843 300
49145846 300
49145847 300
49145849 300
49145857 300
49145884 300
49145885 300
49145886 300
49145889 300
49145899 300
49145915 300
49145927 300
49146033 300
49146034 300
49146035 300
49146041 300
49146049 300
49146050 300
49146051 300
49146078 300
49146079 300
49146169 300
49147193 300
49147305 300
49147318 300
49147319 300
49148041 300
49148649 338
49150776 300
49150778 300
49150780 300
49150781 300
49154212 300
49154213 300
49154214 300
49155015 300
49155055 300
49158009 300
49161526 300
49161527 300
49162226 300
49162227 300
49162233 300
49162235 300
49162241 300
49163254 300
49163255 300
49163263 300
49163355 300
49163409 300
49163410 300
49163411 300
49164001 300
49164955 300
49165039 300
49165057 300
49165058 300
49165059 300
49165074 300
49165075 300
49165087 300
49165110 300
49165111 300
49165112 300
49165113 300
49165114 300
49165115 300
49165116 300
49165117 300
49165118 300
49165119 300
49165127 300
49165153 300
49165159 300
49165310 300
49165311 300
49165801 300
49166383 300
49169281 338
49169289 338
49169291 338
49172124 300
49172125 300
49172126 300
49172129 300
49172137 300
49172662 300
49172663 300
49172793 338
49175030 338
49175031 338
49181191 300
49183070 300
49183071 300
49184495 346
49185337 319
49188507 308
49189342 300
49189343 300
49189375 300
49195049 300
49195519 300
49198311 300
49200455 319
49204046 300
49204047 300
49206825 300
49209247 327
49209892 319
49209893 319
49209894 319
49209895 319
49213439 319
49213551 319
49216171 311
49224361 338
49225499 384
49225775 338
49226105 300
49227239 300
49229129 300
49229159 300
49229417 308
49230639 308
49230783 311
49231106 311
49231107 311
49231111 311
49231358 311
49231359 311
49231433 311
49235035 327
49237231 376
49237673 346
49238049 384
49239422 319
49239423 319
49240313 319
49258987 300
49259967 300
49260641 300
49260647 300
49260651 300
49267147 338
49267154 338
49267155 338
49269063 319
49270951 384
49282729 300
49283068 319
49283069 319
49283070 319
49287679 300
49290015 311
49291263 319
49300054 319
49300055 319
49300057 319
49301755 308
49304270 319
49304271 319
49305038 319
49305039 319
49305137 319
49305138 319
49305139 319
49305159 319
49305161 319
49305166 319
49305167 319
49305169 319
49305170 319
49305171 319
49305193 319
49310628 319
49310629 319
49310630 319
49311359 300
49313439 300
49320667 300
49320679 300
49320690 300
49320691 300
49320822 300
49320823 300
49322587 300
49323470 300
49323471 300
49323807 300
49323867 300
49324079 300
49324118 300
49324119 300
49324121 300
49324135 300
49325739 300
49326753 300
49326879 422
49327975 300
49328363 300
49328364 300
49328365 300
49328366 300
49328374 300
49328375 300
49333838 300
49333839 300
49333919 300
49334271 300
49336999 300
49341383 319
49350375 300
49357697 300
49360743 338
49361314 300
49361315 300
49361316 300
49361317 300
49361318 300
49363228 300
49363229 300
49363230 300
49363414 300
49363415 300
49363422 300
49363423 300
49363559 300
49368091 384
49368233 300
49368270 300
49368271 300
49368551 300
49368559 300
49368999 300
49370424 300
49370426 300
49370428 300
49370429 300
49370799 300
49370830 300
49370831 300
49373182 300
49373183 300
49376281 357
49376283 357
49376313 357
49376315 357
49376347 357
49376350 357
49376351 357
49376370 357
49376371 357
49376374 357
49376375 357
49376377 357
49376379 357
49376415 357
49376417 357
49376423 357
49376795 300
49377820 300
49377821 300
49377822 300
49377825 300
49377828 300
49377829 300
49377830 300
49377831 300
49377833 300
49377839 300
49381019 319
49382079 300
49384368 319
49384369 319
49384370 319
49384371 319
49384372 319
49384373 319
49384376 319
49384378 319
49384395 319
49384406 300
49384407 300
49384408 319
49384410 319
49384412 319
49384413 319
49384423 319
49384427 319
49384585 319
49385087 319
49385131 319
49385307 319
49401854 308
49401855 308
49405695 308
49407423 308
49412566 300
49412567 300
49413227 300
49414379 300
49418454 300
49418455 300
49422670 300
49422671 300
49425433 300
49425435 300
49425439 300
49425947 308
49426114 319
49426115 319
49426267 319
49428892 308
49428893 308
49428894 308
49428897 308
49428898 308
49428899 308
49428900 308
49428901 308
49428902 308
49428907 308
49428927 308
49430014 338
49430015 338
49430255 338
49431399 308
49432623 300
49438828 319
49438829 319
49438830 319
49457833 300
49468231 300
49468283 300
49471391 300
49471778 365
49471779 365
49471780 365
49471781 365
49471782 365
49471787 365
49474254 300
49474255 300
49475999 338
49493698 384
49493699 384
49496740 346
49496741 346
49496742 346
49496743 346
49498449 338
49498450 338
49498451 338
49498806 365
49498807 365
49502143 300
49504091 300
49506913 300
49506927 300
49509902 300
49509903 300
49513883 300
49515163 300
49523841 311
49523873 311
49523879 311
49528943 300
49531406 300
49531407 300
49535481 365
49535487 365
49561934 300
49561935 300
49562236 300
49562237 300
49562238 300
49562407 300
49562590 300
49562591 300
49563071 300
49565551 300
49566363 300
49566377 300
49568078 346
49568079 346
49568094 346
49568095 346
49568199 300
49568425 300
49568815 300
49569452 300
49569453 300
49569454 300
49571561 300
49571849 300
49575666 300
49575667 300
49581323 300
49587612 338
49587613 338
49587614 338
49587815 338
49588321 338
49589433 338
49589435 338
49589436 338
49589437 338
49589438 338
49589439 338
49590855 338
49590857 338
49595598 300
49595599 300
49597039 300
49597513 300
49597753 300
49601790 300
49601791 300
49604604 300
49604605 300
49604606 300
49606793 319
49609388 300
49609389 300
49609390 300
49609391 300
49609727 319
49610271 319
49610523 338
49615487 300
49615995 300
49618028 300
49618029 300
49618030 300
49618302 300
49618303 300
49618382 300
49618383 300
49619065 300
49619455 300
49626375 365
49636201 319
49636342 338
49636343 338
49636344 338
49636346 338
49636347 338
49636348 338
49636349 338
49636350 338
49636351 338
49639271 319
49645359 338
49647879 365
49653240 308
49653242 308
49653244 308
49653245 308
49653618 300
49653619 300
49653622 300
49653623 300
49654191 319
49654523 300
49656236 319
49656237 319
49656238 319
49667049 319
49667830 319
49667831 319
49673980 346
49673981 346
49673982 346
49675035 365
49680137 300
49680206 300
49680207 300
49681462 376
49681463 376
49691591 338
49693426 338
49693427 338
49698174 300
49698175 300
49709019 308
49709022 308
49709023 308
49709052 308
49709053 308
49709054 308
49709511 392
49712425 365
49718038 365
49718039 365
49718041 365
49729095 300
49731327 327
49731519 327
49732566 365
49732567 365
49753505 300
49757863 300
49759698 300
49759699 300
49778620 308
49778621 308
49778622 308
49778623 308
49778646 308
49778647 308
49798998 319
49798999 319
49799103 319
49799323 319
49800876 319
49800877 319
49800878 319
49803167 319
49803311 319
49808377 373
49808551 308
49811911 308
49811967 308
49811999 308
49812785 308
49812786 308
49812787 308
49812793 308
49813083 308
49813345 430
49823983 308
49824433 308
49824434 308
49824435 308
49824441 308
49824444 308
49824445 308
49824446 308
49824539 308
49824745 319
49824857 319
49825156 308
49825157 308
49825158 308
49825163 308
49826683 365
49829287 319
49829883 319
49831800 308
49831802 308
49831804 308
49831805 308
49836319 308
49837759 300
49840124 319
49840125 319
49840126 319
49840127 319
49840796 300
49840797 300
49840798 300
49843710 319
49843711 319
49844071 319
49846326 384
49846327 384
49855535 327
49855900 327
49855901 327
49855902 327
49856388 300
49856389 300
49856390 300
49856395 300
49858331 338
49859739 327
49860606 319
49860607 319
49871713 300
49875617 300
49876124 300
49876125 300
49876126 300
49881304 300
49881306 300
49881308 300
49881309 300
49884268 300
49884269 300
49884270 300
49884984 300
49884986 300
49884987 300
49884988 300
49884989 300
49886655 319
49889252 319
49889253 319
49889254 319
49889259 319
49892103 365
49897097 365
49898678 365
49898679 365
49906023 300
49907425 300
49908523 300
49908527 300
49908841 300
49908987 357
49909433 327
49909435 327
49911177 300
49911207 300
49911209 300
49911211 300
49911231 300
49912118 300
49912119 300
49912121 300
49912135 300
49930382 365
49930383 365
49932263 365
49932271 365
49936251 319
49939320 319
49939322 319
49939324 319
49939325 319
49941153 300
49941156 300
49941157 300
49941158 300
49941159 300
49941161 300
49941225 300
49941255 300
49941257 300
49941305 300
49943169 365
49951979 300
49953750 384
49953751 384
49961438 300
49961439 300
49963006 300
49963007 300
49974511 300
49976961 300
49977451 300
49977791 300
49977828 300
49977829 300
49977830 300
49977840 300
49977844 300
49977845 300
49977848 300
49977850 300
49977858 300
49977859 300
49977860 300
49977861 300
49977862 300
49977865 300
49977867 300
49977874 300
49977875 300
49977878 300
49977879 300
49977881 300
49977883 300
49977887 300
49977903 300
49978011 300
49978015 300
49978087 300
49978183 300
49980073 300
49980985 300
49980987 300
49983396 300
49983397 300
49983398 300
49983481 300
49983483 300
49983484 300
49983485 300
49983486 300
49987867 346
49995849 311
49998183 346
49999851 403
49999852 403
49999853 403
49999854 403
50014166 365
50014167 365
50014587 300
50017311 365
50027239 300
50033377 319
50034281 319
50046840 327
50046842 327
50046844 327
50046845 327
50049936 338
50049940 338
50049941 338
50049944 338
50049946 338
50049954 338
50049955 338
50049967 338
50049974 338
50049975 338
50049992 338
50049994 338
50049995 338
50049996 338
50049997 338
50050001 338
50050002 338
50050003 338
50050006 338
50050007 338
50050011 338
50050016 338
50050024 338
50050026 338
50050032 338
50050033 338
50050036 338
50050037 338
50050040 338
50050042 338
50050044 338
50050045 338
50050062 338
50050063 338
50050076 338
50050077 338
50050078 338
50050081 338
50052185 300
50052187 300
50052193 300
50052203 300
50052207 300
50052399 300
50052767 300
50053345 300
50054994 300
50054995 300
50055222 300
50055223 300
50057529 300
50057534 300
50057535 300
50057711 300
50058208 300
50058216 300
50058218 300
50058224 300
50058225 300
50058228 300
50058229 300
50058619 300
50058911 300
50062808 300
50062809 300
50062810 300
50062812 300
50062813 300
50062849 300
50063054 300
50063055 300
50065515 300
50065819 300
50065833 300
50065846 300
50065847 300
50065886 300
50065887 300
50069755 300
50091367 300
50092598 346
50092599 346
50094786 376
50094787 376
50099047 319
50100472 300
50100473 300
50100474 300
50100476 300
50100477 300
50100494 300
50100495 300
50100606 300
50100607 300
50102043 300
50113342 300
50113343 300
50125575 422
50132251 365
50141777 346
50141778 346
50141779 346
50161127 403
50165924 346
50165925 346
50165926 346
50165929 346
50172043 327
50174140 346
50174141 346
50174142 346
50174859 319
50179049 327
50180414 327
50180415 327
50182454 346
50182455 346
50182457 346
50182655 319
50183465 319
50183675 319
50190363 384
50191100 365
50191101 365
50191102 365
50211234 346
50211235 346
50211236 346
50211237 346
50211238 346
50211239 346
50211244 346
50211245 346
50211246 346
50211254 346
50211255 346
50211286 346
50211287 346
50211303 346
50211305 346
50211307 346
50211311 346
50211967 319
50233193 346
50240574 327
50240575 327
50244353 327
50244354 327
50244355 327
50244370 327
50244371 327
50244379 327
50258811 327
50258857 327
50259271 346
50264155 319
50264313 319
50264334 319
50264335 319
50264338 319
50264339 319
50264359 319
50264873 319
50265135 319
50265255 319
50265339 319
50266001 319
50266002 319
50266003 319
50266011 319
50267145 319
50267446 319
50267447 319
50267929 319
50283318 300
50283319 300
50283561 300
50283591 300
50286326 300
50286327 300
50286335 300
50286564 300
50286565 300
50286566 300
50286575 300
50287431 300
50292418 300
50292419 300
50293612 300
50293613 300
50293614 300
50293927 300
50295529 300
50299751 319
50300354 300
50300355 300
50300359 300
50302716 300
50302717 300
50302718 300
50307163 300
50307534 341
50307535 341
50313086 300
50313087 300
50313404 300
50313405 300
50313406 300
50313553 319
50313554 319
50313555 319
50315714 300
50315715 300
50316601 300
50325244 346
50325245 346
50325246 346
50331006 300
50331007 300
50331644 300
50331645 300
50331646 300
50333083 327
50333723 300
50333758 365
50333759 365
50343791 327
50344667 300
50353515 346
50353519 346
50359292 357
50359293 357
50359294 357
50369403 346
50371414 319
50371415 319
50372443 338
50387720 373
50387722 373
50387724 373
50387725 373
50387729 373
50387734 373
50387735 373
50390609 346
50390610 346
50390611 346
50390655 346
50396353 346
50396354 346
50396355 346
50396361 346
50396363 346
50403068 430
50403069 430
50403070 430
50409287 308
50409750 308
50409751 308
50409753 308
50410020 308
50410021 308
50410022 308
50410023 308
50410153 308
50411086 346
50411087 346
50425481 311
50425486 311
50425487 311
50425499 311
50454175 354
50458249 365
50462377 319
50476065 346
50476143 346
50478430 300
50478431 300
50478524 300
50478525 300
50478526 300
50478697 300
50478751 300
50478759 300
50478761 300
50478774 300
50478775 300
50480382 300
50480383 300
50482134 300
50482135 300
50482526 300
50482527 300
50482543 300
50482553 300
50482646 300
50482647 300
50482793 300
50482891 300
50482894 300
50482895 300
50483016 300
50483018 300
50483020 300
50483021 300
50483025 300
50484783 300
50485407 327
50487929 354
50487931 354
50489569 327
50490169 327
50491391 327
50492969 411
50494715 300
50504427 300
50504443 300
50504455 300
50504457 300
50504487 300
50504569 300
50504580 300
50504581 300
50504582 300
50504585 300
50504587 300
50504617 300
50504648 300
50504650 300
50504652 300
50504653 300
50504657 300
50504658 300
50504659 300
50504662 300
50504663 300
50509247 300
50514089 300
50522271 300
50523652 300
50523653 300
50523654 300
50523657 300
50523659 300
50523662 300
50523663 300
50525929 300
50527019 300
50527023 300
50527614 300
50527615 300
50535729 308
50535730 308
50535731 308
50535881 308
50535883 308
50535890 308
50535891 308
50536105 308
50536118 308
50536119 308
50537499 308
50537887 308
50538567 308
50543387 308
50543391 308
50543417 308
50544297 308
50562486 300
50562487 300
50564379 300
50569633 300
50569915 300
50569919 300
50569959 300
50570065 300
50570066 300
50570067 300
50570087 300
50572798 346
50572799 346
50573415 346
50577855 300
50577858 346
50577859 346
50584935 308
50589695 346
50589910 338
50589911 338
50590367 308
50591167 365
50591391 346
50591451 327
50593953 300
50613512 346
50613514 346
50613516 346
50613517 346
50613518 346
50613519 346
50613521 346
50613526 346
50613527 346
50613535 346
50613561 346
50615935 300
50616201 300
50616411 300
50616438 346
50616439 346
50616443 346
50617499 300
50617500 300
50617501 300
50617502 300
50617503 300
50617513 300
50617759 300
50619439 346
50624566 346
50624567 346
50624718 346
50624719 346
50627007 403
50632447 365
50632892 346
50632893 346
50632894 346
50642055 327
50647803 327
50667611 346
50677377 319
50679655 365
50680891 354
50682023 384
50686759 384
50689255 319
50696331 346
50696530 346
50696531 346
50708859 308
50708946 300
50708947 300
50715785 300
50716831 300
50716914 300
50716915 300
50721471 346
50725500 308
50725501 308
50725502 308
50726683 308
50731649 319
50732059 300
50732896 319
50732904 319
50732906 319
50732912 319
50732913 319
50732914 319
50732915 319
50732916 319
50732917 319
50732918 319
50732919 319
50732929 319
50732930 319
50732931 319
50732935 319
50738046 346
50738047 346
50739711 308
50747769 308
50747774 308
50747775 308
50756327 319
50762139 392
50772207 322
50776027 327
50776283 300
50778251 357
50783535 300
50785951 327
50788031 300
50792615 300
50804699 319
50808647 300
50822025 346
50822555 308
50822759 354
50825361 300
50825362 300
50825363 300
50827167 346
50827515 346
50831017 327
50843291 300
50843327 300
50845496 384
50845498 384
50845500 384
50845501 384
50850353 327
50850354 327
50850355 327
50850358 327
50850359 327
50850793 327
50852521 327
50854564 327
50854565 327
50854566 327
50854569 327
50856556 308
50856557 308
50856558 308
50857337 308
50857377 308
50857385 308
50857455 308
50858577 327
50858578 327
50858579 327
50858625 327
50858665 327
50859259 300
50859807 300
50859867 300
50861138 327
50861139 327
50861814 327
50861815 327
50863657 308
50864287 308
50867105 327
50867111 327
50867116 327
50867117 327
50867118 327
50867119 327
50868129 300
50868132 300
50868133 300
50868134 300
50868251 308
50868271 308
50868296 300
50868298 300
50868300 300
50868301 300
50868305 300
50868310 300
50868311 300
50868313 300
50868329 300
50868348 300
50868349 300
50868350 300
50868393 300
50868719 300
50868743 300
50870012 300
50870013 300
50870014 300
50873583 300
50873759 300
50874313 300
50875876 346
50875877 346
50875878 346
50875881 346
50875883 346
50877095 308
50880001 384
50882217 365
50882532 322
50882533 322
50882534 322
50882543 322
50882729 300
50882799 365
50885942 308
50885943 308
50890364 327
50890365 327
50890366 327
50892443 327
50896352 327
50896360 327
50896362 327
50896364 327
50896365 327
50896366 327
50896368 327
50896369 327
50896372 327
50896373 327
50896382 327
50896383 327
50896385 327
50896446 327
50896447 327
50900222 300
50900223 300
50912094 346
50912095 346
50915646 327
50915647 327
50929880 308
50929882 308
50929884 308
50929885 308
50932967 300
50941287 308
50943602 300
50943603 300
50949659 300
50949887 300
50949897 300
50950080 300
50950096 300
50950100 300
50950101 300
50950112 300
50950114 300
50950115 300
50950120 300
50950122 300
50950129 300
50950134 300
50950135 300
50950383 308
50950652 300
50950653 300
50950654 300
50950911 308
50950919 300
50950921 300
50951038 300
50951039 300
50951327 338
50951804 300
50951805 300
50951806 300
50951807 300
50951839 300
50952510 300
50952511 300
50952542 300
50952543 300
50952876 300
50952877 300
50952878 300
50952886 300
50952887 300
50952895 300
50952935 300
50952953 300
50952959 300
50953746 300
50953747 300
50953761 300
50953764 300
50953765 300
50953766 300
50954401 300
50954454 300
50954455 300
50955099 300
50955631 300
50956699 300
50956703 300
50960411 376
50960529 308
50960530 308
50960531 308
50961051 308
50967177 308
50967231 308
50967518 308
50967519 308
50973566 338
50973567 338
50975657 308
50982350 308
50982351 308
50982747 300
50986366 300
50986367 300
50993892 322
50993893 322
50993894 322
50993900 322
50993901 322
50993902 322
50993910 322
50993911 322
50993916 322
50993917 322
50993918 322
50997515 300
50997518 300
50997519 300
50999999 300
51009275 300
51010972 327
51010973 327
51010974 327
51012095 300
51012641 308
51014235 300
51015679 327
51016943 327
51024900 327
51024901 327
51024902 327
51024904 327
51024906 327
51024907 327
51024908 327
51024909 327
51024913 327
51024914 327
51024915 327
51024918 327
51024919 327
51024935 327
51028534 327
51028535 327
51028711 327
51029310 327
51029311 327
51030734 327
51030735 327
51030780 327
51030781 327
51030782 327
51032441 327
51032815 430
51034025 327
51037522 327
51037523 327
51040510 327
51040511 327
51043911 327
51045854 327
51045855 327
51047401 327
51058654 300
51058655 300
51064062 365
51064063 365
51073705 354
51074955 354
51077607 327
51078081 327
51078082 327
51078083 327
51078089 327
51078102 327
51078103 327
51078107 327
51078113 327
51078121 327
51078124 327
51078125 327
51078126 327
51078158 327
51078159 327
51078171 327
51078175 327
51078217 327
51078503 327
51080440 327
51080442 327
51080444 327
51080445 327
51083945 327
51086561 354
51096382 327
51096383 327
51098139 327
51098201 327
51098459 327
51098849 327
51098863 327
51106043 327
51112123 308
51122203 335
51124546 365
51124547 365
51131275 300
51144729 346
51144731 346
51147807 346
51160955 411
51164726 327
51164727 327
51167211 338
51169275 338
51172967 300
51174191 308
51176361 346
51176758 335
51176759 335
51178428 308
51178429 308
51178430 308
51178523 308
51178567 308
51178710 308
51178711 308
51178923 308
51179006 308
51179007 308
51179026 308
51179027 308
51195007 327
51197481 327
51197487 327
51206235 346
51207167 308
51224286 335
51224287 335
51225067 319
51227966 300
51227967 300
51228615 346
51229423 319
51229426 300
51229427 300
51233185 308
51238422 346
51238423 346
51238425 346
51238431 346
51238447 346
51240254 335
51240255 335
51242823 346
51243742 346
51243743 346
51243751 346
51249435 346
51253319 308
51260670 327
51260671 327
51262777 327
51263404 327
51263405 327
51263406 327
51264219 308
51264231 308
51267867 327
51269086 327
51269087 327
51273554 327
51273555 327
51281672 308
51281674 308
51281676 308
51281677 308
51281681 308
51281686 308
51281687 308
51281689 308
51281691 308
51288841 308
51297692 319
51297693 319
51297694 319
51302110 327
51302111 327
51302537 327
51304098 327
51304099 327
51304100 327
51304101 327
51304102 327
51304289 327
51304299 327
51304702 308
51304703 308
51310057 327
51315254 327
51315255 327
51317726 384
51317727 384
51319265 327
51326049 346
51326059 346
51332984 308
51332986 308
51332988 308
51332989 308
51359259 308
51365874 327
51365875 327
51371090 346
51371091 346
51372350 335
51372351 335
51373484 365
51373485 365
51373486 365
51378290 365
51378291 365
51378294 365
51378295 365
51380839 300
51381660 300
51381661 300
51381662 300
51389326 300
51389327 300
51403295 308
51416923 392
51420335 300
51420414 300
51420415 300
51421153 300
51423800 300
51423802 300
51423804 300
51423805 300
51425112 300
51425114 300
51425116 300
51425117 300
51435623 319
51436502 300
51436503 300
51454703 373
51460777 308
51468784 308
51468788 308
51468789 308
51468792 308
51468794 308
51471036 338
51471037 338
51471038 338
51478838 308
51478839 308
51497854 300
51497855 300
51502663 384
51504210 308
51504211 308
51518171 327
51518430 327
51518431 327
51519103 308
51520959 327
51527561 308
51532295 373
51535207 327
51537767 373
51538041 365
51539202 365
51539203 365
51539207 365
51544126 308
51544127 308
51544135 308
51544566 308
51544567 308
51547598 327
51547599 327
51547803 327
51551788 308
51551789 308
51551790 308
51551793 308
51551794 308
51551795 308
51551801 308
51552452 308
51552453 308
51552454 308
51552456 308
51552458 308
51552460 308
51552461 308
51552473 308
51552475 308
51552487 308
51552489 308
51552495 308
51552504 308
51552506 308
51552508 308
51552509 308
51552510 308
51552511 308
51553505 308
51555055 308
51555739 308
51555743 308
51556123 308
51556385 308
51561105 308
51561106 308
51561107 308
51561113 308
51561121 308
51561124 308
51561125 308
51561126 308
51561127 308
51561151 308
51562943 308
51566335 346
51569281 327
51574175 365
51577595 392
51583326 303
51583327 303
51583329 303
51584681 308
51584767 308
51588223 346
51589563 300
51590591 308
51590770 308
51590771 308
51590777 308
51590783 308
51590785 308
51591122 308
51591123 308
51594446 300
51594447 300
51598584 308
51598586 308
51598588 308
51598589 308
51606716 327
51606717 327
51606718 327
51608607 346
51616475 327
51618473 319
51619707 300
51620635 300
51621618 300
51621619 300
51621622 300
51621623 300
51621627 300
51621654 300
51621655 300
51621657 300
51633451 300
51636327 319
51640030 308
51640031 308
51647233 365
51647234 365
51647235 365
51647254 365
51647255 365
51647257 365
51647265 365
51654271 300
51667017 392
51681307 308
51686572 354
51686573 354
51686574 354
51686577 354
51686578 354
51686579 354
51686588 354
51686589 354
51686590 354
51687186 308
51687187 308
51689660 303
51689661 303
51689662 303
51706894 308
51706895 308
51706898 308
51706899 308
51706907 308
51706913 308
51706916 308
51706917 308
51706918 308
51706919 308
51706921 308
51706934 308
51706935 308
51706937 308
51706939 308
51706942 308
51706943 308
51706983 308
51708703 308
51721090 308
51721091 308
51721092 308
51721093 308
51721094 308
51721095 308
51721782 319
51721783 319
51724415 308
51724799 308
51724857 308
51725689 308
51725724 308
51725725 308
51725726 308
51726567 308
51726953 308
51726955 308
51726962 308
51726963 308
51727135 308
51728466 308
51728467 308
51730062 308
51730063 308
51730079 308
51730194 308
51730195 308
51730296 308
51730298 308
51730300 308
51730301 308
51731035 308
51731439 308
51735711 308
51735849 335
51736721 308
51736722 308
51736723 308
51738031 308
51739435 308
51739439 308
51739961 335
51740063 308
51740319 308
51740415 308
51741298 308
51741299 308
51744303 308
51744423 308
51746663 308
51746671 308
51746998 308
51746999 308
51747138 308
51747139 308
51747143 308
51760745 346
51774601 308
51774978 308
51774979 308
51774980 308
51774981 308
51774982 308
51774984 308
51774986 308
51774987 308
51774988 308
51774989 308
51774992 308
51774993 308
51774996 308
51774997 308
51774998 308
51774999 308
51775000 308
51775001 308
51775002 308
51775003 308
51775004 308
51775005 308
51775006 308
51775007 308
51775009 308
51775010 308
51775011 308
51775019 308
51775020 308
51775021 308
51775022 308
51775025 308
51775026 308
51775027 308
51775033 308
51775035 308
51775038 308
51775039 308
51775047 308
51775049 308
51775084 308
51775085 308
51775086 308
51775100 308
51775101 308
51775102 308
51775118 308
51775119 308
51775243 308
51775250 308
51775251 308
51775263 308
51775314 308
51775315 308
51775387 308
51775391 308
51775399 308
51775657 308
51776583 308
51777358 308
51777359 308
51780241 308
51780242 308
51780243 308
51783327 308
51784191 335
51787867 308
51789310 308
51789311 308
51791563 308
51792303 308
51792316 308
51792317 308
51792318 308
51792319 308
51793380 308
51793381 308
51793382 308
51793391 308
51793535 308
51793550 308
51793551 308
51795271 308
51795321 308
51795342 308
51795343 308
51795356 308
51795357 308
51795358 308
51795406 346
51795407 346
51796071 308
51797243 300
51799734 346
51799735 346
51800446 327
51800447 327
51802731 308
51802732 308
51802733 308
51802734 308
51803297 308
51806633 316
51815761 354
51815762 354
51815763 354
51816807 354
51819679 316
51820703 308
51820866 308
51820867 308
51825017 308
51830319 308
51834399 327
51842518 327
51842519 327
51845631 327
51846252 327
51846253 327
51846254 327
51848569 319
51857761 346
51859598 308
51859599 308
51860793 308
51864873 319
51865135 392
51866111 335
51869006 335
51869007 335
51874567 327
51895273 308
51895983 308
51899007 327
51902846 346
51902847 346
51905406 316
51905407 316
51919609 327
51924592 300
51924596 300
51924597 300
51924600 300
51924602 300
51924607 308
51924686 300
51924687 300
51927548 327
51927549 327
51927550 327
51934239 300
51937439 316
51937496 327
51937498 327
51937500 327
51937501 327
51937607 308
51941945 327
51942884 327
51942885 327
51942886 327
51942895 327
51943337 327
51959273 308
51961243 308
51962174 308
51962175 308
51962194 308
51962195 308
51962812 308
51962813 308
51962814 308
51962859 308
51962873 308
51965695 308
51966919 308
51967329 308
51967335 308
51967339 308
51968566 308
51968567 308
51968767 308
51974311 308
51979755 300
51980735 308
51981042 327
51981043 327
51987612 300
51987613 300
51987614 300
51987617 300
51992191 308
51999881 300
52002040 308
52002041 308
52002042 308
52002044 308
52002045 308
52002473 308
52004059 308
52004065 308
52004252 308
52004253 308
52004254 308
52004263 308
52004287 308
52004406 308
52004407 308
52007049 308
52008575 308
52009371 308
52011004 392
52011005 392
52011006 392
52011641 308
52011643 308
52012065 308
52013183 354
52017870 365
52017871 365
52017883 365
52017889 365
52017906 365
52017907 365
52017951 365
52017959 365
52018351 308
52019433 308
52019435 308
52019442 308
52019443 308
52019451 308
52026328 327
52026330 327
52026331 327
52026332 327
52026333 327
52026337 327
52026363 327
52026369 327
52026370 327
52026371 327
52026375 327
52026559 327
52027086 327
52027087 327
52027327 327
52044750 316
52044751 316
52057852 346
52057853 346
52057854 346
52058233 308
52061211 308
52062719 308
52066678 308
52066679 308
52070130 316
52070131 316
52070311 327
52071963 327
52073234 316
52073235 316
52073238 316
52073239 316
52073241 316
52073919 346
52074412 346
52074413 346
52074414 346
52074671 346
52079273 346
52083702 327
52083703 327
52116990 308
52116991 308
52117729 308
52118006 308
52118007 308
52118414 373
52118415 373
52121598 373
52121599 373
52131119 346
52137372 300
52137373 300
52137374 300
52137519 300
52138361 373
52139239 346
52141505 392
52141506 392
52141507 392
52143207 300
52144713 354
52146504 346
52146506 346
52146508 346
52146509 346
52146513 346
52151023 316
52152190 308
52152191 308
52152457 308
52156585 346
52158079 316
52163199 308
52173278 319
52173279 319
52173295 319
52173302 319
52173303 319
52174334 308
52174335 308
52177641 308
52178638 308
52178639 308
52196918 308
52196919 308
52202251 300
52214082 308
52214083 308
52214087 308
52218075 308
52219867 354
52219995 308
52220071 308
52220655 308
52220798 308
52220799 308
52221049 308
52221167 308
52221313 308
52223719 308
52223847 308
52233831 308
52235367 354
52235375 373
52237339 300
52240353 346
52240635 346
52240658 346
52240659 346
52241193 346
52241479 346
52242364 346
52242365 346
52242366 346
52242367 346
52244327 384
52248859 308
52250377 308
52250878 308
52250879 308
52251129 308
52254831 308
52263387 308
52263390 308
52263391 308
52265022 327
52265023 327
52269810 308
52269811 308
52272231 308
52272489 308
52272491 308
52272862 308
52272863 308
52285438 300
52285439 300
52291783 346
52291787 346
52300799 346
52308713 300
52309585 316
52309586 316
52309587 316
52312720 327
52312724 327
52312725 327
52312728 327
52312730 327
52312738 327
52312739 327
52318959 300
52324953 327
52331435 354
52337993 308
52339314 384
52339315 384
52340383 300
52340735 300
52343529 300
52351916 346
52351917 346
52351918 346
52364129 300
52364153 300
52366975 300
52369065 384
52371903 373
52373951 300
52377849 373
52377854 373
52377855 373
52391771 335
52397950 300
52397951 300
52402430 308
52402431 308
52406953 354
52421739 308
52428854 327
52428855 327
52431087 308
52441673 316
52463145 327
52463483 327
52465121 327
52473023 381
52474159 316
52474727 327
52475358 354
52475359 354
52477665 316
52477671 316
52482651 316
52484423 327
52488895 300
52489950 316
52489951 316
52490382 327
52490383 327
52490399 327
52490697 316
52490702 316
52490703 316
52490718 316
52490719 316
52495678 327
52495679 327
52497703 316
52506456 327
52506458 327
52506460 327
52506461 327
52507172 308
52507173 308
52507174 308
52507175 308
52510206 327
52510207 327
52513001 392
52522702 335
52522703 335
52522751 335
52523086 335
52523087 335
52523601 308
52523602 308
52523603 308
52523759 335
52524542 335
52524543 335
52539745 308
52544386 308
52544387 308
52544388 308
52544389 308
52544390 308
52544391 308
52546863 308
52549828 308
52549829 308
52549830 308
52549832 308
52549834 308
52549836 308
52549837 308
52549849 308
52552971 308
52553729 308
52555943 300
52556530 300
52556531 300
52558222 327
52558223 327
52566486 373
52566487 373
52566783 327
52572129 300
52572159 300
52572257 300
52572482 300
52572483 300
52572489 300
52572519 300
52572703 300
52572827 300
52574633 300
52574635 300
52578526 308
52578527 308
52578529 308
52578774 300
52578775 300
52579894 373
52579895 373
52581353 308
52581355 308
52582303 300
52582308 308
52582309 308
52582310 308
52582315 308
52582491 327
52594331 327
52603534 373
52603535 373
52603551 373
52607694 327
52607695 327
52610601 300
52610972 327
52610973 327
52610974 327
52612905 308
52613058 308
52613059 308
52622879 308
52626175 392
52634268 308
52634269 308
52634270 308
52635350 300
52635351 300
52635352 300
52635353 300
52635354 300
52635356 300
52635357 300
52635922 308
52635923 308
52646110 308
52646111 308
52648043 308
52650607 308
52651497 308
52651499 308
52651538 308
52651539 308
52651553 308
52651556 308
52651557 308
52651558 308
52651559 308
52651561 308
52651564 308
52651565 308
52651566 308
52651569 308
52651570 308
52651571 308
52651591 308
52651593 308
52651647 308
52651689 308
52652009 308
52653902 308
52653903 308
52655335 308
52655343 308
52657400 308
52657402 308
52657404 308
52657405 308
52657494 308
52657495 308
52657499 308
52662113 354
52663023 319
52682271 346
52690238 308
52690239 308
52703609 308
52724242 335
52724243 335
52727505 346
52727506 346
52727507 346
52727510 346
52727511 346
52727542 346
52727543 346
52727551 346
52727563 346
52727570 346
52727571 346
52727574 346
52727575 346
52727577 346
52727579 346
52727583 346
52727585 346
52727586 346
52727587 346
52727588 346
52727589 346
52727590 346
52727595 346
52727599 346
52727608 346
52727609 346
52727610 346
52727611 346
52727612 346
52727613 346
52727640 346
52727642 346
52727644 346
52727645 346
52729883 308
52729897 308
52732063 335
52732607 308
52735506 308
52735507 308
52735694 308
52735695 308
52735979 308
52736176 308
52736180 308
52736181 308
52736184 308
52736186 308
52736196 308
52736197 308
52736198 308
52736200 308
52736201 308
52736202 308
52736204 308
52736205 308
52736228 308
52736229 308
52736230 308
52736671 308
52736956 308
52736957 308
52736958 308
52739390 308
52739391 308
52741023 308
52741065 308
52741118 308
52741119 308
52744265 308
52748382 308
52748383 308
52753647 419
52771150 308
52771151 308
52774753 384
52774759 384
52777097 419
52780720 308
52780724 308
52780725 308
52780728 308
52780730 308
52780737 308
52780743 308
52780745 308
52780766 308
52780767 308
52782398 308
52782399 308
52794300 308
52794301 308
52794302 308
52798311 308
52818079 354
52818791 430
52829494 354
52829495 354
52837095 308
52842399 327
52844647 411
52849692 354
52849693 354
52849694 354
52849697 354
52852895 373
52856142 335
52856143 335
52857967 327
52858348 354
52858349 354
52858350 354
52859111 327
52859583 354
52863023 354
52863913 335
52867111 354
52867323 327
52868321 335
52870911 327
52874599 327
52876217 373
52876219 373
52885080 300
52885082 300
52885084 300
52885085 300
52885090 300
52885091 300
52885092 300
52885093 300
52885094 300
52885110 300
52885111 300
52885115 300
52888223 365
52897433 354
52897441 354
52897451 354
52897483 354
52897505 354
52897511 354
52898203 327
52920562 354
52920563 354
52932321 335
52932338 335
52932339 335
52953001 327
52953084 327
52953085 327
52953086 327
52953182 327
52953183 327
52953372 327
52953373 327
52953374 327
52953937 327
52953938 327
52953939 327
52954430 327
52954431 327
52955126 327
52955127 327
52955129 327
52955132 327
52955133 327
52955134 327
52956644 327
52956645 327
52956646 327
52957159 327
52965487 316
52972783 308
52973659 308
52976575 308
52976795 308
52976799 308
52976801 308
52980094 327
52980095 327
52982959 308
52983111 308
52986235 308
52990683 327
53003547 316
53004731 308
53005067 308
53005220 327
53005221 327
53005222 327
53005225 327
53007499 308
53014846 327
53014847 327
53017537 354
53017538 354
53017539 354
53018367 335
53023611 308
53024278 308
53024279 308
53024281 308
53026468 308
53026469 308
53026470 308
53026473 308
53026507 373
53026843 308
53038844 308
53038845 308
53038846 308
53053400 365
53053402 365
53053404 365
53053405 365
53066177 327
53066178 327
53066179 327
53083352 381
53083353 381
53083354 381
53083356 381
53083357 381
53092460 354
53092461 354
53092462 354
53096167 354
53099522 438
53099523 438
53099527 438
53099529 438
53101097 354
53106076 316
53106077 316
53106078 316
53106569 316
53106855 316
53106991 316
53107970 354
53107971 354
53107975 354
53116158 335
53116159 335
53123145 319
53134674 392
53134675 392
53173919 362
53178916 308
53178917 308
53178918 308
53179012 308
53179013 308
53179014 308
53179019 308
53179259 308
53180507 308
53180924 308
53180925 308
53180926 308
53182526 308
53182527 308
53183361 308
53183623 308
53183755 308
53190655 308
53191167 335
53194232 419
53194234 419
53194236 419
53194237 419
53194238 419
53194239 419
53200487 308
53206319 308
53206471 308
53206532 308
53206533 308
53206534 308
53206539 308
53206542 308
53206543 308
53206683 308
53206719 308
53210751 354
53211257 308
53211387 308
53211873 308
53219297 335
53226567 308
53226569 308
53227423 308
53227679 308
53230111 308
53239286 316
53239287 316
53239452 316
53239453 316
53239454 316
53239694 316
53239695 316
53239919 316
53241150 316
53241151 316
53241471 316
53247353 316
53247727 316
53255935 316
53271551 335
53275003 308
53275300 308
53275301 308
53275302 308
53278337 354
53284895 354
53285359 354
53296367 346
53296846 316
53296847 316
53304431 346
53319215 354
53321220 354
53321221 354
53321222 354
53321227 354
53321230 354
53321231 354
53321234 354
53321235 354
53324063 308
53325423 308
53325433 308
53325481 308
53328766 308
53328767 308
53332868 354
53332869 354
53332870 354
53332875 354
53341177 373
53341643 354
53344169 373
53347049 300
53352607 373
53357819 308
53378223 354
53388513 327
53389215 373
53393400 392
53393402 392
53393404 392
53393405 392
53393406 392
53393407 392
53398395 392
53408684 354
53408685 354
53408686 354
53425391 308
53430015 308
53433342 414
53433343 414
53439211 316
53440455 316
53443583 316
53445686 327
53445687 327
53446119 308
53446928 327
53446932 327
53446933 327
53446936 327
53446938 327
53446944 327
53446952 327
53446954 327
53446956 327
53446957 327
53446958 327
53446960 327
53446964 327
53446965 327
53446977 327
53446998 327
53446999 327
53447000 327
53447002 327
53447004 327
53447005 327
53447017 327
53447019 327
53447020 327
53447021 327
53447022 327
53447023 327
53447035 327
53447038 327
53447039 327
53462665 316
53471682 327
53471683 327
53482217 392
53487083 308
53487975 308
53488415 330
53494776 365
53494778 365
53494780 365
53494781 365
53509403 308
53509913 308
53522654 327
53522655 327
53523103 308
53526802 308
53526803 308
53527655 411
53533390 308
53533391 308
53541671 362
53542171 308
53543615 308
53544959 335
53552999 335
53563303 308
53563327 308
53563361 308
53565617 392
53565618 392
53565619 392
53565625 392
53565631 392
53570742 335
53570743 335
53570745 335
53570747 335
53571646 308
53571647 308
53575177 335
53577275 316
53577278 316
53577279 316
53578143 316
53578294 308
53578295 308
53579401 335
53579406 335
53579407 335
53579519 335
53582847 335
53583186 335
53583187 335
53587303 316
53588393 335
53588395 335
53588396 335
53588397 335
53588398 335
53589473 308
53589636 308
53589637 308
53589638 308
53589643 308
53589657 308
53589679 308
53589698 308
53589699 308
53589759 308
53589993 308
53590089 308
53591446 308
53591447 308
53591449 308
53591550 316
53591551 316
53595399 308
53595982 308
53595983 308
53595986 308
53595987 308
53595995 308
53596839 373
53597628 354
53597629 354
53597630 354
53597634 354
53597635 354
53601974 392
53601975 392
53605535 316
53612889 335
53612894 335
53612895 335
53613705 392
53615083 335
53619136 335
53619152 335
53619156 335
53619157 335
53619168 335
53619170 335
53619171 335
53619176 335
53619178 335
53619185 335
53619202 335
53619203 335
53619204 335
53619205 335
53619206 335
53619209 335
53619211 335
53619214 335
53619215 335
53619227 335
53642578 335
53642579 335
53650459 316
53653982 327
53653983 327
53654496 316
53654504 316
53654506 316
53654512 316
53654513 316
53654516 316
53654517 316
53657775 308
53663591 327
53669959 316
53675390 308
53675391 308
53675455 308
53675611 308
53675810 308
53675811 308
53675812 308
53675813 308
53675814 308
53675819 308
53675820 308
53675821 308
53675822 308
53675825 308
53675826 308
53675827 308
53675832 308
53675834 308
53675835 308
53675836 308
53675837 308
53675842 308
53675843 308
53675854 308
53675855 308
53675858 308
53675859 308
53676123 316
53676402 308
53676403 308
53676406 308
53676407 308
53676527 308
53676686 308
53676687 308
53676699 308
53676713 308
53676811 308
53677291 308
53677612 308
53677613 308
53677614 308
53677617 308
53677618 308
53677619 308
53677622 308
53677623 308
53677774 308
53677775 308
53678748 308
53678749 308
53678750 308
53678754 308
53678755 308
53678756 308
53678757 308
53678758 308
53678761 308
53678811 308
53678834 308
53678835 308
53679687 308
53681391 316
53686684 384
53686685 384
53686686 384
53686767 316
53688831 316
53692655 346
53694174 316
53694175 316
53709110 316
53709111 316
53714028 308
53714029 308
53714030 308
53718811 381
53721961 330
53721964 330
53721965 330
53721966 330
53721979 330
53721985 330
53725777 308
53725778 308
53725779 308
53728393 308
53737983 308
53738143 308
53739199 308
53739948 335
53739949 335
53739950 335
53739967 335
53741710 316
53741711 316
53743391 308
53749246 316
53749247 316
53754625 335
53754626 335
53754627 335
53754633 335
53754663 335
53758454 335
53758455 335
53759273 335
53760681 316
53760822 335
53760823 335
53761959 316
53762559 335
53764238 335
53764239 335
53767922 335
53767923 335
53770921 335
53771064 335
53771066 335
53771068 335
53771069 335
53774654 335
53774655 335
53774939 335
53778331 335
53781743 335
53788187 308
53790180 308
53790181 308
53790182 308
53807612 362
53807613 362
53807614 362
53810153 335
53810654 335
53810655 335
53810678 335
53810679 335
53810680 335
53810682 335
53810684 335
53810685 335
53810697 335
53810795 335
53813137 335
53813138 335
53813139 335
53816824 335
53816826 335
53816828 335
53816829 335
53820575 335
53823983 419
53829931 335
53831783 335
53831844 335
53831845 335
53831846 335
53832529 335
53832530 335
53832531 335
53832545 335
53840111 335
53847915 300
53847922 300
53847923 300
53847926 300
53847927 300
53848203 300
53848745 335
53854207 335
53857135 343
53859602 373
53859603 373
53874415 354
53882907 354
53899385 343
53901935 335
53902015 335
53904551 346
53911711 419
53914604 343
53914605 343
53914606 343
53916513 316
53916665 316
53916863 316
53916894 316
53916895 316
53916955 316
53916994 316
53916995 316
53919647 316
53933833 335
53936446 335
53936447 335
53945662 354
53945663 354
53946642 316
53946643 316
53968555 308
53970095 308
53985127 354
53985279 354
53994153 335
53996626 316
53996627 316
54005889 335
54006761 316
54013993 335
54016583 335
54023506 327
54023507 327
54025132 316
54025133 316
54025134 316
54025135 316
54025148 316
54025149 316
54025150 316
54032694 316
54032695 316
54042006 327
54042007 327
54042009 327
54042015 327
54042715 335
54046665 335
54047115 335
54048736 335
54048744 335
54048746 335
54048752 335
54048753 335
54048756 335
54048757 335
54048761 335
54049127 335
54049394 316
54049395 316
54051838 335
54051839 335
54055036 335
54055037 335
54055038 335
54060513 335
54064743 335
54069407 335
54079135 316
54079190 316
54079191 316
54080041 354
54085326 316
54085327 316
54085627 316
54119332 354
54119333 354
54119334 354
54120662 343
54120663 343
54120670 343
54120671 343
54121857 373
54126921 373
54126926 373
54126927 373
54127359 343
54128711 308
54129607 308
54130473 308
54137150 335
54137151 335
54160543 308
54160623 308
54174865 308
54174866 308
54174867 308
54174875 308
54176240 308
54176244 308
54176245 308
54176248 308
54176250 308
54176251 308
54187321 327
54188246 308
54188247 308
54207420 381
54207421 381
54207422 381
54212606 335
54212607 335
54213823 316
54218175 311
54219167 316
54222252 316
54222253 316
54222254 316
54222267 316
54224630 346
54224631 346
54230207 335
54252872 308
54252874 308
54252876 308
54252877 308
54252881 308
54259579 316
54273151 335
54274025 335
54275431 316
54275839 316
54276863 335
54280831 316
54281193 316
54292233 335
54296443 373
54296446 373
54296447 373
54301628 316
54301629 316
54301630 316
54301639 316
54304539 335
54305287 335
54308335 316
54309698 316
54309699 316
54309713 316
54309714 316
54309715 316
54310401 316
54310407 316
54310409 316
54310427 316
54310447 316
54310457 316
54310459 316
54310462 316
54310463 316
54313142 316
54313143 316
54313865 316
54313867 316
54314238 316
54314239 316
54316699 316
54319516 316
54319517 316
54319518 316
54319519 316
54319532 316
54319533 316
54319534 316
54319615 316
54328623 335
54328886 335
54328887 335
54333287 373
54335996 311
54335997 311
54335998 311
54335999 311
54336889 400
54344353 316
54346367 316
54349159 316
54350578 316
54350579 316
54350764 316
54350765 316
54350766 316
54350780 316
54350781 316
54350782 316
54350783 316
54350846 316
54350847 316
54359003 316
54359006 316
54359007 316
54367556 335
54367557 335
54367558 335
54367560 335
54367562 335
54367563 335
54367564 335
54367565 335
54374441 316
54377849 335
54379935 308
54383266 308
54383267 308
54383268 308
54383269 308
54383270 308
54383273 308
54402665 316
54410273 373
54410287 373
54412191 311
54419150 365
54419151 365
54436543 308
54451692 362
54451693 362
54451694 362
54451702 362
54451703 362
54451713 362
54454928 311
54454932 311
54454933 311
54454936 311
54454938 311
54454946 311
54454947 311
54463723 335
54473116 316
54473117 316
54473118 316
54473122 316
54473123 316
54473124 316
54473125 316
54473126 316
54473131 316
54473147 316
54473148 316
54473149 316
54473150 316
54473153 316
54473154 316
54473155 316
54482879 335
54488048 316
54488052 316
54488053 316
54488056 316
54488058 316
54491563 316
54491899 316
54492726 316
54492727 316
54494247 316
54494249 316
54494299 316
54497513 316
54497531 316
54497695 316
54497761 316
54498169 316
54503591 316
54503655 316
54504687 316
54507387 316
54508319 316
54509351 316
54514998 316
54514999 316
54515001 316
54515353 316
54515503 316
54515739 316
54516601 316
54517095 381
54541471 343
54544816 316
54544820 316
54544821 316
54544824 316
54544826 316
54544833 316
54544840 316
54544841 316
54544842 316
54544843 316
54544844 316
54544845 316
54544849 316
54544850 316
54544851 316
54544854 316
54544855 316
54544859 316
54544862 316
54544863 316
54544865 316
54544875 316
54544889 316
54544892 316
54544893 316
54544894 316
54544952 316
54544954 316
54544956 316
54544957 316
54544977 316
54544978 316
54544979 316
54545118 316
54545119 316
54545129 316
54545263 316
54545275 316
54546401 316
54546523 316
54547332 316
54547333 316
54547334 316
54547339 316
54547695 316
54550377 316
54553215 316
54554537 343
54554559 343
54559591 316
54559929 316
54559931 316
54562351 316
54563094 316
54563095 316
54563097 316
54564219 316
54564399 316
54565887 316
54566226 316
54566227 316
54566247 316
54566294 316
54566295 316
54566297 316
54566335 316
54566569 316
54570919 354
54571662 335
54571663 335
54574070 316
54574071 316
54574075 316
54574665 316
54583387 316
54585703 316
54593003 316
54594430 354
54594431 354
54596079 362
54597547 316
54615980 335
54615981 335
54615982 335
54623935 316
54632043 354
54633307 400
54633979 316
54640807 327
54650183 324
54650879 324
54672495 316
54679531 354
54679538 354
54679539 354
54681711 335
54682236 324
54682237 324
54682238 324
54689535 419
54696830 335
54696831 335
54696959 335
54700937 324
54701727 308
54702434 308
54702435 308
54702436 308
54702437 308
54702438 308
54702450 308
54702451 308
54702462 308
54702463 308
54705558 335
54705559 335
54705561 335
54706503 316
54716036 335
54716037 335
54716038 335
54716043 335
54717999 324
54720731 335
54721713 335
54721714 335
54721715 335
54721721 335
54727791 335
54727911 335
54740207 316
54742041 316
54742047 316
54742713 316
54742715 316
54742779 316
54747227 316
54747474 316
54747475 316
54748777 316
54748878 316
54748879 316
54749246 335
54749247 335
54753639 316
54757545 316
54768846 308
54768847 308
54778334 316
54778335 316
54779327 308
54781767 308
54783999 316
54784036 316
54784037 316
54784038 316
54784043 316
54784047 316
54786172 316
54786173 316
54786174 316
54786370 316
54786371 316
54786382 316
54786383 316
54786535 316
54792039 316
54793483 400
54794155 316
54794567 316
54797215 316
54798079 316
54800718 373
54800719 373
54800737 373
54800761 373
54800799 373
54800811 373
54802364 316
54802365 316
54802366 316
54802375 316
54802686 335
54802687 335
54809608 335
54809610 335
54809612 335
54809613 335
54809617 335
54809622 335
54809623 335
54809628 335
54809629 335
54809630 335
54809671 316
54809673 335
54809691 335
54814889 324
54818046 335
54818047 335
54820521 316
54826751 373
54837887 362
54842838 354
54842839 354
54844670 316
54844671 316
54847966 316
54847967 316
54852132 316
54852133 316
54852134 316
54852137 316
54855209 316
54855774 324
54855775 324
54857705 335
54859049 324
54859055 324
54860272 354
54860276 354
54860277 354
54860280 354
54860282 354
54865400 354
54865402 354
54865404 354
54865405 354
54865833 324
54870655 324
54901756 316
54901757 316
54901758 316
54909390 316
54909391 316
54920223 316
54920910 316
54920911 316
54927655 381
54936235 354
54936239 354
54941750 316
54941751 316
54942222 316
54942223 316
54942505 316
54947836 354
54947837 354
54947838 354
54949417 316
54964438 327
54964439 327
54977351 381
54998207 373
55013615 316
55013679 316
55014767 316
55014891 316
55017579 316
55017755 316
55028220 316
55028221 316
55028222 316
55029851 362
55035561 438
55035986 354
55035987 354
55036143 354
55037223 354
55037225 354
55037231 354
55039289 392
55044065 316
55046143 392
55046191 316
55047615 316
55060350 335
55060351 335
55066281 316
55068959 316
55069346 316
55069347 316
55069348 316
55069349 316
55069350 316
55070111 316
55082601 308
55089129 335
55089289 354
55098780 354
55098781 354
55098782 354
55100393 316
55102495 316
55108039 324
55109326 316
55109327 316
55111340 335
55111341 335
55111342 335
55117915 308
55121455 308
55126527 327
55137967 316
55140854 308
55140855 308
55152608 354
55152616 354
55152618 354
55152624 354
55152625 354
55152628 354
55152629 354
55173801 381
55175646 308
55175647 308
55175844 308
55175845 308
55175846 308
55175849 308
55186075 316
55187303 465
55194616 343
55194618 343
55194620 343
55194621 343
55194622 343
55194623 343
55198751 316
55201131 308
55205851 316
55226194 316
55226195 316
55251611 324
55270169 335
55271894 335
55271895 335
55271935 335
55281417 324
55282681 362
55284223 324
55285113 324
55285737 446
55292231 335
55298526 335
55298527 335
55298847 324
55298863 324
55315442 335
55315443 335
55315446 335
55315447 335
55315451 335
55315452 335
55315453 335
55315454 335
55316201 316
55319393 335
55319835 335
55321910 335
55321911 335
55322337 400
55332555 343
55332961 343
55333505 316
55333671 343
55337071 305
55352457 316
55355401 316
55358745 305
55361132 316
55361133 316
55361134 316
55361138 316
55361139 316
55368193 308
55369819 305
55369977 335
55377406 335
55377407 335
55378687 381
55383094 305
55383095 305
55384479 305
55384763 308
55384767 308
55384996 308
55384997 308
55384998 308
55385279 308
55385362 308
55385363 308
55387263 308
55387265 308
55389415 324
55391367 316
55391721 316
55392377 343
55392383 343
55392804 381
55392805 381
55392806 381
55394351 316
55395353 316
55396521 305
55396635 305
55409511 335
55425535 308
55425540 335
55425541 335
55425542 335
55425547 335
55425550 335
55425551 335
55427625 316
55427751 316
55443454 316
55443455 316
55449806 316
55449807 316
55451233 308
55451239 308
55451833 316
55451835 316
55451931 316
55462326 305
55462327 305
55462562 316
55462563 316
55462564 316
55462565 316
55462566 316
55464475 305
55467305 316
55468169 316
55468280 316
55468282 316
55468284 316
55468285 316
55468302 316
55468303 316
55468306 316
55468307 316
55468310 316
55468311 316
55468313 316
55468316 316
55468317 316
55468318 316
55468319 316
55468342 316
55468343 316
55468479 316
55468713 316
55469310 316
55469311 316
55472295 316
55472379 362
55474460 316
55474461 316
55474462 316
55479425 362
55489705 327
55492729 419
55517311 343
55523143 316
55539103 381
55548316 354
55548317 354
55548318 354
55548319 354
55548321 354
55548353 354
55548354 354
55548355 354
55548385 354
55548391 354
55548393 354
55548395 354
55548402 354
55548403 354
55548418 354
55548419 354
55548420 354
55548421 354
55548422 354
55548425 354
55548427 354
55548470 354
55548471 354
55548927 335
55550811 316
55550841 316
55553118 343
55553119 343
55553647 316
55557408 316
55557416 316
55557418 316
55557424 316
55557428 316
55557429 316
55557441 316
55557444 316
55557445 316
55557446 316
55557451 316
55557464 316
55557466 316
55557468 316
55557469 316
55557473 316
55557481 316
55557505 316
55557659 316
55558273 316
55558471 316
55562558 316
55562559 316
55562657 316
55565935 316
55565983 316
55567175 305
55577087 305
55591079 335
55594297 316
55604190 305
55604191 305
55604377 316
55604380 316
55604381 316
55604382 316
55604551 316
55604991 305
55606145 316
55607499 305
55607505 305
55607506 305
55607507 305
55607510 305
55607511 305
55607512 305
55607514 305
55607516 305
55607517 305
55607521 305
55608767 335
55610322 305
55610323 305
55618684 316
55618685 316
55618686 316
55619431 308
55628114 305
55628115 305
55644487 438
55655752 362
55655754 362
55655756 362
55655757 362
55655761 362
55658607 362
55680412 381
55680413 381
55680414 381
55683836 343
55683837 343
55683838 343
55685756 335
55685757 335
55685758 335
55685871 335
55686158 362
55686159 362
55688702 343
55688703 343
55691623 343
55696665 343
55704987 381
55714322 308
55714323 308
55714358 308
55714359 308
55727335 362
55727339 362
55727355 362
55727417 362
55751407 362
55764089 343
55764107 343
55776859 305
55786065 335
55786066 335
55786067 335
55786860 335
55786861 335
55786862 335
55786863 335
55787167 335
55788113 335
55788114 335
55788115 335
55788118 335
55788119 335
55788121 335
55789713 335
55789714 335
55789715 335
55804699 305
55804905 305
55807643 316
55810715 316
55811839 335
55814418 335
55814419 335
55825575 335
55829673 362
55840726 316
55840727 316
55840886 335
55840887 335
55840891 335
55840892 335
55840893 335
55840894 335
55840895 335
55850779 335
55853865 362
55859900 305
55859901 305
55859902 305
55860969 316
55863268 316
55863269 316
55863270 316
55863279 316
55866183 305
55875431 316
55876310 316
55876311 316
55883230 343
55883231 343
55884415 362
55891644 373
55891645 373
55891646 373
55905105 335
55905106 335
55905107 335
55922646 305
55922647 305
55922651 305
55922686 305
55922687 305
55923201 389
55926478 362
55926479 362
55932792 362
55932794 362
55932796 362
55932797 362
55940235 446
55941895 362
55947659 324
55949138 362
55949139 362
55977270 400
55977271 400
56000950 305
56000951 305
56000955 305
56000971 305
56000978 305
56000979 305
56005311 305
56023874 316
56023875 316
56023979 316
56024239 316
56025986 316
56025987 316
56025988 316
56025989 316
56025990 316
56025991 316
56034425 370
56035638 305
56035639 305
56036955 305
56037279 305
56038491 305
56038587 305
56038622 305
56038623 305
56039384 305
56039386 305
56039388 305
56039389 305
56039393 305
56039719 305
56039817 305
56039990 305
56039991 305
56040014 427
56040015 427
56040017 427
56040018 427
56040019 427
56042175 305
56052488 305
56052490 305
56052492 305
56052493 305
56052497 305
56052502 305
56052503 305
56052606 305
56052607 305
56052839 316
56052964 316
56052965 316
56052966 316
56052987 316
56053304 305
56053306 305
56053308 305
56053309 305
56053321 305
56055019 362
56058619 316
56060780 305
56060781 305
56060782 305
56060809 305
56070142 316
56070143 316
56074175 316
56074735 316
56077118 381
56077119 381
56083550 305
56083551 305
56087487 324
56087890 324
56087891 324
56088903 324
56089441 324
56090622 335
56090623 335
56092207 324
56093183 316
56120923 305
56125412 316
56125413 316
56125414 316
56125417 316
56125423 316
56125599 316
56128617 362
56134235 362
56135527 362
56136014 362
56136015 362
56144511 316
56147611 354
56148113 324
56148114 324
56148115 324
56159679 316
56163967 316
56165479 316
56171681 362
56171687 362
56173851 362
56174127 362
56176639 316
56178223 316
56178283 316
56180383 362
56181740 316
56181741 316
56181742 316
56186065 362
56186066 362
56186067 362
56197969 381
56197970 381
56197971 381
56212790 343
56212791 343
56233599 427
56236350 343
56236351 343
56245330 308
56245331 308
56249833 400
56249836 400
56249837 400
56249838 400
56251998 305
56251999 305
56265937 362
56265938 362
56265939 362
56287323 316
56287550 316
56287551 316
56288566 316
56288567 316
56302700 324
56302701 324
56302702 324
56304923 335
56306192 335
56306196 335
56306197 335
56306200 335
56306202 335
56306210 335
56306211 335
56306219 335
56306220 335
56306221 335
56306222 335
56306235 335
56306238 335
56306239 335
56306244 335
56306245 335
56306246 335
56306248 335
56306250 335
56306251 335
56306252 335
56306253 335
56306254 335
56306255 335
56306257 335
56306258 335
56306259 335
56306262 335
56306263 335
56306287 335
56306288 335
56306292 335
56306293 335
56306296 335
56306298 335
56306300 335
56306301 335
56306302 335
56306321 335
56306322 335
56306323 335
56306338 335
56306339 335
56306340 335
56306341 335
56306342 335
56306343 335
56306791 316
56349471 316
56354174 343
56354175 343
56356636 373
56356637 373
56356638 373
56359935 305
56372583 316
56391273 419
56397313 316
56398783 362
56405863 324
56409500 343
56409501 343
56409502 343
56417983 343
56428871 316
56431265 400
56436668 343
56436669 343
56436670 343
56436671 343
56441337 343
56443548 324
56443549 324
56443550 324
56443551 324
56444463 324
56444619 316
56445793 343
56445910 343
56445911 343
56446716 316
56446717 316
56446718 316
56451431 324
56452335 343
56452967 324
56455262 343
56455263 343
56455265 343
56455279 343
56456398 316
56456399 316
56456571 316
56456635 316
56457727 381
56458587 324
56464159 381
56464873 316
56464990 362
56464991 362
56466345 324
56474859 324
56481071 343
56487640 343
56487641 343
56487642 343
56487644 343
56487645 343
56487652 343
56487653 343
56487654 343
56487660 343
56487661 343
56487662 343
56487691 343
56487698 343
56487699 343
56487719 343
56487721 343
56508411 316
56512342 343
56512343 343
56520647 324
56524359 335
56524898 324
56524899 324
56524900 324
56524901 324
56524902 324
56524914 324
56524915 324
56524918 324
56524919 324
56524927 324
56541163 324
56541215 324
56543743 324
56547175 316
56547307 316
56547353 316
56547367 316
56547369 316
56547377 316
56547378 316
56547379 316
56547382 316
56547383 316
56547387 316
56547401 316
56547419 316
56547982 316
56547983 316
56548287 316
56548507 316
56549252 316
56549253 316
56549254 316
56549259 316
56549262 316
56549263 316
56549311 316
56549601 400
56550457 316
56550459 316
56550462 316
56550463 316
56550539 316
56550878 316
56550879 316
56551419 316
56551420 316
56551421 316
56551422 316
56558811 392
56575771 316
56575913 316
56580350 370
56580351 370
56582703 324
56587617 316
56595977 338
56599995 316
56602748 316
56602749 316
56602750 316
56612607 316
56615902 343
56615903 343
56618550 316
56618551 316
56624718 324
56624719 324
56624799 324
56625479 362
56641179 305
56647705 343
56651486 343
56651487 343
56654206 354
56654207 354
56665579 343
56665742 316
56665743 316
56667842 316
56667843 316
56668999 335
56686192 370
56686196 370
56686197 370
56686200 370
56686202 370
56688882 343
56688883 343
56689435 343
56689436 343
56689437 343
56689438 343
56689439 343
56689441 343
56689567 343
56695896 343
56695898 343
56695900 343
56695901 343
56695906 343
56695907 343
56695908 343
56695909 343
56695910 343
56699862 343
56699863 343
56703454 427
56703455 427
56710968 305
56710970 305
56710972 305
56710973 305
56711276 305
56711277 305
56711278 305
56711327 305
56711422 305
56711423 305
56711615 343
56711670 343
56711671 343
56711737 343
56712457 343
56712473 343
56720103 305
56728667 308
56728673 308
56728687 308
56729538 343
56729539 343
56753391 316
56765531 362
56770175 316
56777727 324
56785572 343
56785573 343
56785574 343
56785575 343
56796126 324
56796127 324
56798921 351
56798923 351
56800766 324
56800767 324
56800935 324
56801095 324
56801441 324
56804235 324
56804591 408
56821929 343
56821935 343
56829438 381
56829439 381
56831641 362
56850591 362
56851455 316
56852696 305
56852698 305
56852700 305
56852701 305
56852866 305
56852867 305
56852868 305
56852869 305
56852870 305
56852871 305
56852878 305
56852879 305
56853119 305
56853134 305
56853135 305
56853275 305
56854137 305
56854687 305
56854697 305
56857383 316
56861305 305
56861307 305
56861311 305
56861313 305
56861345 305
56861375 305
56862335 305
56892519 343
56894399 343
56895999 324
56900092 343
56900093 343
56900094 343
56913650 335
56913651 335
56915367 324
56915382 324
56915383 324
56924955 465
56933151 335
56940208 343
56940209 343
56940210 343
56940211 343
56940212 343
56940213 343
56940216 343
56940218 343
56940225 343
56940231 343
56940246 343
56940247 343
56940257 343
56940926 324
56940927 324
56943492 343
56943493 343
56943494 343
56943499 343
56952638 343
56952639 343
56952809 343
56957095 343
56962006 343
56962007 343
56972313 324
56973211 362
56973225 343
56978779 324
57001063 343
57011199 343
57012050 316
57012051 316
57016002 351
57016003 351
57016011 351
57016014 351
57016015 351
57022603 381
57028455 316
57033372 343
57033373 343
57033374 343
57033598 343
57033599 343
57034855 316
57037694 305
57037695 305
57047467 305
57066121 305
57066190 305
57066191 305
57067519 305
57073106 316
57073107 316
57073118 316
57073119 316
57074528 316
57074530 316
57074531 316
57074532 316
57074533 316
57074534 316
57074536 316
57074538 316
57074544 316
57074545 316
57074546 316
57074547 316
57074548 316
57074549 316
57080303 343
57091241 305
57091247 305
57091867 354
57107406 389
57107407 389
57114367 305
57123030 324
57123031 324
57125532 354
57125533 354
57125534 354
57155286 316
57155287 316
57155297 316
57161310 305
57161311 305
57174779 343
57175374 305
57175375 305
57180955 343
57184743 324
57184895 324
57201188 381
57201189 381
57201190 381
57206648 324
57206650 324
57206652 324
57206653 324
57206654 324
57206655 324
57207143 324
57209086 324
57209087 324
57211131 324
57211388 324
57211389 324
57211390 324
57211391 324
57211710 324
57211711 324
57213628 305
57213629 305
57213630 305
57214418 305
57214419 305
57214505 305
57214550 305
57214551 305
57214553 305
57214558 305
57214559 305
57214635 305
57214639 305
57214670 305
57214671 305
57214697 305
57215215 324
57215900 324
57215901 324
57215902 324
57215935 324
57215943 324
57215954 324
57215955 324
57215958 324
57215959 324
57215999 324
57217065 324
57218689 305
57218782 324
57218783 324
57219542 324
57219543 324
57219867 324
57219937 324
57221615 305
57221622 305
57221623 305
57225494 324
57225495 324
57225497 324
57225499 324
57225506 324
57225507 324
57225508 324
57225509 324
57225510 324
57225515 324
57226766 305
57226767 305
57226783 305
57226806 305
57226807 305
57226881 305
57228530 305
57228531 305
57228975 305
57234171 343
57234459 343
57235364 343
57235365 343
57235366 343
57235367 343
57235369 343
57240002 381
57240003 381
57242494 362
57242495 362
57242852 319
57242853 319
57242854 319
57246686 305
57246687 305
57251662 324
57251663 324
57253999 324
57258412 324
57258413 324
57258414 324
57258416 324
57258420 324
57258421 324
57258424 324
57258426 324
57258431 324
57258433 324
57258434 324
57258435 324
57258503 324
57258721 324
57276105 343
57276107 343
57276113 343
57276114 343
57276115 343
57277351 305
57278311 362
57280103 324
57286951 343
57292665 316
57294846 305
57294847 305
57296120 305
57296122 305
57296124 305
57296125 305
57301083 319
57312681 305
57313095 324
57319849 305
57319983 305
57321115 381
57330463 373
57330596 305
57330597 305
57330598 305
57331183 305
57338075 305
57338078 305
57338079 305
57338459 305
57345055 335
57345263 335
57347615 305
57354409 305
57355145 305
57364745 370
57364754 370
57364755 370
57364767 370
57368132 319
57368133 319
57368134 319
57368136 319
57368138 319
57368139 319
57368140 319
57368141 319
57368150 319
57368151 319
57368158 319
57368159 319
57368161 319
57376447 343
57387321 324
57387345 324
57387346 324
57387347 324
57387355 324
57387385 324
57389220 305
57389221 305
57389222 305
57389238 305
57389239 305
57397345 305
57403016 324
57403018 324
57403020 324
57403021 324
57403024 324
57403028 324
57403029 324
57403030 324
57403031 324
57403032 324
57403034 324
57406686 324
57406687 324
57407100 324
57407101 324
57407102 324
57407975 324
57409567 324
57409577 324
57409630 324
57409631 324
57409863 324
57410843 305
57411497 324
57413035 324
57413279 324
57417214 324
57417215 324
57420575 324
57423519 324
57426587 324
57428327 324
57431975 324
57433647 389
57440703 324
57441439 319
57447071 362
57457918 351
57457919 351
57459324 351
57459325 351
57459326 351
57462840 324
57462842 324
57462844 324
57462845 324
57462849 324
57462850 324
57462851 324
57462866 324
57462867 324
57462870 324
57462871 324
57462873 324
57462878 324
57462879 324
57462887 324
57462891 324
57462892 324
57462893 324
57462894 324
57462895 324
57462921 324
57462926 324
57462927 324
57462929 324
57462930 324
57462931 324
57462943 324
57462993 324
57462994 324
57462995 324
57463161 324
57463179 324
57465500 324
57465501 324
57465502 324
57469439 324
57472382 351
57472383 351
57473115 351
57481323 324
57482107 324
57483431 324
57483486 324
57483487 324
57485406 324
57485407 324
57485471 324
57485476 324
57485477 324
57485478 324
57485689 324
57485767 324
57486206 324
57486207 324
57494299 324
57497511 427
57501138 305
57501139 305
57503487 324
57509118 343
57509119 343
57512479 332
57513614 324
57513615 324
57515116 362
57515117 362
57515118 362
57520446 324
57520447 324
57537820 343
57537821 343
57537822 343
57537823 343
57556075 408
57560318 324
57560319 324
57563113 335
57565435 335
57569279 343
57573407 343
57573854 332
57573855 332
57574587 332
57575719 305
57575721 305
57575734 305
57575735 305
57575839 305
57575937 305
57575977 305
57576027 305
57576050 305
57576051 305
57576219 305
57576289 305
57576295 305
57576383 305
57576402 305
57576403 305
57576406 305
57576407 305
57576447 305
57579233 305
57579591 389
57597167 324
57604779 362
57607015 343
57607623 332
57613759 408
57623387 343
57627323 332
57628201 316
57628878 324
57628879 324
57628905 316
57629439 305
57637334 305
57637335 305
57643224 343
57643225 343
57643226 343
57643228 343
57643229 343
57645287 332
57649211 343
57655614 343
57655615 343
57661467 305
57668255 324
57670625 324
57670633 324
57670651 324
57671332 324
57671333 324
57671334 324
57671335 324
57672246 305
57672247 305
57672681 389
57676089 324
57676350 324
57676351 324
57676399 324
57677723 324
57677945 324
57678217 343
57679983 324
57682750 324
57682751 324
57691888 305
57691892 305
57691893 305
57691896 305
57691898 305
57691899 305
57691900 305
57691901 305
57691902 305
57691903 305
57698303 316
57699947 305
57699954 305
57699955 305
57709905 316
57709906 316
57709907 316
57714303 324
57714875 324
57715355 324
57717112 324
57717114 324
57717116 324
57717117 324
57717326 324
57717327 324
57717337 324
57717791 305
57723815 324
57725607 324
57725979 324
57729660 324
57729661 324
57729662 324
57732379 381
57732443 381
57732463 381
57732543 381
57734142 305
57734143 305
57734172 324
57734173 324
57734174 324
57734175 324
57734177 324
57737257 324
57737919 343
57741804 343
57741805 343
57741806 343
57741810 343
57741811 343
57741817 343
57741831 343
57741865 343
57747371 332
57749545 305
57749612 305
57749613 305
57749614 305
57777919 324
57778745 324
57779166 305
57779167 305
57782217 324
57786610 324
57786611 324
57788583 332
57789039 362
57792478 343
57792479 343
57793895 332
57795170 362
57795171 362
57795172 362
57795173 362
57795174 362
57795193 362
57798255 324
57800578 362
57800579 362
57800580 362
57800581 362
57800582 362
57800583 362
57806121 332
57825727 305
57838887 324
57844039 389
57859065 324
57865182 316
57865183 316
57867145 362
57875209 362
57881019 324
57885183 324
57885339 305
57887431 362
57893375 305
57902392 305
57902394 305
57902396 305
57902397 305
57904918 335
57904919 335
57904921 335
57913694 305
57913695 305
57937767 305
57942238 305
57942239 305
57947167 305
57948319 324
57956729 324
57957942 324
57957943 324
57958235 324
57961089 324
57964991 305
57967926 305
57967927 305
57967934 305
57967935 305
57967943 305
57968507 305
57971103 324
57972895 324
57973833 370
57979519 362
57980297 362
57980463 362
57981601 362
57981604 362
57981605 362
57981606 362
57981607 362
57981609 362
57987143 305
57987638 305
57987639 305
57989019 305
57989607 305
57991049 324
57991279 324
57995760 305
57995764 305
57995765 305
57995768 305
57995770 305
57995777 305
57996009 305
57996512 305
57996520 305
57996522 305
57996528 305
57996529 305
57996532 305
57996533 305
57996534 305
57996535 305
57996537 305
57996545 305
57996546 305
57996547 305
57996551 305
57996572 305
57996573 305
57996574 305
57996575 305
57996735 305
57997694 305
57997695 305
58000167 305
58000206 305
58000207 305
58000638 305
58000639 305
58000932 305
58000933 305
58000934 305
58000935 305
58001695 305
58006244 305
58006245 305
58006246 305
58006252 305
58006253 305
58006254 305
58006262 305
58006263 305
58006265 305
58006267 305
58006268 305
58006269 305
58006270 305
58006665 305
58015033 324
58015359 324
58015441 324
58015442 324
58015443 324
58016246 324
58016247 324
58017435 305
58024795 389
58031243 300
58031246 300
58031247 300
58032767 305
58036050 305
58036051 305
58036065 305
58039618 305
58039619 305
58039625 305
58039634 305
58039635 305
58040014 305
58040015 305
58046450 362
58046451 362
58048412 305
58048413 305
58048414 305
58057558 324
58057559 324
58059681 343
58064175 305
58068534 324
58068535 324
58070107 305
58070783 316
58095035 305
58096958 305
58096959 305
58103138 362
58103139 362
58103140 362
58103141 362
58103142 362
58103154 362
58103155 362
58103160 362
58103162 362
58103164 362
58103165 362
58103172 362
58103173 362
58103174 362
58103179 362
58105202 300
58105203 300
58105206 300
58105207 300
58105211 300
58116265 416
58125394 389
58125395 389
58127641 316
58141471 305
58147396 351
58147397 351
58147398 351
58147400 351
58147402 351
58147403 351
58147404 351
58147405 351
58147414 351
58147415 351
58147417 351
58148082 305
58148083 305
58148086 305
58148087 305
58148089 305
58148105 305
58150870 300
58150871 300
58170257 305
58170258 305
58170259 305
58170262 305
58170263 305
58170265 305
58170267 305
58170271 305
58170276 305
58170277 305
58170278 305
58170279 305
58170283 305
58170284 305
58170285 305
58170286 305
58170287 305
58170300 305
58170301 305
58170302 305
58170305 305
58170306 305
58170307 305
58170311 305
58170326 305
58170327 305
58170367 305
58172289 305
58173211 316
58180681 324
58186224 305
58186228 305
58186229 305
58186232 305
58186234 305
58187006 316
58187007 316
58189359 305
58190457 305
58190465 305
58191337 305
58191339 305
58191401 305
58191441 305
58191442 305
58191443 305
58192489 305
58192822 305
58192823 305
58192825 305
58192827 305
58192833 305
58192834 305
58192835 305
58192862 305
58192863 305
58192873 305
58192875 305
58193025 305
58193121 305
58194526 305
58194527 305
58196321 305
58196470 305
58196471 305
58196588 305
58196589 305
58196590 305
58196671 305
58196822 305
58196823 305
58197415 305
58199679 305
58200391 305
58202830 332
58202831 332
58202879 305
58203812 305
58203813 305
58203814 305
58206865 305
58206866 305
58206867 305
58207457 332
58208962 305
58208963 305
58210075 305
58211838 305
58211839 305
58212475 305
58213641 305
58214043 305
58214993 305
58214994 305
58214995 305
58215374 305
58215375 305
58215506 305
58215507 305
58215532 305
58215533 305
58215534 305
58215783 305
58225129 300
58230838 343
58230839 343
58235583 305
58237599 397
58240191 370
58242751 332
58246395 305
58246427 305
58246848 305
58246852 305
58246853 305
58246854 305
58246856 305
58246858 305
58246860 305
58246861 305
58246864 305
58246868 305
58246869 305
58246872 305
58246873 305
58246874 305
58246876 305
58246877 305
58246878 305
58246879 305
58246880 305
58246882 305
58246883 305
58246884 305
58246885 305
58246886 305
58246888 305
58246890 305
58246896 305
58246897 305
58246900 305
58246901 305
58246904 305
58246905 305
58246906 305
58246907 305
58246913 305
58246914 305
58246915 305
58246919 305
58246923 305
58246930 305
58246931 305
58246943 305
58246968 305
58246970 305
58246972 305
58246973 305
58246990 305
58246991 305
58247009 305
58247015 305
58247148 305
58247149 305
58247150 305
58247158 305
58247159 305
58247169 305
58247230 305
58247231 305
58247305 305
58247310 305
58247311 305
58247615 305
58248673 305
58249529 305
58252772 305
58252773 305
58252774 305
58256103 332
58256843 305
58261275 305
58261351 305
58262811 305
58262846 305
58262847 305
58262975 305
58264767 305
58265508 305
58265509 305
58265510 305
58266358 305
58266359 305
58266363 305
58266505 305
58267556 305
58267557 305
58267558 305
58267745 305
58267751 305
58269675 305
58269679 305
58269697 305
58269737 305
58269758 305
58269759 305
58269761 305
58269762 305
58269763 305
58269767 305
58269769 305
58269778 305
58269779 305
58269787 305
58269807 305
58269817 305
58269833 343
58269855 305
58270590 305
58270591 305
58272297 305
58273215 305
58274702 343
58274703 343
58274715 343
58275503 324
58278073 305
58278075 305
58278076 305
58278077 305
58278078 305
58278079 305
58278710 305
58278711 305
58281967 408
58282462 313
58282463 313
58283035 343
58292732 351
58292733 351
58292734 351
58292735 351
58293159 351
58295791 305
58298476 305
58298477 305
58298478 305
58303145 305
58305243 305
58311649 324
58315905 305
58319551 324
58322833 324
58322834 324
58322835 324
58327036 324
58327037 324
58327038 324
58327039 324
58329641 316
58330279 316
58339982 343
58339983 343
58341330 389
58341331 389
58341659 343
58342049 305
58343393 305
58345633 305
58345974 313
58345975 313
58347977 316
58347982 316
58347983 316
58348274 316
58348275 316
58350367 316
58352633 332
58357833 324
58358889 324
58365167 370
58372233 343
58382183 305
58382447 389
58387113 343
58390703 343
58393583 313
58409561 324
58413551 313
58417758 316
58417759 316
58418494 324
58418495 324
58425723 305
58429688 324
58429690 324
58429692 324
58429693 324
58434689 324
58435719 324
58435743 324
58435745 324
58435748 324
58435749 324
58435750 324
58435755 324
58435759 324
58435783 324
58436255 324
58442226 324
58442227 324
58443090 305
58443091 305
58446975 305
58448031 389
58454123 305
58454137 305
58454151 305
58454183 305
58454334 305
58454335 305
58455471 305
58456398 305
58456399 305
58457447 305
58457470 305
58457471 305
58458166 305
58458167 305
58458217 305
58458223 305
58458233 305
58458439 305
58460135 305
58460137 305
58461951 305
58463246 305
58463247 305
58463257 305
58463791 305
58464638 305
58464639 305
58468479 305
58469167 305
58470143 305
58470247 305
58474175 305
58478319 305
58478674 324
58478675 324
58498011 305
58502297 305
58502300 305
58502301 305
58502302 305
58502783 305
58504559 305
58504566 305
58504567 305
58504574 305
58504575 305
58504785 305
58504786 305
58504787 305
58504956 305
58504957 305
58504958 305
58505243 305
58507431 305
58507931 305
58510329 389
58510497 305
58510542 305
58510543 305
58510875 305
58511358 305
58511359 305
58512382 389
58512383 389
58513097 305
58513099 305
58513572 305
58513573 305
58513574 305
58516363 305
58520039 362
58520041 362
58520105 362
58520118 362
58520119 362
58520126 362
58520127 362
58520142 362
58520143 362
58520145 362
58520146 362
58520147 362
58521858 305
58521859 305
58521863 305
58521865 305
58521870 305
58521871 305
58521874 305
58521875 305
58521883 305
58522686 324
58522687 324
58525095 351
58525650 324
58525651 324
58529127 324
58529622 324
58529623 324
58529624 324
58529625 324
58529626 324
58529628 324
58529629 324
58529630 324
58529631 324
58529659 324
58529665 305
58529666 324
58529667 324
58529668 324
58529669 324
58529670 324
58529671 324
58529691 324
58529703 324
58530473 324
58537519 305
58538687 324
58550345 313
58563041 305
58565086 343
58565087 343
58565513 305
58568863 305
58570377 305
58575012 305
58575013 305
58575014 305
58578297 305
58578898 313
58578899 313
58579097 324
58579278 324
58579279 324
58579743 313
58580958 324
58580959 324
58582390 313
58582391 313
58582392 313
58582394 313
58582396 313
58582397 313
58582401 313
58583716 343
58583717 343
58583718 343
58589182 343
58589183 343
58589215 305
58594166 324
58594167 324
58604103 313
58629074 305
58629075 305
58631615 305
58631963 305
58632446 305
58632447 305
58632758 305
58632759 305
58633217 370
58633218 370
58633219 370
58633223 370
58636153 305
58636799 370
58655359 305
58655657 370
58659192 389
58659194 389
58659196 389
58659197 389
58662801 351
58662802 351
58662803 351
58664824 343
58664826 343
58664828 343
58664829 343
58671215 305
58671515 305
58674859 305
58674879 305
58675113 305
58676159 343
58678401 305
58683295 343
58685599 305
58694939 316
58694966 316
58694967 316
58695134 305
58695135 305
58696127 305
58699847 305
58700969 305
58701801 370
58707303 305
58708713 370
58721534 305
58721535 305
58740427 305
58740844 305
58740845 305
58740846 305
58741417 305
58742953 305
58745319 305
58745334 305
58745335 305
58747350 351
58747351 351
58747371 351
58747495 305
58747519 305
58748399 305
58748681 305
58748839 305
58748841 305
58748977 305
58748978 305
58748979 305
58751478 305
58751479 305
58756345 305
58763049 305
58770398 343
58770399 343
58770505 343
58770715 343
58770742 343
58770743 343
58771342 343
58771343 343
58772079 351
58772662 343
58772663 343
58772665 343
58772667 343
58772671 343
58779966 305
58779967 305
58780251 351
58781675 305
58782239 305
58782521 305
58787307 305
58790642 305
58790643 305
58793234 324
58793235 324
58793641 324
58796310 305
58796311 305
58796313 305
58796315 305
58796319 305
58796713 324
58797807 324
58798151 324
58803538 305
58803539 305
58806550 305
58806551 305
58806553 305
58806971 305
58807143 351
58812543 343
58817787 416
58827263 324
58828089 324
58828257 343
58828260 343
58828261 343
58828262 343
58828263 343
58828267 343
58841115 305
58844583 305
58848284 313
58848285 313
58848286 313
58848289 313
58848737 305
58851824 324
58851828 324
58851829 324
58851832 324
58851834 324
58851887 389
58857927 305
58865572 324
58865573 324
58865574 324
58872865 351
58880161 305
58880242 305
58880243 305
58881730 381
58881731 381
58893737 343
58895908 343
58895909 343
58895910 343
58914433 313
58915198 381
58915199 381
58925081 370
58925087 370
58940743 332
58941577 370
58942299 370
58945839 305
58952735 305
58957823 351
58965787 389
58969447 305
58972263 305
58972281 305
58974457 305
58974459 305
58982462 324
58982463 324
58996881 313
58996882 313
58996883 313
58996905 313
58999721 305
59021035 324
59021039 324
59021159 324
59021419 324
59023260 324
59023261 324
59023262 324
59025407 324
59025974 324
59025975 324
59026145 324
59026415 324
59034779 351
59035899 313
59036443 313
59037372 313
59037373 313
59037374 313
59037566 313
59037567 313
59038043 435
59042983 313
59051179 313
59051193 313
59051195 313
59051305 313
59051681 324
59051689 324
59052034 313
59052035 313
59052039 313
59052041 313
59052059 313
59057639 324
59059913 313
59059915 313
59066971 305
59069768 324
59069770 324
59069772 324
59069773 324
59069777 324
59069778 324
59069779 324
59070572 305
59070573 305
59070574 305
59073983 324
59074027 324
59077127 389
59077863 324
59088039 332
59088041 332
59088473 332
59089052 305
59089053 305
59089054 305
59089065 305
59090111 332
59091355 343
59107214 305
59107215 305
59111841 305
59112432 305
59112436 305
59112437 305
59112440 305
59112442 305
59112447 305
59115326 305
59115327 305
59118560 305
59118568 305
59118570 305
59118576 305
59118577 305
59118580 305
59118581 305
59122092 305
59122093 305
59122094 305
59122945 305
59122946 305
59122947 305
59128001 324
59128002 324
59128003 324
59128007 324
59135743 324
59137298 370
59137299 370
59145575 332
59147879 305
59150841 305
59150843 305
59150844 305
59150845 305
59150846 305
59152382 370
59152383 370
59154023 305
59154025 305
59154027 305
59155100 305
59155101 305
59155102 305
59155105 305
59155111 305
59155135 305
59155303 324
59168623 324
59178977 370
59178987 370
59179003 370
59179326 370
59179327 370
59183657 324
59187345 324
59187346 324
59187347 324
59188039 305
59189518 305
59189519 305
59189522 305
59189523 305
59189551 305
59189692 305
59189693 305
59189694 305
59191902 370
59191903 370
59202345 305
59213247 305
59213554 305
59213555 305
59215414 305
59215415 305
59215515 305
59226875 305
59229049 305
59232935 305
59232937 305
59232982 305
59232983 305
59232996 305
59232997 305
59232998 305
59232999 305
59233004 305
59233005 305
59233006 305
59233007 305
59233008 305
59233012 305
59233013 305
59233016 305
59233017 305
59233018 305
59233035 305
59233042 305
59233043 305
59233051 305
59233150 305
59233151 305
59233401 305
59233511 305
59235641 305
59236731 305
59239580 305
59239581 305
59239582 305
59239682 305
59239683 305
59239687 305
59239742 351
59239743 351
59244878 351
59244879 351
59259083 408
59262975 305
59276519 305
59276521 305
59276571 305
59279207 305
59289199 324
59291561 305
59309193 435
59314774 332
59314775 332
59314777 332
59318444 343
59318445 343
59318446 343
59318449 343
59318450 343
59318451 343
59318478 343
59318479 343
59318486 343
59318487 343
59318505 343
59318508 343
59318509 343
59318510 343
59318518 343
59318519 343
59318520 343
59318521 343
59318522 343
59318524 343
59318525 343
59318526 343
59318527 343
59318532 343
59318533 343
59318534 343
59318536 343
59318538 343
59318540 343
59318541 343
59318545 343
59318561 343
59318562 343
59318563 343
59318564 343
59318565 343
59318566 343
59318571 343
59318575 343
59318600 343
59318602 343
59318604 343
59318605 343
59318609 343
59321097 305
59321106 305
59321107 305
59321119 305
59321129 305
59321135 305
59324135 305
59327446 305
59327447 305
59327657 305
59327727 305
59327977 305
59328192 305
59328208 305
59328212 305
59328213 305
59328224 305
59328226 305
59328227 305
59328232 305
59328234 305
59328241 305
59328257 305
59328260 305
59328261 305
59328262 305
59328270 305
59328271 305
59328507 305
59328734 305
59328735 305
59329078 305
59329079 305
59331815 305
59333697 305
59333698 305
59333699 305
59333759 305
59337257 305
59337297 305
59337298 305
59337299 305
59337345 305
59338495 416
59341931 305
59367545 305
59371598 381
59371599 381
59374235 416
59378320 305
59378324 305
59378325 305
59378328 305
59378330 305
59378337 305
59378338 305
59378339 305
59378343 305
59378363 305
59378407 305
59380199 305
59384559 332
59387631 305
59388399 324
59393590 305
59393591 305
59427291 351
59433182 351
59433183 351
59438239 324
59448297 408
59455906 351
59455907 351
59455908 351
59455909 351
59455910 351
59455915 351
59463161 332
59463163 332
59465644 351
59465645 351
59465646 351
59469759 351
59471465 332
59471903 332
59473083 332
59475739 324
59476699 324
59476862 332
59476863 332
59476946 324
59476947 324
59483931 324
59484399 370
59485745 370
59485746 370
59485747 370
59509611 351
59509612 351
59509613 351
59509614 351
59509622 351
59509623 351
59509633 351
59509668 351
59509669 351
59509670 351
59509692 351
59509693 351
59509694 351
59510478 324
59510479 324
59535634 351
59535635 351
59548860 332
59548861 332
59548862 332
59548881 332
59548882 332
59548883 332
59566542 351
59566543 351
59569855 332
59572127 324
59572222 324
59572223 324
59572331 324
59572519 324
59572546 324
59572547 324
59573180 324
59573181 324
59573182 324
59573487 332
59573502 324
59573503 324
59573735 324
59574518 324
59574519 324
59574521 324
59574526 324
59574527 324
59576228 324
59576229 324
59576230 324
59576815 324
59595367 305
59598619 305
59598891 305
59598895 305
59598902 305
59598903 305
59601695 305
59602607 324
59605826 305
59605827 305
59607243 305
59607367 305
59607721 305
59609515 305
59613351 305
59614518 324
59614519 324
59615233 305
59618034 305
59618035 305
59622441 305
59624607 305
59628991 313
59630322 305
59630323 305
59630700 305
59630701 305
59630702 305
59630876 324
59630877 324
59630878 324
59630879 324
59633436 305
59633437 305
59633438 305
59634489 305
59641703 324
59641851 305
59644728 351
59644730 351
59644732 351
59644733 351
59650215 305
59651563 305
59652312 305
59652314 305
59652316 305
59652317 305
59654142 332
59654143 332
59654780 305
59654781 305
59654782 305
59654783 305
59654820 370
59654821 370
59654822 370
59655199 305
59666715 332
59667753 305
59667945 305
59668702 305
59668703 305
59682223 351
59682543 351
59685080 362
59685082 362
59685084 362
59685085 362
59699448 324
59699450 324
59699452 324
59699453 324
59718768 378
59718772 378
59718773 378
59718776 378
59718778 378
59718795 378
59722203 351
59722206 351
59722207 351
59722239 351
59729010 351
59729011 351
59729019 351
59729020 351
59729021 351
59729022 351
59736964 435
59736965 435
59736966 435
59736971 435
59738735 351
59744338 313
59744339 313
59744889 313
59744891 313
59745209 313
59745211 313
59745627 351
59746468 351
59746469 351
59746470 351
59755679 332
59763537 316
59763538 316
59763539 316
59763553 316
59776510 389
59776511 389
59823483 351
59823663 351
59826284 305
59826285 305
59826286 305
59826303 305
59826392 305
59826394 305
59826396 305
59826397 305
59826603 305
59826667 305
59826678 305
59826679 305
59826695 305
59828071 305
59828542 305
59828543 305
59828601 305
59830343 305
59831161 305
59831163 305
59831282 305
59831283 305
59831457 305
59831577 305
59831724 305
59831725 305
59831726 305
59832039 305
59834601 332
59837545 359
59837547 359
59840159 332
59843516 416
59843517 416
59843518 416
59843519 416
59845586 305
59845587 305
59857131 305
59857281 305
59857323 305
59857352 305
59857354 305
59857356 305
59857357 305
59857361 305
59857371 305
59857377 305
59857519 305
59861791 351
59862665 305
59862811 305
59863358 305
59863359 305
59866363 305
59871710 332
59871711 332
59878247 305
59879883 305
59879890 305
59879891 305
59879894 305
59879895 305
59882671 305
59883135 370
59883873 305
59883879 305
59894175 313
59894198 313
59894199 313
59894377 313
59894379 313
59894386 313
59894387 313
59894657 313
59896295 313
59899935 313
59903273 313
59903294 313
59903295 313
59903335 313
59916031 370
59928319 305
59934379 305
59934713 305
59934715 305
59934716 305
59934717 305
59934718 305
59934891 305
59938129 351
59938130 351
59938131 351
59938863 351
59939817 332
59940891 351
59958411 343
59958953 313
59959899 370
59960167 351
59986376 351
59986378 351
59986380 351
59986381 351
59986385 351
59986390 351
59986391 351
59986395 351
59986401 351
59986409 351
59986411 351
59989857 351
59991113 305
59991167 305
59991417 305
59991535 305
59994863 305
59999480 351
59999482 351
59999484 351
59999485 351
60001279 305
60008825 370
60009348 351
60009349 351
60009350 351
60009355 351
60012191 370
60017767 370
60017982 359
60017983 359
60027547 305
60062078 324
60062079 324
60067580 389
60067581 389
60067582 389
60067583 389
60073195 389
60076153 324
60084772 351
60084773 351
60084774 351
60099495 305
60105263 313
60108935 305
60112511 411
60119113 313
60120831 313
60126396 324
60126397 324
60126398 324
60127808 324
60127824 324
60127828 324
60127829 324
60127840 324
60127848 324
60127850 324
60127857 324
60127874 324
60127875 324
60127880 324
60127882 324
60127884 324
60127885 324
60127894 324
60127895 324
60127897 324
60127900 324
60127901 324
60127902 324
60127915 324
60127919 324
60139049 313
60145499 313
60155644 324
60155645 324
60155646 324
60155647 324
60162535 397
60167495 389
60172969 305
60179297 305
60181628 362
60181629 362
60181630 362
60192511 305
60198079 305
60198652 305
60198653 305
60198654 305
60209391 324
60212987 324
60217654 305
60217655 305
60225065 305
60227751 305
60233511 351
60234139 313
60234943 305
60237465 305
60237471 305
60244071 332
60258715 305
60258782 305
60258783 305
60261320 389
60261322 389
60261324 389
60261325 389
60261329 389
60267086 332
60267087 332
60267089 332
60267090 332
60267091 332
60268103 305
60270363 332
60272075 332
60274434 313
60274435 313
60274439 313
60275271 313
60275361 313
60275419 313
60275582 305
60275583 305
60276511 305
60276571 305
60276583 305
60276827 332
60276833 332
60276891 332
60276895 332
60279791 313
60279867 332
60280255 332
60281086 332
60281087 332
60283598 313
60283599 313
60286939 332
60286942 332
60286943 332
60286945 332
60286948 332
60286949 332
60286950 332
60286955 332
60288156 305
60288157 305
60288158 305
60288297 313
60288344 305
60288346 305
60288348 305
60288349 305
60288361 305
60288364 305
60288365 305
60288366 305
60288412 305
60288413 305
60288414 305
60288743 305
60288850 305
60288851 305
60290376 305
60290378 305
60290380 305
60290381 305
60290385 305
60290495 313
60290607 313
60293151 351
60294825 305
60295015 305
60295481 305
60295486 305
60295487 305
60295495 305
60296295 305
60297051 351
60297334 351
60297335 351
60297339 351
60297340 351
60297341 351
60297342 351
60297343 351
60298779 313
60302222 389
60302223 389
60305225 327
60305234 327
60305235 327
60307871 313
60311017 343
60314500 332
60314501 332
60314502 332
60314507 332
60315419 389
60316969 332
60321417 332
60321568 332
60321576 332
60321578 332
60321584 332
60321588 332
60321589 332
60321601 332
60321604 332
60321605 332
60321606 332
60321608 332
60321610 332
60321611 332
60321612 332
60321613 332
60321617 332
60321625 332
60321630 332
60321631 332
60321641 332
60322287 305
60339337 351
60347902 332
60347903 332
60350207 324
60356327 416
60356767 313
60357915 313
60360731 324
60361328 313
60361332 313
60361333 313
60361336 313
60361338 313
60361979 313
60377601 305
60378791 313
60378793 313
60379227 332
60384763 305
60384815 305
60384895 305
60385051 305
60385063 305
60385288 305
60385290 305
60385292 305
60385293 305
60385296 305
60385297 305
60385300 305
60385301 305
60385302 305
60385303 305
60385304 305
60385306 305
60385314 305
60385315 305
60385316 305
60385317 305
60385318 305
60385324 305
60385325 305
60385326 305
60385337 305
60385342 305
60385343 305
60385371 305
60385639 313
60385954 305
60385955 305
60385956 305
60385957 305
60385958 305
60386273 305
60386281 305
60386287 305
60386303 305
60386412 305
60386413 305
60386414 305
60386953 305
60387312 305
60387316 305
60387317 305
60387320 305
60387322 305
60387324 305
60387325 305
60387326 305
60387375 305
60387497 305
60387631 305
60387931 305
60388594 305
60388595 305
60388600 305
60388602 305
60388603 305
60388604 305
60388605 305
60388606 305
60388607 305
60388635 305
60388662 305
60388663 305
60388690 305
60388691 305
60388926 305
60388927 305
60389625 305
60389627 305
60389641 305
60389646 305
60389647 305
60393129 305
60397522 381
60397523 381
60397665 313
60405543 313
60405607 313
60405947 313
60413115 343
60415593 313
60422750 313
60422751 313
60428280 305
60428282 305
60428284 305
60428285 305
60433662 378
60433663 378
60437206 327
60437207 327
60437208 327
60437210 327
60437212 327
60437213 327
60437214 327
60437215 327
60437227 327
60437234 327
60437235 327
60441499 305
60441500 305
60441501 305
60441502 305
60444443 305
60454319 305
60457444 332
60457445 332
60457446 332
60457449 332
60457455 332
60458779 305
60459425 313
60467903 313
60473954 332
60473955 332
60473956 332
60473957 332
60473958 332
60473963 332
60473970 332
60473971 332
60473977 332
60474011 332
60478262 332
60478263 332
60479182 332
60479183 332
60480766 313
60480767 313
60480924 332
60480925 332
60480926 332
60484769 332
60488913 332
60488914 332
60488915 332
60491547 332
60492287 332
60492452 332
60492453 332
60492454 332
60496487 332
60496807 332
60499391 343
60500622 332
60500623 332
60511710 305
60511711 305
60513956 305
60513957 305
60513958 305
60533566 359
60533567 359
60536423 332
60536985 332
60536987 332
60536993 332
60537014 332
60537015 332
60537020 332
60537021 332
60537022 332
60537035 332
60537074 332
60537075 332
60537083 332
60537145 332
60537150 332
60537151 332
60537321 332
60539778 332
60539779 332
60539780 332
60539781 332
60539782 332
60539783 332
60543932 332
60543933 332
60543934 332
60547035 359
60556455 332
60558673 332
60558674 332
60558675 332
60560799 332
60560828 332
60560829 332
60560830 332
60561151 332
60561596 332
60561597 332
60561598 332
60561614 332
60561615 332
60570111 332
60570363 370
60579838 332
60579839 332
60585737 351
60590473 332
60592054 370
60592055 370
60597671 332
60600030 305
60600031 305
60615975 351
60615977 351
60618271 351
60619623 351
60636809 340
60639675 332
60639679 332
60644318 305
60644319 305
60644329 305
60646953 359
60649441 305
60650943 313
60653932 340
60653933 340
60653934 340
60655775 313
60655903 313
60655915 313
60656027 313
60656078 313
60656079 313
60656094 313
60656095 313
60656127 313
60656249 313
60656507 313
60656575 313
60656598 313
60656599 313
60656620 313
60656621 313
60656622 313
60656623 313
60675563 332
60678503 332
60688871 351
60689974 313
60689975 313
60706119 351
60710265 340
60711615 305
60712495 313
60714625 305
60716354 305
60716355 305
60720811 313
60725019 332
60727017 351
60727019 351
60733323 351
60740071 351
60743423 332
60744673 313
60746206 313
60746207 313
60753387 332
60754523 389
60755883 332
60755911 332
60756015 332
60756625 332
60756626 332
60756627 332
60757607 313
60761967 332
60763361 332
60765743 332
60769193 332
60770415 332
60776446 324
60776447 324
60777950 351
60777951 351
60778274 313
60778275 313
60778276 313
60778277 313
60778278 313
60778283 313
60778294 313
60778295 313
60778297 313
60785641 324
60786782 313
60786783 313
60797256 324
60797258 324
60797260 324
60797261 324
60797265 324
60798055 332
60802498 332
60802499 332
60803004 332
60803005 332
60803006 332
60804848 332
60804852 332
60804853 332
60804856 332
60804857 332
60804858 332
60805083 332
60805095 332
60805570 313
60805571 313
60808319 332
60811918 332
60811919 332
60815529 378
60817519 389
60818076 332
60818077 332
60818078 332
60830875 351
60830879 351
60836583 351
60839089 313
60839090 313
60839091 313
60839097 313
60839151 313
60840047 351
60845993 313
60846331 313
60875433 305
60878073 332
60881055 305
60884252 351
60884253 351
60884254 351
60885746 340
60885747 340
60885755 340
60887089 370
60887090 370
60887091 370
60887102 370
60887103 370
60887111 370
60892786 370
60892787 370
60892793 370
60893823 305
60896782 305
60896783 305
60904295 332
60905867 305
60922422 313
60922423 313
60926119 313
60926121 370
60938574 397
60938575 397
60942619 305
60942713 305
60946722 305
60946723 305
60946724 305
60946725 305
60946726 305
60946731 305
60946735 305
60948280 305
60948282 305
60948283 305
60948284 305
60948285 305
60948295 305
60960737 324
60961778 305
60961779 305
60965359 305
60983350 378
60983351 378
60989183 332
61000034 313
61000035 313
61000036 313
61000037 313
61000038 313
61000050 313
61000051 313
61002710 343
61002711 343
61011583 313
61011954 313
61011955 313
61015023 313
61034488 305
61034490 305
61034492 305
61034493 305
61042027 313
61058279 332
61066343 313
61071003 313
61078763 332
61083499 370
61083503 370
61089321 313
61089334 313
61089335 313
61089417 313
61089854 313
61089855 313
61091931 313
61092607 332
61093449 332
61098412 313
61098413 313
61098414 313
61098422 313
61098423 313
61098428 313
61098429 313
61098430 313
61099201 313
61099202 313
61099203 313
61099209 313
61099211 313
61099227 313
61099230 313
61099231 313
61099239 313
61099241 313
61099243 313
61099265 313
61099266 313
61099267 313
61099271 313
61099291 313
61099311 313
61100449 313
61102286 313
61102287 313
61103097 313
61103099 313
61103100 313
61103101 313
61103102 313
61103343 313
61103519 313
61103862 313
61103863 313
61106287 313
61109457 313
61109458 313
61109459 313
61109467 313
61109476 313
61109477 313
61109478 313
61109483 313
61109551 313
61111634 313
61111635 313
61118718 332
61118719 332
61119147 332
61119995 332
61119998 332
61119999 332
61124946 370
61124947 370
61127998 308
61127999 308
61129001 397
61133983 392
61137398 313
61137399 313
61140859 313
61144402 313
61144403 313
61144612 313
61144613 313
61144614 313
61144630 313
61144631 313
61144633 313
61144703 313
61144935 313
61145033 313
61151815 370
61153878 313
61153879 313
61153881 313
61153883 313
61163504 332
61163508 332
61163509 332
61163512 332
61163514 332
61171247 313
61175081 332
61177449 324
61180011 305
61181159 305
61181176 305
61181177 305
61181178 305
61181180 305
61181181 305
61181182 305
61181183 305
61181193 305
61181211 305
61181223 305
61184251 305
61202998 313
61202999 313
61211534 370
61211535 370
61211556 370
61211557 370
61211558 370
61211563 370
61221545 362
61234983 397
61237351 324
61251918 313
61251919 313
61258156 359
61258157 359
61258158 359
61258166 359
61258167 359
61258177 359
61258178 359
61258179 359
61258183 359
61258887 313
61258911 313
61261808 308
61261812 308
61261813 308
61261816 308
61261818 308
61265385 324
61271689 332
61282242 313
61282243 313
61282247 313
61282249 313
61282258 313
61282259 313
61282264 313
61282266 313
61282267 313
61282268 313
61282269 313
61282273 313
61282290 313
61282291 313
61282294 313
61282295 313
61282296 313
61282297 313
61282298 313
61282299 313
61282300 313
61282301 313
61282302 313
61282303 313
61284519 362
61293247 332
61299064 313
61299066 313
61299068 313
61299069 313
61299073 313
61302943 313
61303009 313
61303387 313
61303465 313
61303689 313
61303743 313
61304318 313
61304319 313
61304562 313
61304563 313
61306017 313
61306023 313
61306031 313
61306087 313
61306233 313
61308585 313
61309703 313
61309723 313
61309980 313
61309981 313
61309982 313
61309985 313
61310441 313
61311335 313
61313991 313
61317595 313
61317615 313
61319147 313
61320811 313
61321435 340
61321554 313
61321555 313
61323019 313
61329374 313
61329375 313
61329377 313
61329387 313
61329772 313
61329773 313
61329774 313
61329915 313
61329947 313
61330207 313
61331177 313
61332990 313
61332991 313
61342191 351
61346066 351
61346067 351
61360367 313
61360623 340
61362217 313
61362489 313
61362928 313
61362932 313
61362933 313
61362936 313
61362937 313
61362938 313
61362945 313
61362946 313
61362947 313
61362948 313
61362949 313
61362950 313
61362952 313
61362954 313
61362956 313
61362957 313
61362958 313
61362959 313
61362961 313
61362962 313
61362963 313
61362966 313
61362967 313
61362969 313
61362971 313
61362972 313
61362973 313
61362974 313
61362985 313
61362987 313
61363001 313
61363006 313
61363007 313
61363047 313
61363062 313
61363063 313
61363076 313
61363077 313
61363078 313
61363083 313
61363100 313
61363101 313
61363102 313
61363259 313
61363271 313
61363335 313
61363425 313
61363435 313
61364702 313
61364703 313
61364839 313
61365752 313
61365754 313
61365756 313
61365757 313
61369174 313
61369175 313
61369179 313
61373097 340
61373467 313
61373855 340
61379751 313
61379921 313
61379922 313
61379923 313
61382079 340
61383480 313
61383482 313
61383484 313
61383485 313
61384747 313
61384758 313
61384759 313
61384929 313
61384946 313
61384947 313
61384955 313
61385499 313
61386987 313
61386991 313
61387006 313
61387007 313
61387047 313
61387079 313
61387080 313
61387082 313
61387084 313
61387085 313
61387089 313
61387131 313
61387147 351
61387391 313
61393121 332
61395830 313
61395831 313
61395835 313
61396498 313
61396499 313
61399931 416
61406311 313
61408927 313
61411273 359
61414494 313
61414495 313
61415915 321
61417129 313
61417323 313
61418735 351
61422241 313
61439227 313
61440703 332
61442980 332
61442981 332
61442982 332
61442985 332
61443231 321
61447410 332
61447411 332
61450155 324
61461049 351
61462471 397
61463227 313
61467003 313
61467135 313
61467303 313
61468911 321
61469479 324
61470945 340
61473519 332
61474377 340
61478142 397
61478143 397
61480987 332
61487582 378
61487583 378
61505787 397
61510703 351
61514473 351
61514479 351
61514482 351
61514483 351
61517518 321
61517519 321
61533935 332
61534350 332
61534351 332
61538555 321
61540240 305
61540244 305
61540245 305
61540248 305
61540250 305
61540258 305
61540259 305
61540271 305
61543752 332
61543754 332
61543756 332
61543757 332
61543761 332
61555483 321
61555544 332
61555546 332
61555548 332
61555549 332
61555681 313
61557737 321
61560822 332
61560823 332
61561928 332
61561930 332
61561932 332
61561933 332
61561937 332
61561947 332
61561950 332
61561951 332
61562473 332
61583694 313
61583695 313
61584796 313
61584797 313
61584798 313
61584822 313
61584823 313
61584927 313
61585553 313
61585554 313
61585555 313
61585627 313
61587631 313
61588971 313
61590631 313
61590910 313
61590911 313
61592374 313
61592375 313
61592489 313
61592903 332
61594095 313
61597119 313
61597743 313
61598143 313
61598174 313
61598175 313
61599182 313
61599183 313
61602239 313
61607161 332
61614953 305
61625627 313
61632044 313
61632045 313
61632046 313
61632049 313
61632050 313
61632051 313
61634446 313
61634447 313
61634471 313
61634668 313
61634669 313
61634670 313
61634681 313
61640510 397
61640511 397
61641595 313
61642668 397
61642669 397
61642670 397
61643425 313
61650279 313
61650779 370
61650809 370
61650830 370
61650831 370
61650857 370
61650913 370
61652662 313
61652663 313
61653023 332
61657257 332
61660816 332
61660820 332
61660821 332
61660824 332
61660826 332
61660834 332
61660835 332
61660839 332
61660843 332
61660881 332
61660882 332
61660883 332
61660903 332
61661787 332
61666751 321
61670303 332
61673087 313
61682667 321
61687067 313
61695999 313
61698193 351
61698194 351
61698195 351
61698207 313
61700255 313
61703771 313
61703963 313
61708652 313
61708653 313
61708654 313
61708655 313
61712111 313
61712747 321
61714919 332
61716425 321
61716430 321
61716431 321
61717816 351
61717818 351
61717820 351
61717821 351
61718527 313
61721087 313
61723580 351
61723581 351
61723582 351
61724063 321
61733991 324
61764478 313
61764479 313
61769970 378
61769971 378
61769979 378
61773065 313
61775151 378
61786025 313
61792441 305
61792443 305
61792615 305
61797339 397
61803265 351
61803266 351
61803267 351
61807593 321
61808619 321
61809470 313
61809471 313
61810001 313
61810002 313
61810003 313
61810318 313
61810319 313
61813863 313
61813887 313
61815211 351
61816318 351
61816319 351
61817577 313
61818095 313
61822729 351
61834994 324
61834995 324
61836246 313
61836247 313
61840167 313
61841346 313
61841347 313
61843455 305
61849513 378
61860895 305
61869615 305
61882921 313
61883361 313
61891314 313
61891315 313
61891753 313
61891943 313
61894777 313
61894974 313
61894975 313
61900713 370
61906750 313
61906751 313
61908583 359
61915006 435
61915007 435
61915486 351
61915487 351
61916875 351
61916878 351
61916879 351
61919201 389
61924095 321
61924574 313
61924575 313
61926966 313
61926967 313
61927039 313
61942215 332
61942895 332
61949567 313
61952415 313
61953016 313
61953018 313
61953020 313
61953021 313
61953051 313
61954495 332
61963003 378
61967926 305
61967927 305
61975271 332
61975451 351
61975455 351
61986130 351
61986131 351
61987943 313
61987995 313
61989854 378
61989855 378
61995510 305
61995511 305
61996545 321
61996713 305
61997022 313
61997023 313
61997993 313
62000258 332
62000259 332
62000260 332
62000261 332
62000262 332
62000281 332
62003527 321
62007655 305
62014759 332
62014911 332
62022441 359
62031783 389
62033462 305
62033463 305
62036775 305
62046704 351
62046708 351
62046709 351
62046712 351
62046714 351
62061217 305
62067038 389
62067039 389
62070431 378
62070527 378
62072603 305
62072828 305
62072829 305
62072830 305
62072831 305
62084335 313
62093948 340
62093949 340
62093950 340
62093951 340
62101247 305
62101273 305
62106582 313
62106583 313
62129470 313
62129471 313
62158063 321
62178940 332
62178941 332
62178942 332
62178953 332
62180882 332
62180883 332
62184219 332
62190249 386
62191595 321
62192319 321
62193017 359
62193150 321
62193151 321
62193391 321
62195135 321
62195751 321
62195753 321
62196455 443
62197871 321
62210311 321
62210427 321
62210823 332
62210843 332
62211195 321
62211201 321
62217099 332
62219499 321
62228571 305
62229874 332
62229875 332
62229878 332
62229879 332
62229883 332
62229886 332
62229887 332
62230721 313
62230722 313
62230723 313
62230727 313
62234318 332
62234319 332
62234395 332
62234815 332
62237150 332
62237151 332
62237628 397
62237629 397
62237630 397
62238153 302
62238155 302
62249124 340
62249125 340
62249126 340
62249127 340
62249185 340
62249580 340
62249581 340
62249582 340
62250193 313
62250194 313
62250195 313
62269326 313
62269327 313
62271515 313
62274827 313
62274830 313
62274831 313
62278588 302
62278589 302
62278590 302
62281272 313
62281274 313
62281276 313
62281277 313
62281281 313
62281282 313
62281283 313
62287983 305
62288539 305
62289218 305
62289219 305
62291047 302
62291225 332
62299583 332
62301951 302
62305980 302
62305981 302
62305982 302
62307529 302
62307531 302
62307858 305
62307859 305
62308124 305
62308125 305
62308126 305
62308135 305
62308158 305
62308159 305
62308463 305
62308534 305
62308535 305
62310674 305
62310675 305
62311291 305
62315289 313
62315687 313
62316425 340
62316908 378
62316909 378
62316910 378
62318217 305
62319772 313
62319773 313
62319774 313
62319783 313
62321087 302
62321214 302
62321215 302
62323943 302
62334279 302
62344929 378
62353736 332
62353738 332
62353740 332
62353741 332
62353745 332
62356039 313
62356079 313
62356159 313
62356217 313
62356219 313
62356415 302
62373887 313
62381033 313
62381355 313
62382636 305
62382637 305
62382638 305
62382641 305
62382642 305
62382643 305
62383313 313
62383314 313
62383315 313
62383422 313
62383423 313
62395116 302
62395117 302
62395118 302
62395384 313
62395386 313
62395388 313
62395389 313
62397534 302
62397535 302
62397582 302
62397583 302
62397599 302
62400718 313
62400719 313
62401691 313
62401820 313
62401821 313
62401822 313
62401841 313
62401842 313
62401843 313
62401846 313
62401847 313
62401848 313
62401849 313
62401850 313
62401852 313
62401853 313
62401858 313
62401859 313
62401886 313
62401887 313
62402303 313
62402975 313
62404255 313
62406427 359
62408769 313
62408770 313
62408771 313
62408886 313
62408887 313
62414354 359
62414355 359
62425918 324
62425919 324
62429321 416
62438247 351
62447689 313
62483695 340
62487990 340
62487991 340
62491857 351
62491858 351
62491859 351
62491862 351
62491863 351
62491879 351
62491896 351
62491898 351
62491900 351
62491901 351
62491932 351
62491933 351
62491934 351
62491943 351
62491945 351
62491953 351
62491954 351
62491955 351
62491972 351
62491973 351
62491974 351
62491976 351
62491978 351
62491979 351
62491980 351
62491981 351
62491982 351
62491983 351
62492018 351
62492019 351
62492022 351
62492023 351
62492027 351
62492030 351
62492031 351
62494663 313
62494674 313
62494675 313
62494686 313
62494687 313
62494697 313
62495391 313
62497259 340
62498671 302
62501563 313
62502112 313
62502120 313
62502122 313
62502128 313
62502129 313
62502132 313
62502133 313
62502145 313
62502152 313
62502154 313
62502156 313
62502157 313
62502158 313
62502159 313
62502161 313
62502162 313
62502163 313
62502166 313
62502167 313
62502193 313
62502194 313
62502195 313
62502215 313
62502366 313
62502367 313
62503057 313
62503058 313
62503059 313
62505942 313
62505943 313
62507879 313
62507990 313
62507991 313
62510319 340
62511721 313
62512831 313
62516601 313
62526207 302
62543585 313
62547854 389
62547855 389
62550633 424
62551518 321
62551519 321
62552745 302
62552795 302
62554715 302
62554924 313
62554925 313
62554926 313
62554929 313
62554930 313
62554931 313
62554939 313
62556914 313
62556915 313
62558436 302
62558437 302
62558438 302
62558444 302
62558445 302
62558446 302
62558450 302
62558451 302
62558456 302
62558458 302
62558460 302
62558461 302
62558462 302
62558463 302
62560167 332
62561614 302
62561615 302
62566171 302
62571022 313
62571023 313
62571679 302
62581630 302
62581631 302
62605311 332
62612728 359
62612730 359
62612732 359
62612733 359
62636673 359
62640466 378
62640467 378
62644318 340
62644319 340
62646478 332
62646479 332
62646929 359
62646930 359
62646931 359
62646939 359
62647655 332
62647835 332
62648479 332
62649159 302
62649791 340
62652470 359
62652471 359
62653065 340
62658748 340
62658749 340
62658750 340
62666190 332
62666191 332
62668110 378
62668111 378
62678614 305
62678615 305
62678617 305
62678625 305
62678649 305
62678652 305
62678653 305
62678654 305
62682337 370
62693257 359
62693262 359
62693263 359
62693275 359
62693339 359
62693345 359
62711294 386
62711295 386
62720665 359
62721673 354
62724615 302
62734601 340
62734620 340
62734621 340
62734622 340
62734623 340
62748967 302
62756719 340
62759039 332
62759211 332
62759324 332
62759325 332
62759326 332
62759553 332
62759579 332
62759583 332
62759593 332
62760220 332
62760221 332
62760222 332
62760223 332
62761628 332
62761629 332
62761630 332
62761633 332
62761634 332
62761635 332
62761636 332
62761637 332
62761638 332
62761723 302
62763426 332
62763427 332
62763428 332
62763429 332
62763430 332
62780286 302
62780287 302
62780519 302
62783595 313
62783599 313
62787051 313
62787055 313
62787318 313
62787319 313
62788847 313
62791222 332
62791223 332
62794617 313
62804527 313
62808382 359
62808383 359
62817951 332
62820818 313
62820819 313
62820996 332
62820997 332
62820998 332
62821003 332
62821006 332
62821007 332
62826143 313
62832126 332
62832127 332
62832409 332
62832411 332
62835598 359
62835599 359
62836583 340
62842390 302
62842391 302
62842393 302
62842399 302
62843586 313
62843587 313
62843591 313
62846180 313
62846181 313
62846182 313
62860849 313
62860850 313
62860851 313
62868635 340
62878102 370
62878103 370
62878105 370
62890921 332
62893244 332
62893245 332
62893246 332
62907807 340
62912978 302
62912979 302
62912982 302
62912983 302
62913023 302
62913135 302
62913601 386
62913602 386
62913603 386
62913607 386
62913627 386
62913839 370
62914587 359
62916603 359
62917275 359
62917289 359
62920095 359
62920319 324
62924396 359
62924397 359
62924398 359
62932764 443
62932765 443
62932766 443
62932775 443
62934633 359
62940534 321
62940535 321
62941116 321
62941117 321
62941118 321
62942779 359
62942782 359
62942783 359
62942847 321
62960763 324
62974430 397
62974431 397
62978283 302
63001068 302
63001069 302
63001070 302
63001074 302
63001075 302
63001092 302
63001093 302
63001094 302
63001099 302
63001102 302
63001103 302
63001179 302
63001671 378
63009439 397
63024105 359
63026860 313
63026861 313
63026862 313
63026977 313
63026985 313
63029232 313
63029236 313
63029237 313
63029240 313
63029242 313
63029247 313
63031455 313
63032135 313
63032441 313
63032603 313
63038729 367
63040094 302
63040095 302
63040505 302
63041151 340
63041383 340
63041535 340
63041575 302
63041607 302
63041913 302
63043201 302
63043291 302
63043303 302
63043410 302
63043411 302
63043451 302
63044312 302
63044314 302
63044316 302
63044317 302
63044318 302
63044319 302
63044321 302
63044795 302
63044990 302
63044991 302
63045014 424
63045015 424
63045017 424
63045020 424
63045021 424
63045022 424
63046454 302
63046455 302
63046521 302
63058479 302
63059056 302
63059060 302
63059061 302
63059064 302
63059066 302
63059135 302
63059183 302
63059588 313
63059589 313
63059590 313
63059595 313
63059611 313
63059623 313
63059815 313
63059972 302
63059973 302
63059974 302
63059979 302
63059982 302
63059983 302
63059986 302
63059987 302
63060571 302
63061675 302
63061897 359
63065193 313
63065947 313
63068376 302
63068378 302
63068380 302
63068381 302
63068382 302
63068383 302
63068411 302
63074721 340
63075049 378
63078911 313
63081609 313
63086271 313
63086759 378
63087643 313
63089718 302
63089719 302
63090217 302
63093995 302
63098601 321
63098607 321
63098610 321
63098611 321
63098878 321
63098879 321
63099163 321
63100622 321
63100623 321
63101607 462
63101951 332
63108039 321
63136039 302
63136047 302
63141092 313
63141093 313
63141094 313
63141095 313
63144694 359
63144695 359
63146473 340
63151015 359
63152466 359
63152467 359
63153017 359
63166063 351
63166628 321
63166629 321
63166630 321
63179879 313
63187707 351
63193142 359
63193143 359
63195521 359
63195531 359
63195583 359
63198889 313
63200569 313
63204460 313
63204461 313
63204462 313
63204991 359
63209324 359
63209325 359
63209326 359
63222716 378
63222717 378
63222718 378
63226130 305
63226131 305
63232718 378
63232719 378
63238143 340
63239390 340
63239391 340
63263079 359
63265895 340
63275998 305
63275999 305
63278951 340
63281063 397
63281068 397
63281069 397
63281070 397
63281071 397
63283499 302
63286831 359
63290107 332
63299180 359
63299181 359
63299182 359
63303751 321
63313223 313
63314715 313
63323239 313
63323495 313
63324638 313
63324639 313
63338814 321
63338815 321
63340540 321
63340541 321
63340542 321
63340543 321
63343035 332
63343039 332
63343551 313
63344480 332
63344488 332
63344490 332
63344496 332
63344497 332
63344500 332
63344501 332
63344514 332
63344515 332
63344519 332
63344528 332
63344532 332
63344533 332
63344534 332
63344535 332
63344536 332
63344537 332
63344538 332
63344540 332
63344541 332
63344542 332
63344546 332
63344547 332
63344584 332
63344586 332
63344588 332
63344589 332
63344590 332
63344591 332
63344593 332
63344612 332
63344613 332
63344614 332
63344615 332
63344619 332
63344632 332
63344633 332
63344634 332
63344635 332
63344636 332
63344637 332
63363175 321
63368551 359
63386331 397
63392097 313
63393215 313
63398447 340
63401217 370
63401218 370
63401219 370
63413439 313
63418550 313
63418551 313
63419154 313
63419155 313
63439170 313
63439171 313
63440182 416
63440183 416
63446978 313
63446979 313
63450239 340
63456795 367
63457387 313
63459099 313
63460690 340
63460691 340
63482495 313
63485174 397
63485175 397
63485177 397
63491254 340
63491255 340
63492321 313
63494703 340
63495583 340
63496505 340
63498994 321
63498995 321
63499003 321
63500196 313
63500197 313
63500198 313
63500703 340
63500841 313
63500847 313
63501179 313
63501255 313
63501518 340
63501519 340
63501650 340
63501651 340
63502558 313
63502559 313
63504635 321
63505998 340
63505999 340
63508327 321
63510505 321
63512169 340
63512171 340
63512172 340
63512173 340
63512174 340
63513449 313
63513595 321
63513643 313
63513662 313
63513663 313
63513714 313
63513715 313
63513727 313
63515559 321
63515787 313
63515790 313
63515791 313
63515911 321
63521163 313
63521179 313
63522983 313
63523115 359
63524639 321
63528265 397
63531439 335
63534217 321
63537531 351
63541206 340
63541207 340
63543801 340
63548592 340
63548596 340
63548597 340
63548600 340
63548602 340
63548612 340
63548613 340
63548614 340
63548616 340
63548618 340
63548620 340
63548621 340
63548652 340
63548653 340
63548654 340
63548662 340
63548663 340
63548681 340
63548683 340
63548686 340
63548687 340
63548690 340
63548691 340
63548697 340
63548713 340
63571963 313
63576386 340
63576387 340
63584367 332
63590512 321
63590516 321
63590517 321
63590520 321
63590522 321
63590530 321
63590531 321
63590532 321
63590533 321
63590534 321
63608809 321
63609391 340
63612927 321
63615353 313
63615615 313
63615721 313
63615772 313
63615773 313
63615774 313
63615777 313
63615785 313
63615787 313
63615791 313
63615800 313
63615802 313
63615803 313
63615804 313
63615805 313
63615806 313
63615807 313
63615810 313
63615811 313
63615825 313
63615826 313
63615827 313
63615830 313
63615831 313
63615835 313
63615847 313
63616481 313
63617071 313
63617529 313
63617910 313
63617911 313
63617912 313
63617914 313
63617916 313
63617917 313
63617921 313
63618102 313
63618103 313
63618302 397
63618303 397
63619257 313
63619259 313
63619265 313
63619266 313
63619267 313
63619271 313
63619356 313
63619357 313
63619358 313
63619739 313
63620347 313
63620350 313
63620351 313
63620361 313
63620379 313
63621231 313
63628662 389
63628663 389
63631207 321
63632937 351
63635739 351
63647743 313
63647903 313
63652895 367
63655241 321
63661070 313
63661071 313
63670471 335
63670475 335
63670503 335
63674994 313
63674995 313
63678094 313
63678095 313
63691759 340
63691790 340
63691791 340
63692891 340
63693878 321
63693879 321
63695868 313
63695869 313
63695870 313
63702809 321
63709185 340
63711145 302
63713723 340
63716361 321
63720577 340
63721327 302
63725225 340
63727785 340
63728127 592
63728668 340
63728669 340
63728670 340
63728673 340
63732923 340
63735983 351
63738367 340
63748777 340
63748961 313
63751324 313
63751325 313
63751326 313
63771976 367
63771978 367
63771980 367
63771981 367
63771985 367
63774994 340
63774995 340
63775614 340
63775615 340
63775617 340
63775618 340
63775619 340
63775620 340
63775621 340
63775622 340
63775623 340
63775647 340
63775771 340
63775983 340
63778537 340
63782880 340
63782888 340
63782890 340
63782896 340
63782897 340
63782900 340
63782901 340
63787346 340
63787347 340
63789215 359
63791387 424
63799254 302
63799255 302
63799844 302
63799845 302
63799846 302
63799935 302
63799963 302
63800091 302
63800184 302
63800186 302
63800188 302
63800189 302
63800190 302
63800191 302
63800351 302
63800367 302
63800559 302
63800630 340
63800631 340
63800705 340
63801515 340
63801532 340
63801533 340
63801534 340
63819751 305
63819756 305
63819757 305
63819758 305
63819762 305
63819763 305
63819771 305
63820094 305
63820095 305
63820732 340
63820733 340
63820734 340
63833601 378
63854843 340
63861223 359
63869095 378
63883772 340
63883773 340
63883774 340
63886875 351
63895643 321
63898786 348
63898787 348
63898788 348
63898789 348
63898790 348
63900863 321
63900999 321
63901467 321
63901622 321
63901623 321
63904764 321
63904765 321
63904766 321
63921579 340
63924671 340
63924674 340
63924675 340
63933119 378
63935596 359
63935597 359
63935598 359
63936761 321
63941403 321
63959259 302
63959279 302
63959288 302
63959290 302
63959292 302
63959293 302
63959472 302
63959476 302
63959477 302
63959480 302
63959482 302
63959489 302
63959643 302
63959777 302
63959911 332
63959934 302
63959935 302
63960905 302
63961535 302
63962731 313
63962751 351
63962875 302
63964553 313
63968969 302
63968971 302
63968977 302
63968978 302
63968979 302
63968999 302
63969014 302
63969015 302
63978075 348
63978175 359
63978951 302
63996001 321
64006206 340
64006207 340
64006983 340
64012606 340
64012607 340
64014075 340
64020219 340
64027857 332
64027858 332
64027859 332
64028415 302
64029785 321
64029804 321
64029805 321
64029806 321
64029807 321
64037545 332
64040575 462
64049785 332
64049787 332
64055305 340
64057736 340
64057738 340
64057740 340
64057741 340
64057744 340
64057748 340
64057749 340
64057752 340
64057754 340
64057777 340
64057778 340
64057779 340
64057785 340
64057788 340
64057789 340
64057790 340
64058095 340
64058543 321
64061432 340
64061434 340
64061436 340
64061437 340
64065227 340
64071719 340
64071911 340
64080495 321
64081051 359
64082258 340
64082259 340
64093852 321
64093853 321
64093854 321
64093863 321
64094862 359
64094863 359
64094879 340
64101127 321
64101483 321
64132143 313
64134939 340
64138558 313
64138559 313
64139401 359
64141430 359
64141431 359
64141435 359
64141439 359
64143004 348
64143005 348
64143006 348
64143012 348
64143013 348
64143014 348
64143017 348
64144423 378
64144425 378
64150428 378
64150429 378
64150430 378
64150943 348
64152545 313
64154633 313
64162546 340
64162547 340
64162799 340
64167350 302
64167351 302
64167407 302
64178267 302
64178401 302
64198185 340
64199387 302
64199465 302
64207246 313
64207247 313
64207259 313
64208832 313
64208848 313
64208852 313
64208853 313
64208864 313
64208866 313
64208867 313
64208872 313
64208874 313
64208881 313
64208889 313
64222009 332
64223105 313
64227641 302
64227646 302
64227647 302
64227650 302
64227651 302
64227657 302
64228351 351
64233471 378
64245833 386
64246811 321
64251977 340
64253419 321
64259753 321
64263410 321
64263411 321
64266226 351
64266227 351
64275966 321
64275967 321
64281327 405
64297119 340
64299697 313
64299698 313
64299699 313
64299705 313
64299708 313
64299709 313
64299710 313
64306475 302
64314399 340
64315483 340
64321627 340
64322297 302
64322555 348
64324769 340
64326930 302
64326931 302
64328574 340
64328575 340
64332903 321
64335087 321
64350447 321
64351339 378
64351340 378
64351341 378
64351342 378
64351679 302
64357484 321
64357485 321
64357486 321
64357487 321
64357497 321
64359579 321
64360223 321
64360935 340
64361831 340
64362523 321
64362814 321
64362815 321
64363175 321
64363935 367
64365334 302
64365335 302
64365337 302
64365433 321
64366222 302
64366223 302
64366315 302
64366319 302
64366369 302
64366370 302
64366371 302
64366372 302
64366373 302
64366374 302
64366379 302
64366398 302
64366399 302
64366443 302
64366465 302
64366473 302
64366505 302
64366507 302
64366535 302
64367049 321
64367067 321
64367841 302
64367847 302
64367881 321
64367890 321
64367891 321
64367913 321
64367950 321
64367951 321
64367953 321
64367954 321
64367955 321
64369199 321
64371025 302
64371026 302
64371027 302
64371047 302
64371131 321
64371135 321
64371986 321
64371987 321
64372351 321
64372430 321
64372431 321
64372767 321
64374326 302
64374327 302
64374699 302
64374987 302
64375017 302
64378139 302
64378663 302
64378680 321
64378682 321
64378684 321
64378685 321
64378686 321
64378687 321
64378696 321
64378698 321
64378700 321
64378701 321
64378705 321
64380113 302
64380114 302
64380115 302
64380158 302
64380159 302
64380242 302
64380243 302
64382097 302
64382098 302
64382099 302
64388443 340
64388767 340
64388895 340
64389479 340
64389788 340
64389789 340
64389790 340
64389791 340
64395004 378
64395005 378
64395006 378
64397807 359
64398212 316
64398213 316
64398214 316
64398219 316
64399275 405
64401033 302
64402523 302
64403071 302
64404393 332
64408121 321
64408231 321
64413817 321
64415499 321
64415716 321
64415717 321
64415718 321
64415727 321
64415728 321
64415732 321
64415733 321
64415736 321
64415738 321
64415739 321
64415740 321
64415741 321
64415742 321
64415743 321
64415817 321
64416062 321
64416063 321
64423195 313
64423359 332
64435618 340
64435619 340
64435620 340
64435621 340
64435622 340
64435628 340
64435629 340
64435630 340
64437225 386
64437999 359
64451867 313
64454241 313
64454249 313
64455049 302
64456703 302
64457481 313
64458140 302
64458141 302
64458142 302
64463719 316
64466430 332
64466431 332
64469019 313
64476673 302
64476699 302
64476766 302
64476767 302
64478185 302
64480809 302
64480815 302
64481193 302
64484073 302
64484079 302
64484830 302
64484831 302
64484911 302
64486249 378
64486255 378
64486265 378
64487583 332
64496769 370
64496921 302
64496924 302
64496925 302
64496926 302
64504447 313
64505334 302
64505335 302
64505337 302
64505339 302
64505767 302
64516065 302
64522482 302
64522483 302
64522494 302
64522495 302
64523711 302
64524539 302
64526407 302
64534687 321
64535339 367
64535343 367
64535350 367
64535351 367
64536111 321
64539152 316
64539156 316
64539157 316
64539160 316
64539162 316
64539170 316
64539171 316
64539179 316
64539180 316
64539181 316
64539182 316
64539195 316
64539198 316
64539199 316
64560729 321
64560737 321
64560747 321
64560751 321
64560764 321
64560765 321
64560766 321
64560769 321
64560775 321
64560795 321
64560799 321
64560809 321
64562079 302
64562876 302
64562877 302
64562878 302
64562894 302
64562895 302
64568319 321
64572012 302
64572013 302
64572014 302
64572015 302
64578400 321
64578408 321
64578410 321
64578416 321
64578417 321
64578420 321
64578421 321
64578434 321
64578435 321
64578439 321
64582523 321
64582990 321
64582991 321
64583071 321
64584127 321
64585775 321
64585819 321
64585835 321
64586055 321
64587199 302
64587935 321
64589659 321
64589665 321
64589991 321
64590879 321
64594367 321
64597959 321
64598783 321
64602439 321
64602450 321
64602451 321
64602793 321
64603675 321
64604911 321
64612267 321
64640159 348
64641742 348
64641743 348
64642047 348
64645097 321
64645700 321
64645701 321
64645702 321
64645704 321
64645706 321
64645707 321
64645708 321
64645709 321
64645718 321
64645719 321
64645726 321
64645727 321
64645730 321
64645731 321
64645732 321
64645733 321
64645734 321
64645737 321
64645739 321
64645746 321
64645747 321
64645753 321
64645756 321
64645757 321
64645758 321
64645761 321
64645787 321
64645793 321
64645794 321
64645795 321
64645796 321
64645797 321
64645798 321
64645868 321
64645869 321
64645870 321
64645899 321
64646025 321
64646057 321
64646076 321
64646077 321
64646078 321
64646251 321
64647585 321
64648690 321
64648691 321
64648697 321
64652297 321
64656431 348
64657255 348
64660507 321
64666489 321
64667371 321
64668923 321
64671083 321
64671163 321
64671164 321
64671165 321
64671166 321
64671211 321
64671401 321
64671983 321
64673951 313
64680379 321
64680926 321
64680927 321
64681083 321
64681087 321
64688782 302
64688783 302
64697759 340
64702817 321
64703023 321
64704504 359
64704506 359
64704508 359
64704509 359
64708203 321
64710503 321
64720731 340
64730049 340
64730050 340
64730051 340
64739071 321
64740479 359
64741449 302
64750585 405
64750951 359
64752297 329
64755359 321
64755455 321
64758503 332
64761115 332
64767337 302
64767339 302
64770587 329
64771410 329
64771411 329
64772681 302
64772686 302
64772687 302
64772702 302
64772703 302
64772799 302
64772811 302
64772847 302
64772859 302
64772875 302
64772930 302
64772931 302
64772961 302
64772975 302
64773003 302
64773031 302
64773057 302
64773058 302
64773059 302
64773247 302
64773302 302
64773303 302
64773307 302
64773326 302
64773327 302
64773454 302
64773455 302
64773458 302
64773459 302
64773774 302
64773775 302
64774713 302
64775615 302
64776636 302
64776637 302
64776638 302
64776642 302
64776643 302
64794735 321
64797031 321
64801785 302
64805369 359
64805377 359
64808577 329
64824135 351
64826025 340
64826311 340
64830738 329
64830739 329
64831727 313
64832489 321
64832513 313
64832514 313
64832515 313
64832519 313
64832553 313
64833127 302
64836217 340
64836219 340
64842002 302
64842003 302
64848624 340
64848628 340
64848629 340
64848632 340
64848634 340
64850927 329
64854198 340
64854199 340
64855362 340
64855363 340
64855387 340
64862567 340
64863871 340
64867483 302
64869151 302
64877281 321
64877311 321
64877793 302
64879454 321
64879455 321
64879463 321
64879483 321
64879593 321
64880252 321
64880253 321
64880254 321
64881276 302
64881277 302
64881278 302
64881767 386
64882441 321
64885601 321
64885895 321
64885897 321
64887438 321
64887439 321
64887559 321
64887689 321
64887995 340
64892143 321
64893095 321
64896415 386
64897831 321
64903384 302
64903386 302
64903387 302
64903388 302
64903389 302
64903390 302
64903391 302
64903419 302
64903935 321
64911225 313
64912441 302
64912443 302
64912449 302
64912450 302
64912451 302
64912455 302
64912487 302
64913407 367
64915783 321
64923644 313
64923645 313
64923646 313
64929227 321
64929234 321
64929235 321
64929775 321
64931756 321
64931757 321
64931758 321
64931993 321
64931995 321
64932004 321
64932005 321
64932006 321
64940425 405
64941727 321
64944846 321
64944847 321
64945870 321
64945871 321
64948927 378
64948999 378
64949023 378
64949049 378
64949095 378
64950911 302
64950946 321
64950947 321
64950948 321
64950949 321
64950950 321
64950951 321
64951855 340
64954415 321
64957209 302
64958715 340
64959532 340
64959533 340
64959534 340
64959537 340
64959538 340
64959539 340
64959545 340
64959559 340
64959561 340
64959599 340
64959609 321
64959611 340
64959625 340
64960507 340
64965793 329
64968239 302
64968316 302
64968317 302
64968318 302
64969151 340
64976031 302
64976927 302
64984617 329
64991143 302
64993051 367
64995823 302
64998919 359
65001089 321
65001534 302
65001535 302
65001563 302
65004287 386
65004795 321
65004994 321
65004995 321
65009934 321
65009935 321
65009938 321
65009939 321
65014251 329
65016539 340
65018130 329
65018131 329
65018139 329
65018174 329
65018175 329
65019568 359
65019572 359
65019573 359
65019576 359
65019578 359
65019585 359
65019591 359
65019593 359
65025127 302
65025648 359
65025652 359
65025653 359
65025656 359
65025658 359
65031199 340
65031886 329
65031887 329
65068747 321
65091449 321
65098331 313
65100539 359
65109611 359
65109615 359
65116146 321
65116147 321
65117833 321
65118043 321
65121007 302
65123361 359
65134674 302
65134675 302
65139342 302
65139343 302
65140196 302
65140197 302
65140198 302
65141673 302
65143032 332
65143034 332
65143036 332
65143037 332
65152905 302
65152907 302
65155775 302
65158335 386
65183058 378
65183059 378
65185019 302
65193895 321
65201321 321
65202684 321
65202685 321
65202686 321
65203015 321
65206226 321
65206227 321
65213321 302
65213918 302
65213919 302
65213927 302
65214571 302
65215599 321
65218633 321
65220562 367
65220563 367
65227835 359
65229302 359
65229303 359
65229308 359
65229309 359
65229310 359
65229311 359
65235513 302
65235547 302
65235625 302
65236086 302
65236087 302
65236091 302
65236092 302
65236093 302
65236094 302
65237409 321
65237646 302
65237647 302
65239655 302
65239817 302
65239929 321
65239931 321
65240007 321
65240935 302
65245240 302
65245242 302
65245244 302
65245245 302
65245249 302
65245250 302
65245251 302
65245511 302
65245935 302
65246096 302
65246100 302
65246101 302
65246102 302
65246103 302
65246104 302
65246105 302
65246106 302
65246114 302
65246115 302
65246116 302
65246117 302
65246118 302
65246127 302
65246145 302
65246146 302
65246147 302
65246166 302
65246167 302
65246187 302
65246281 302
65246311 302
65246623 302
65247407 302
65247481 302
65250233 302
65250235 302
65250719 302
65251052 302
65251053 302
65251054 302
65251495 302
65251969 302
65251999 302
65256711 340
65257028 302
65257029 302
65257030 302
65257032 302
65257034 302
65257035 302
65257036 302
65257037 302
65257046 302
65257047 302
65257049 302
65257051 302
65257054 302
65257055 302
65257057 302
65257081 302
65257095 302
65257115 302
65257151 302
65257185 302
65257191 302
65257499 302
65266913 321
65267241 321
65267372 321
65267373 321
65267374 321
65268278 321
65268279 321
65269615 302
65277895 386
65283081 313
65290518 302
65290519 302
65290521 302
65290527 302
65290537 302
65290543 302
65290558 302
65290559 302
65290574 302
65290575 302
65291007 359
65294262 302
65294263 302
65294572 302
65294573 302
65294574 302
65294578 302
65294579 302
65294582 302
65294583 302
65294590 302
65294591 302
65294751 302
65295017 302
65295495 302
65302258 359
65302259 359
65304169 321
65304465 302
65304466 302
65304467 302
65304475 302
65306183 386
65312191 340
65313230 329
65313231 329
65313735 321
65314754 321
65314755 321
65317142 340
65317143 340
65317145 340
65317167 340
65319291 302
65323119 302
65323879 302
65323935 321
65327102 321
65327103 321
65328871 302
65329131 313
65335143 332
65352123 313
65356914 302
65356915 302
65359079 302
65366032 359
65366036 359
65366037 359
65366040 359
65366042 359
65366050 359
65366051 359
65366060 359
65366061 359
65366062 359
65366072 359
65366073 359
65366074 359
65366076 359
65366077 359
65368175 313
65380799 413
65387259 413
65391070 386
65391071 386
65393358 313
65393359 313
65393593 313
65393595 313
65393596 313
65393597 313
65393598 313
65403039 386
65415824 348
65415828 348
65415829 348
65415832 348
65415834 348
65415842 348
65415843 348
65415844 348
65415845 348
65415846 348
65415849 348
65416593 302
65416594 302
65416595 302
65416598 302
65416599 302
65416601 302
65416619 302
65423463 313
65423535 313
65430267 321
65441540 302
65441541 302
65441542 302
65441544 302
65441546 302
65441548 302
65441549 302
65441550 302
65441551 302
65441553 302
65441564 302
65441565 302
65441566 302
65441569 302
65441570 302
65441571 302
65441572 302
65441573 302
65441574 302
65441575 302
65441579 302
65441583 302
65441590 302
65441591 302
65441592 302
65441593 302
65441594 302
65441595 302
65441596 302
65441597 302
65441618 302
65441619 302
65443826 302
65443827 302
65443867 302
65444863 313
65447337 302
65453265 321
65453266 321
65453267 321
65459512 302
65459514 302
65459516 302
65459517 302
65460383 313
65462523 302
65464265 302
65464274 302
65464275 302
65464295 302
65464297 302
65465255 302
65465257 302
65465321 302
65465327 302
65465372 302
65465373 302
65465374 302
65465377 302
65466550 302
65466551 302
65466924 302
65466925 302
65466926 302
65466929 302
65466930 302
65466931 302
65466936 302
65466938 302
65466939 302
65466940 302
65466941 302
65466971 302
65466983 302
65466985 302
65467122 302
65467123 302
65467135 302
65467154 302
65467155 302
65467262 302
65467263 302
65468843 302
65470862 302
65470863 302
65470881 302
65471030 302
65471031 302
65471164 302
65471165 302
65471166 302
65471209 302
65471271 302
65471425 302
65471426 302
65471427 302
65471433 302
65471442 302
65471443 302
65471454 302
65471455 302
65471649 302
65472603 302
65478079 302
65478185 329
65478907 302
65479292 302
65479293 302
65479294 302
65480946 302
65480947 302
65482724 302
65482725 302
65482726 302
65483388 329
65483389 329
65483390 329
65484015 302
65485084 302
65485085 302
65485086 302
65486334 302
65486335 302
65486505 302
65488319 302
65489035 302
65490347 302
65490386 302
65490387 302
65490799 302
65491868 302
65491869 302
65491870 302
65491871 302
65491881 302
65492105 302
65492297 302
65492446 302
65492447 302
65492472 302
65492474 302
65492476 302
65492477 302
65492478 302
65492479 302
65493759 302
65493793 302
65493799 302
65500129 302
65505385 340
65509694 340
65509695 340
65510335 340
65517566 329
65517567 329
65522041 329
65523103 329
65526939 302
65527195 302
65527231 302
65527680 302
65527712 302
65527720 302
65527722 302
65527728 302
65527732 302
65527733 302
65527736 302
65527737 302
65527738 302
65527739 302
65527744 302
65527745 302
65527748 302
65527749 302
65527750 302
65527760 302
65527764 302
65527765 302
65527768 302
65527769 302
65527770 302
65527771 302
65527772 302
65527773 302
65527778 302
65527779 302
65527780 302
65527781 302
65527782 302
65527788 302
65527789 302
65527790 302
65527794 302
65527795 302
65527798 302
65527799 302
65527809 302
65527844 302
65527845 302
65527846 302
65527851 302
65527865 302
65527867 302
65527886 302
65527887 302
65527902 302
65527903 302
65527911 302
65527935 302
65528044 302
65528045 302
65528046 302
65528054 302
65528055 302
65528065 302
65528066 302
65528067 302
65528105 302
65528135 302
65528219 302
65528225 302
65528231 302
65529590 302
65529591 302
65529739 302
65529756 302
65529757 302
65529758 302
65530721 302
65534370 302
65534371 302
65534372 302
65534373 302
65534374 302
65538948 302
65538949 302
65538950 302
65538955 302
65539839 302
65540073 302
65543935 302
65545663 302
65545703 302
65548700 302
65548701 302
65548702 302
65549634 302
65549635 302
65549646 302
65549647 302
65549654 302
65549655 302
65549659 302
65549671 302
65549819 302
65551004 302
65551005 302
65551006 302
65551017 302
65551212 302
65551213 302
65551214 302
65551471 302
65552001 302
65553273 302
65553385 302
65553391 302
65553409 302
65553410 302
65553411 302
65553415 302
65553433 302
65553447 302
65553449 302
65553455 302
65553479 302
65553480 302
65553481 302
65553482 302
65553484 302
65553485 302
65553486 302
65553487 302
65553489 302
65553490 302
65553491 302
65553502 302
65553503 302
65553511 302
65553537 302
65553545 302
65553563 340
65553746 302
65553747 302
65554401 302
65554415 302
65555177 302
65556335 302
65557671 313
65559041 340
65559047 340
65559054 340
65559055 340
65562833 302
65562834 302
65562835 302
65562838 302
65562839 302
65562849 302
65563548 302
65563549 302
65563550 302
65566706 340
65566707 340
65567771 310
65568415 340
65574023 302
65574921 302
65577426 302
65577427 302
65579326 348
65579327 348
65579387 348
65580449 321
65580647 348
65585788 302
65585789 302
65585790 302
65585833 302
65591039 302
65591807 302
65593398 302
65593399 302
65594025 302
65600606 321
65600607 321
65603995 302
65605394 302
65605395 302
65610363 310
65612329 329
65613188 321
65613189 321
65613190 321
65613193 321
65613195 321
65617918 321
65617919 321
65620463 313
65620847 313
65621561 313
65632481 340
65633998 386
65633999 386
65634366 340
65634367 340
65634806 302
65634807 302
65636318 302
65636319 302
65638838 302
65638839 302
65638878 302
65638879 302
65639222 310
65639223 310
65641474 313
65641475 313
65641479 313
65641481 313
65641810 313
65641811 313
65641910 313
65641911 313
65643759 313
65646713 329
65649447 321
65649641 378
65650230 348
65650231 348
65650731 386
65652562 321
65652563 321
65653750 321
65653751 321
65655271 310
65662495 302
65668763 340
65678649 302
65680854 302
65680855 302
65680862 302
65680863 302
65685503 340
65689529 340
65689531 340
65689538 340
65689539 340
65694601 386
65710305 302
65710311 321
65710756 321
65710757 321
65710758 321
65716905 302
65719979 313
65719983 313
65720807 321
65728939 302
65733127 310
65733404 321
65733405 321
65733406 321
65733409 321
65733535 302
65735673 310
65739026 321
65739027 321
65740050 321
65740051 321
65740182 321
65740183 321
65740185 321
65740214 321
65740215 321
65740219 321
65740220 321
65740221 321
65740222 321
65740225 321
65740226 321
65740227 321
65740257 321
65740827 321
65742975 321
65744895 321
65747505 321
65747506 321
65747507 321
65748478 302
65748479 302
65759079 302
65760889 302
65760905 302
65760921 302
65761097 302
65761127 302
65762407 302
65763449 302
65764626 302
65764627 302
65764635 302
65764655 302
65765438 302
65765439 302
65765490 302
65765491 302
65765494 302
65765495 302
65765511 302
65765513 302
65765575 332
65767655 302
65770633 302
65771150 302
65771151 302
65771153 302
65771154 302
65771155 302
65771164 302
65771165 302
65771166 302
65772719 302
65777499 302
65778450 302
65778451 302
65778558 302
65778559 302
65782665 302
65788510 321
65788511 321
65808231 302
65810262 302
65810263 302
65815084 302
65815085 302
65815086 302
65815089 302
65815090 302
65815091 302
65816807 302
65817631 302
65817636 302
65817637 302
65817638 302
65817639 302
65817647 302
65817671 302
65817884 302
65817885 302
65817886 302
65817897 302
65818078 302
65818079 302
65818399 302
65820519 302
65821423 302
65824121 386
65824310 302
65824311 302
65824361 302
65824734 302
65824735 302
65824745 302
65825279 302
65826431 386
65827234 302
65827235 302
65827236 302
65827237 302
65827238 302
65827772 302
65827773 302
65827774 302
65830908 302
65830909 302
65830910 302
65830911 302
65835041 359
65835047 359
65835086 359
65835087 359
65835119 359
65835129 359
65835132 359
65835133 359
65835134 359
65835135 359
65835143 359
65835161 359
65835164 359
65835165 359
65835166 359
65835169 359
65835222 359
65835223 359
65835230 359
65835231 359
65835726 302
65835727 302
65835739 302
65837092 302
65837093 302
65837094 302
65837099 302
65837105 302
65837106 302
65837107 302
65837110 302
65837111 302
65837118 302
65837119 302
65838023 321
65841358 321
65841359 321
65845825 321
65845826 321
65845827 321
65845828 321
65845829 321
65845830 321
65845832 321
65845834 321
65845835 321
65845836 321
65845837 321
65845867 321
65845872 321
65845874 302
65845875 302
65845876 321
65845877 321
65845880 321
65845882 321
65845897 321
65845902 321
65845903 321
65845931 321
65846113 321
65846782 321
65846783 321
65846841 321
65855935 321
65855979 321
65856191 321
65869138 310
65869139 310
65873835 302
65883420 302
65883421 302
65883422 302
65884302 302
65884303 302
65885723 340
65885838 302
65885839 302
65886203 302
65889963 302
65891273 302
65891675 302
65894043 397
65896892 302
65896893 302
65896894 302
65897407 302
65897895 329
65900577 302
65900585 302
65901183 386
65901262 310
65901263 310
65901483 321
65901484 321
65901485 321
65901486 321
65901689 321
65903579 321
65905188 310
65905189 310
65905190 310
65905191 310
65905196 310
65905197 310
65905198 310
65905201 310
65905202 310
65905203 310
65905209 310
65906684 340
65906685 340
65906686 340
65907006 340
65907007 340
65909487 340
65909919 310
65910119 302
65912831 340
65918436 321
65918437 321
65918438 321
65943777 302
65957641 302
65957710 302
65957711 302
65960959 302
65961503 302
65961854 302
65961855 302
65962370 367
65962371 367
65962372 367
65962373 367
65962374 367
65962375 367
65962382 367
65962383 367
65965673 302
65967899 367
65967998 340
65967999 340
65987615 367
65991596 386
65991597 386
65991598 386
65995652 348
65995653 348
65995654 348
65995657 348
65995659 348
65997932 340
65997933 340
65997934 340
65998409 367
65999175 340
66002857 302
66002943 367
66005454 302
66005455 302
66006255 302
66009217 302
66009503 302
66013202 302
66013203 302
66018510 302
66018511 302
66019419 302
66020217 302
66023367 302
66031791 313
66031807 313
66031830 313
66031831 313
66031838 313
66031839 313
66032027 302
66038590 302
66038591 302
66039527 367
66041874 302
66041875 302
66047103 367
66047211 367
66047303 367
66047335 367
66061727 302
66076095 367
66082578 302
66082579 302
66082980 302
66082981 302
66082982 302
66082983 302
66083209 302
66083452 302
66083453 302
66083454 302
66083455 302
66084094 302
66084095 302
66085823 302
66087401 302
66088495 302
66088502 302
66088503 302
66090770 348
66090771 348
66090793 348
66091167 302
66091233 302
66091753 302
66091975 302
66092267 302
66092447 302
66092600 302
66092602 302
66092604 302
66092605 302
66095414 302
66095415 302
66095798 302
66095799 302
66095807 302
66100889 302
66108430 302
66108431 302
66108443 302
66116699 340
66116817 340
66116818 340
66116819 340
66117055 340
66117086 340
66117087 340
66117247 424
66117761 340
66118123 340
66118191 348
66119246 340
66119247 340
66119249 340
66119250 340
66119251 340
66121142 340
66121143 340
66121727 378
66127463 302
66127465 302
66127467 302
66127783 348
66129385 302
66130017 302
66130337 302
66134823 302
66135721 302
66139473 302
66139474 302
66139475 302
66141295 302
66142390 321
66142391 321
66142847 321
66145848 302
66145850 302
66145851 302
66145852 302
66145853 302
66145854 302
66145855 302
66145863 302
66146302 321
66146303 321
66153319 302
66153982 302
66153983 302
66157368 302
66157370 302
66157372 302
66157373 302
66157737 302
66157842 302
66157843 302
66158753 302
66159273 302
66170011 413
66181601 321
66181788 340
66181789 340
66181790 340
66181794 340
66181795 340
66181796 340
66181797 340
66181798 340
66181801 340
66185694 321
66185695 321
66193515 340
66195183 302
66195199 302
66195271 302
66195783 302
66196255 302
66203263 321
66204322 310
66204323 310
66204324 310
66204325 310
66204326 310
66204415 321
66204799 321
66204825 302
66204828 302
66204829 302
66204830 302
66206030 302
66206031 302
66208312 321
66208314 321
66208316 321
66208317 321
66223772 321
66223773 321
66223774 321
66231972 348
66231973 348
66231974 348
66234367 367
66240182 302
66240183 302
66240274 302
66240275 302
66241948 378
66241949 378
66241950 378
66255454 340
66255455 340
66257900 340
66257901 340
66257902 340
66264233 302
66278697 310
66278737 310
66278738 310
66278739 310
66279599 378
66283233 367
66286191 367
66290716 367
66290717 367
66290718 367
66290721 367
66309275 367
66310087 367
66310089 367
66336511 386
66338006 302
66338007 302
66339055 310
66342759 302
66343431 405
66343817 302
66346265 302
66346267 302
66346779 302
66350847 302
66353279 302
66355271 321
66361671 367
66371492 310
66371493 310
66371494 310
66371497 310
66371519 310
66371527 310
66371529 310
66374687 302
66398665 321
66399097 321
66401169 321
66401170 321
66401171 321
66404222 321
66404223 321
66404414 321
66404415 321
66411169 375
66411401 310
66414127 348
66414207 310
66415387 310
66415881 310
66415998 310
66415999 310
66416103 310
66416943 310
66417046 310
66417047 310
66417049 310
66417057 310
66417263 310
66417793 432
66417799 432
66425599 321
66431977 310
66432577 310
66432578 310
66432579 310
66432593 310
66432594 310
66432595 310
66432718 310
66432719 310
66432993 321
66433142 321
66433143 321
66433147 321
66433151 321
66433183 321
66433540 310
66433541 310
66433542 310
66433547 310
66433550 310
66433551 310
66433567 310
66435577 367
66437371 302
66439049 321
66442402 310
66442403 310
66442404 310
66442405 310
66442406 310
66448425 310
66450343 302
66450345 302
66453496 321
66453498 321
66453500 321
66453501 321
66453502 321
66453503 321
66454392 302
66454394 302
66454396 302
66454397 302
66458281 321
66458761 321
66461769 386
66467871 386
66474046 329
66474047 329
66474532 329
66474533 329
66474534 329
66475185 302
66475186 302
66475187 302
66475193 302
66475199 302
66477774 340
66477775 340
66480809 321
66492743 310
66495615 302
66495617 302
66500822 302
66500823 302
66501496 302
66501498 302
66501500 302
66501501 302
66501867 302
66504743 302
66508400 302
66508404 302
66508405 302
66508408 302
66508410 302
66512356 302
66512357 302
66512358 302
66512575 302
66513314 302
66513315 302
66513316 302
66513317 302
66513318 302
66513319 302
66513695 310
66519000 321
66519002 321
66519004 321
66519005 321
66519019 321
66524703 302
66529462 367
66529463 367
66531570 367
66531571 367
66538623 310
66541339 302
66543233 302
66544697 302
66544699 302
66544702 302
66544703 302
66545121 302
66545910 329
66545911 329
66545913 329
66546431 367
66548271 302
66548278 302
66548279 302
66548281 302
66549490 302
66549491 302
66549494 302
66549495 302
66549513 302
66573842 367
66573843 367
66573851 367
66576350 367
66576351 367
66576361 367
66576367 367
66576379 367
66576743 367
66581607 321
66581615 321
66585762 321
66585763 321
66585764 321
66585765 321
66585766 321
66588209 302
66588210 302
66588211 302
66588214 302
66588215 302
66588342 302
66588343 302
66588406 302
66588407 302
66588507 302
66590891 367
66600699 302
66602638 302
66602639 302
66605001 386
66611431 375
66615199 302
66615250 302
66615251 302
66617340 302
66617341 302
66617342 302
66617343 302
66617455 302
66618347 302
66618351 302
66630235 302
66632681 302
66635947 302
66636601 302
66637054 302
66637055 302
66637105 302
66637106 302
66637107 302
66637124 302
66637125 302
66637126 302
66637128 302
66637130 302
66637131 302
66637132 302
66637133 302
66637144 302
66637145 302
66637146 302
66637148 302
66637149 302
66637153 302
66637164 302
66637165 302
66637166 302
66637167 302
66637170 302
66637171 302
66637174 302
66637175 302
66637177 302
66637179 302
66637182 302
66637183 302
66637295 302
66637353 302
66637449 302
66637577 302
66640097 302
66641313 302
66641319 302
66641323 302
66644529 302
66644530 302
66644531 302
66644641 302
66644644 302
66644645 302
66644646 302
66644647 302
66644711 348
66650489 348
66661131 313
66666468 405
66666469 405
66666470 405
66669035 310
66685554 367
66685555 367
66686087 302
66686127 302
66686143 302
66702985 302
66703007 302
66711169 321
66712374 321
66712375 321
66722843 432
66729122 329
66729123 329
66729124 329
66729125 329
66729126 329
66733252 340
66733253 340
66733254 340
66733256 340
66733258 340
66733260 340
66733261 340
66733273 340
66733289 340
66733298 340
66733299 340
66733319 340
66733320 340
66733322 340
66733324 340
66733325 340
66733326 340
66733327 340
66733329 340
66733334 340
66733335 340
66733337 340
66733340 340
66733341 340
66733342 340
66733343 340
66733344 340
66733352 340
66733354 340
66733360 340
66733364 340
66733365 340
66733377 340
66733380 340
66733381 340
66733382 340
66733384 340
66733386 340
66733387 340
66733388 340
66733389 340
66733393 340
66733417 340
66733419 340
66733432 340
66733434 340
66733436 340
66733437 340
66733441 340
66736235 302
66736239 302
66736246 302
66736247 302
66736249 302
66736251 302
66736257 302
66736270 302
66736271 302
66737022 302
66737023 302
66737223 302
66737793 302
66739435 302
66739993 302
66740297 302
66742363 329
66743378 302
66743379 302
66743614 302
66743615 302
66743975 302
66744256 302
66744272 302
66744276 302
66744277 302
66744288 302
66744290 302
66744291 302
66744296 302
66744298 302
66744305 302
66744571 302
66744825 302
66744827 302
66745214 302
66745215 302
66750235 302
66750408 302
66750410 302
66750411 302
66750412 302
66750413 302
66750417 302
66750465 302
66750738 302
66750739 302
66754415 302
66754425 302
66754427 302
66754443 302
66754460 302
66754461 302
66754462 302
66754514 302
66754515 302
66754719 302
66755583 302
66759673 302
66788489 302
66790130 348
66790131 348
66792171 302
66793049 378
66793051 378
66796015 413
66798729 321
66800624 302
66800628 302
66800629 302
66800630 302
66800631 302
66800632 302
66800634 302
66800635 302
66800658 302
66800659 302
66800795 302
66800809 302
66805927 321
66811311 321
66817788 302
66817789 302
66817790 302
66841259 321
66843001 367
66855702 348
66855703 348
66855705 348
66859167 348
66862331 348
66879335 405
66881499 405
66881502 405
66881503 405
66887896 348
66887898 348
66887900 348
66887901 348
66887905 348
66893439 348
66896057 329
66896059 329
66897327 321
66898011 321
66898719 348
66898852 348
66898853 348
66898854 348
66903487 348
66905398 329
66905399 329
66906471 348
66907218 329
66907219 329
66909938 348
66909939 348
66909942 348
66909943 348
66909951 348
66910206 321
66910207 321
66911286 321
66911287 321
66911471 329
66911566 321
66911567 321
66912327 348
66919419 321
66919423 321
66921464 367
66921466 367
66921468 367
66921469 367
66926895 405
66943263 348
66948312 348
66948313 348
66948314 348
66948315 348
66948316 348
66948317 348
66948318 348
66948319 348
66948324 348
66948325 348
66948326 348
66948338 348
66948339 348
66948380 348
66948381 348
66948382 348
66948406 348
66948407 348
66948409 348
66948414 348
66948415 348
66949289 321
66977590 348
66977591 348
66978663 343
66987433 329
66992470 329
66992471 329
66992473 329
66992491 329
66992492 329
66992493 329
66992494 329
66992495 329
66992505 329
67011809 329
67012361 348
67018751 321
67018873 321
67018919 321
67019113 321
67019115 321
67019116 321
67019117 321
67019118 321
67019119 321
67019145 321
67019163 321
67019830 321
67019831 321
67020191 321
67020447 321
67021334 321
67021335 321
67021337 321
67021343 321
67022763 321
67023260 321
67023261 321
67023262 321
67023905 321
67023919 321
67032831 329
67044425 302
67048423 302
67048434 302
67048435 302
67048446 302
67048447 302
67048753 302
67048754 302
67048755 302
67048766 302
67048767 302
67052223 302
67056556 302
67056557 302
67056558 302
67056751 302
67058148 302
67058149 302
67058150 302
67058569 302
67058687 302
67060705 302
67066334 321
67066335 321
67067138 302
67067139 302
67067143 302
67067145 302
67068711 302
67070289 302
67070290 302
67070291 302
67072767 394
67075247 302
67075263 302
67076217 302
67076713 343
67084114 302
67084115 302
67084536 302
67084538 302
67084540 302
67084541 302
67084737 321
67084738 321
67084739 321
67087618 302
67087619 302
67087623 302
67088801 302
67095711 321
67096423 321
67097083 302
67100324 348
67100325 348
67100326 348
67103467 321
67108009 302
67108856 302
67108858 302
67108860 302
67108861 302
67110777 329
67110911 329
67111630 302
67111631 302
67111676 367
67111677 367
67111678 367
67112807 302
67119559 310
67122367 348
67125054 329
67125055 329
67126222 302
67126223 302
67126439 302
67127291 302
67129023 302
67131847 302
67135599 329
67138025 348
67145720 359
67145722 359
67145724 359
67145725 359
67161884 321
67161885 321
67161886 321
67163257 340
67181695 375
67183624 375
67183626 375
67183628 375
67183629 375
67183633 375
67183638 375
67183639 375
67183644 375
67183645 375
67183646 375
67186823 348
67187451 348
67187455 348
67187478 348
67187479 348
67187481 348
67187483 348
67187487 348
67195137 348
67195138 348
67195139 348
67195147 348
67195150 348
67195151 348
67204088 432
67204090 432
67204092 432
67204093 432
67212379 310
67212382 310
67212383 310
67213001 310
67213003 310
67213361 310
67213362 310
67213363 310
67213537 310
67213831 348
67214763 348
67214780 348
67214781 348
67214782 348
67224231 348
67233974 313
67233975 313
67233980 313
67233981 313
67233982 313
67233983 313
67233998 313
67233999 313
67248575 386
67272233 356
67277665 367
67283169 321
67285959 386
67301419 348
67304572 302
67304573 302
67304574 302
67304696 302
67304698 302
67304700 302
67304701 302
67304929 302
67305001 302
67305007 302
67305014 302
67305015 302
67305033 302
67306587 321
67307111 302
67307177 302
67309423 302
67309513 302
67310034 302
67310035 302
67310057 302
67310059 302
67310070 302
67310071 302
67310194 302
67310195 302
67310390 302
67310391 302
67310521 302
67310523 302
67310524 302
67310525 302
67310526 302
67310690 302
67310691 302
67310692 302
67310693 302
67310694 302
67310699 302
67313927 329
67317238 356
67317239 356
67317241 356
67317243 356
67319425 329
67320225 329
67320303 329
67321854 329
67321855 329
67323958 413
67323959 413
67326286 302
67326287 302
67331867 302
67339243 302
67339247 302
67339257 302
67339273 302
67339419 302
67339425 302
67339441 302
67339442 302
67339443 302
67339446 302
67339447 302
67339449 302
67339489 302
67339528 302
67339530 302
67339532 302
67339533 302
67339537 302
67339542 302
67339543 302
67339545 302
67339548 302
67339549 302
67339550 302
67339551 302
67339711 302
67341979 348
67345499 302
67345662 302
67345663 302
67346175 302
67346279 302
67349631 302
67349659 302
67352118 302
67352119 302
67355675 329
67364868 302
67364869 302
67364870 302
67364875 302
67364878 302
67364879 302
67364882 302
67364883 302
67364991 302
67365663 302
67366015 302
67367655 302
67367905 302
67369358 302
67369359 302
67369371 302
67370153 302
67380972 310
67380973 310
67380974 310
67381174 310
67381175 310
67381177 310
67381179 310
67381186 310
67381187 310
67381473 310
67381490 310
67381491 310
67381659 310
67381851 310
67383849 310
67391182 310
67391183 310
67391207 310
67391222 310
67391223 310
67391259 310
67391655 310
67415199 302
67416647 302
67416649 302
67420839 302
67423903 302
67426177 302
67426553 302
67426555 302
67426558 302
67426559 302
67426747 302
67426753 302
67426754 302
67426755 302
67426782 302
67426783 302
67426815 348
67430396 348
67430397 348
67430398 348
67432295 329
67433503 348
67435367 302
67437145 348
67452926 348
67452927 348
67453212 340
67453213 340
67453214 340
67453215 340
67453822 310
67453823 310
67454887 367
67454889 367
67467711 302
67474683 302
67476327 340
67484680 348
67484682 348
67484684 348
67484685 348
67484689 348
67484690 348
67484691 348
67484694 348
67484695 348
67484700 348
67484701 348
67484702 348
67484711 348
67484713 348
67487913 302
67488231 302
67488303 302
67488585 348
67488590 348
67488591 348
67489287 302
67489998 302
67489999 302
67490001 302
67490002 302
67490003 302
67490017 302
67490119 302
67490345 302
67491007 302
67492585 348
67499420 348
67499421 348
67499422 348
67499625 348
67509929 367
67510520 348
67510522 348
67510524 348
67510525 348
67520231 356
67523823 348
67530991 302
67531519 329
67535775 302
67556814 348
67556815 348
67566015 348
67568319 356
67569839 321
67572873 367
67574521 356
67574535 356
67576030 386
67576031 386
67579903 302
67582345 386
67585673 321
67595372 348
67595373 348
67595374 348
67600231 310
67602279 321
67611929 302
67616511 302
67618927 302
67621046 302
67621047 302
67621055 302
67621095 302
67621671 302
67622441 302
67622553 302
67632431 321
67634001 310
67634002 310
67634003 310
67635577 310
67642198 321
67642199 321
67642203 321
67642745 302
67643840 321
67643856 321
67643860 321
67643861 321
67643872 321
67643874 321
67643875 321
67643880 321
67643882 321
67643884 321
67643885 321
67643886 321
67643889 321
67643890 321
67643891 321
67643905 321
67643906 321
67643907 321
67643913 321
67650729 348
67656431 310
67658911 321
67663687 310
67663698 310
67663699 310
67675102 321
67675103 321
67694591 302
67695719 302
67701369 329
67701710 302
67701711 302
67704334 359
67704335 359
67709743 302
67714601 329
67717374 302
67717375 302
67723486 302
67723487 302
67739598 321
67739599 321
67739611 321
67744862 302
67744863 302
67753199 302
67763406 310
67763407 310
67763678 356
67763679 356
67766011 348
67767147 302
67767148 302
67767149 302
67767150 302
67774689 329
67780715 302
67780767 302
67781871 302
67783623 302
67791054 302
67791055 302
67791102 302
67791103 302
67791131 302
67793063 329
67793992 386
67793994 386
67793996 386
67793997 386
67794001 386
67800470 329
67800471 329
67800473 329
67800476 329
67800477 329
67800478 329
67801057 329
67803361 329
67804159 329
67806084 329
67806085 329
67806086 329
67806091 329
67806471 329
67808740 310
67808741 310
67808742 310
67808751 310
67809782 310
67809783 310
67809846 310
67809847 310
67809979 310
67810011 310
67810031 302
67811047 302
67811143 302
67811431 329
67811436 329
67811437 329
67811438 329
67811439 329
67811503 329
67811553 329
67811567 302
67812345 302
67812543 302
67814850 329
67814851 329
67815195 302
67815753 329
67816223 329
67818209 310
67818219 310
67818623 310
67819049 310
67822806 329
67822807 329
67822811 329
67822814 329
67822815 329
67822820 329
67822821 329
67822822 329
67822825 329
67824177 302
67824178 302
67824179 302
67824315 310
67824334 310
67824335 310
67824361 310
67824363 310
67824392 302
67824394 302
67824396 302
67824397 302
67824401 302
67824406 302
67824407 302
67824412 302
67824413 302
67824414 302
67824417 302
67824438 302
67824439 302
67824465 302
67824466 302
67824467 302
67824831 302
67824958 302
67824959 302
67824990 302
67824991 302
67826415 310
67826431 310
67826680 302
67826682 302
67826684 302
67826685 302
67831678 302
67831679 302
67832417 302
67832423 302
67833471 348
67834183 348
67834500 348
67834501 348
67834502 348
67834507 348
67834510 348
67834511 348
67835899 329
67836126 310
67836127 310
67840001 386
67840763 302
67842955 367
67843377 324
67843378 324
67843379 324
67843390 324
67843391 324
67843638 302
67843639 302
67847922 310
67847923 310
67849895 340
67853816 329
67853818 329
67853820 329
67853821 329
67854847 386
67856155 302
67856495 329
67856590 329
67856591 329
67859823 329
67861595 329
67861792 329
67861800 329
67861802 329
67861808 329
67861812 329
67861813 329
67861816 329
67861818 329
67861820 329
67861821 329
67861825 329
67861828 329
67861829 329
67861830 329
67861835 329
67861842 329
67861843 329
67861846 329
67861847 329
67861851 329
67861929 329
67862187 329
67862575 302
67866962 302
67866963 302
67881755 348
67882791 348
67882793 348
67884267 310
67886663 302
67887529 329
67891391 329
67902207 321
67902463 321
67902655 310
67905003 310
67905823 321
67906504 310
67906506 310
67906508 310
67906509 310
67906513 310
67907227 310
67910622 302
67910623 302
67917983 321
67924802 302
67924803 302
67926043 310
67926047 310
67926139 310
67926143 310
67926631 329
67926639 310
67930399 310
67932859 302
67932878 302
67932879 302
67933051 302
67933182 302
67933183 302
67933456 302
67933460 302
67933461 302
67933464 302
67933466 302
67933472 302
67933480 302
67933482 302
67933484 302
67933485 302
67933486 302
67933488 302
67933492 302
67933493 302
67933499 302
67933505 302
67933511 302
67933513 302
67933543 302
67934200 302
67934202 302
67934204 302
67934205 302
67934367 302
67934558 302
67934559 302
67934561 302
67934567 302
67934635 310
67934716 302
67934717 302
67934718 302
67934719 302
67935102 340
67935103 340
67935323 302
67935736 302
67935738 302
67935740 302
67935741 302
67935742 302
67935743 302
67935785 302
67935935 302
67936423 302
67936559 302
67936681 302
67936722 302
67936723 302
67937169 302
67937170 302
67937171 302
67937179 302
67937180 302
67937181 302
67937182 302
67937183 302
67937193 302
67937215 302
67937246 302
67937247 302
67937270 302
67937271 302
67937275 302
67937278 302
67937279 302
67937307 302
67937543 302
67938329 302
67938331 302
67938343 302
67938347 302
67938353 302
67938354 302
67938355 302
67939201 302
67939273 302
67940511 310
67940841 302
67942265 302
67942270 302
67942271 302
67947214 378
67947215 378
67947372 310
67947373 310
67947374 310
67956690 310
67956691 310
67964754 340
67964755 340
67967542 310
67967543 310
67974375 310
67975583 310
67975595 310
67975963 310
67976427 302
67976466 310
67976467 310
67981820 302
67981821 302
67981822 302
67987871 375
67991857 324
67991858 324
67991859 324
67991864 324
67991866 324
67991867 324
67991868 324
67991869 324
67991881 324
67991889 324
67991890 324
67991891 324
67996686 302
67996687 302
67996690 302
67996691 302
67999998 302
67999999 302
68012031 302
68012079 302
68012159 302
68012366 302
68012367 302
68014628 329
68014629 329
68014630 329
68014631 329
68016126 302
68016127 302
68016854 310
68016855 310
68016875 310
68020905 329
68022590 329
68022591 329
68023527 348
68033200 329
68033201 329
68033202 329
68033203 329
68033204 329
68033205 329
68033208 329
68033209 329
68033210 329
68033217 329
68033218 329
68033219 329
68033225 329
68033246 329
68033247 329
68033263 329
68037627 329
68038044 329
68038045 329
68038046 329
68038281 329
68039081 329
68040863 310
68040978 329
68040979 329
68041041 329
68041042 329
68041043 329
68041319 329
68043254 329
68043255 329
68043753 432
68045366 329
68045367 329
68050028 329
68050029 329
68050030 329
68052991 329
68054012 329
68054013 329
68054014 329
68061138 329
68061139 329
68063201 329
68064359 329
68067519 329
68075675 302
68078204 302
68078205 302
68078206 302
68085417 367
68093951 310
68098273 356
68100263 356
68104108 329
68104109 329
68104110 329
68104111 329
68104118 329
68104119 329
68104137 329
68104142 329
68104143 329
68104150 329
68104151 329
68104161 329
68104164 329
68104165 329
68104166 329
68104167 329
68104171 329
68104210 329
68104211 329
68104219 329
68104233 329
68104289 329
68104295 329
68104487 329
68104670 329
68104671 329
68107248 329
68107252 329
68107253 329
68107256 329
68107258 329
68111926 329
68111927 329
68115414 356
68115415 356
68128508 329
68128509 329
68128510 329
68130934 329
68130935 329
68130939 329
68131278 329
68131279 329
68131798 329
68131799 329
68131817 329
68136039 329
68137639 348
68141390 329
68141391 329
68141659 367
68149497 310
68152319 329
68158955 348
68162937 337
68164283 329
68166060 367
68166061 367
68166062 367
68166063 367
68175033 302
68175035 302
68184807 348
68192971 348
68192974 348
68192975 348
68214606 413
68214607 413
68216411 337
68219634 329
68219635 329
68224859 302
68224871 302
68227823 356
68230622 302
68230623 302
68232254 310
68232255 310
68235676 337
68235677 337
68235678 337
68237905 310
68237906 310
68237907 310
68238030 310
68238031 310
68238089 310
68238107 310
68238151 310
68238281 310
68238331 310
68238571 310
68238639 310
68238674 310
68238675 310
68238699 310
68238700 310
68238701 310
68238702 310
68260009 329
68276222 310
68276223 310
68299049 337
68300089 321
68300955 321
68301567 310
68303954 302
68303955 302
68304831 348
68305897 321
68305900 302
68305901 302
68305902 302
68310913 310
68315647 329
68317895 348
68317897 348
68317899 348
68317929 348
68320338 337
68320339 337
68324988 348
68324989 348
68324990 348
68325001 348
68325019 348
68337758 310
68337759 310
68339483 310
68346559 329
68347561 329
68348839 386
68350369 329
68350379 329
68351204 329
68351205 329
68351206 329
68351211 329
68352807 394
68355007 329
68358780 329
68358781 329
68358782 329
68358783 329
68364738 329
68364739 329
68365343 329
68368239 394
68373503 321
68375195 348
68375560 310
68375562 310
68375564 310
68375565 310
68375569 310
68375574 310
68375575 310
68375580 310
68375581 310
68375582 310
68375585 310
68383847 321
68385121 310
68385131 310
68395687 329
68396059 367
68396920 321
68396922 321
68396924 321
68396925 321
68402812 329
68402813 329
68402814 329
68403382 329
68403383 329
68403439 310
68405464 329
68405465 329
68405466 329
68405468 329
68405469 329
68405718 329
68405719 329
68405927 329
68406268 310
68406269 310
68406270 310
68409671 329
68413409 329
68415975 329
68417471 375
68420338 329
68420339 329
68420543 329
68423634 386
68423635 386
68423659 386
68425686 329
68425687 329
68425691 329
68434731 348
68434735 348
68434745 348
68443887 310
68443976 310
68443978 310
68443980 310
68443981 310
68443985 310
68451495 310
68451743 310
68452123 310
68478591 310
68484863 302
68484967 302
68487833 329
68488687 310
68492379 337
68492647 348
68494786 348
68494787 348
68496466 337
68496467 337
68496475 337
68497976 367
68497978 367
68497979 367
68497980 367
68497981 367
68497991 367
68504386 367
68504387 367
68504393 367
68506651 302
68507785 302
68508881 302
68508882 302
68508883 302
68519100 302
68519101 302
68519102 302
68519359 302
68537726 310
68537727 310
68540523 302
68541887 367
68545275 310
68549119 394
68555897 394
68558847 302
68560446 302
68560447 302
68560553 302
68561537 302
68562923 302
68565064 302
68565066 302
68565068 302
68565069 302
68565073 302
68566818 302
68566819 302
68566820 302
68566821 302
68566822 302
68566827 302
68566831 302
68580830 321
68580831 321
68582002 302
68582003 302
68599455 302
68601723 329
68604399 329
68606270 375
68606271 375
68614369 310
68615807 329
68625040 310
68625044 310
68625045 310
68625048 310
68625050 310
68625058 310
68625059 310
68625063 310
68628049 340
68628050 340
68628051 340
68638447 310
68638450 310
68638451 310
68661439 310
68663739 302
68663804 302
68663805 302
68663806 302
68666983 310
68670217 386
68672281 310
68678123 310
68688199 337
68690894 329
68690895 329
68691241 329
68692137 310
68702727 310
68702747 310
68703414 310
68703415 310
68704879 310
68707695 329
68709726 375
68709727 375
68713609 329
68717022 375
68717023 375
68718937 367
68718942 367
68718943 367
68720551 405
68725487 310
68725500 310
68725501 310
68725502 310
68725503 310
68725513 310
68725595 310
68726087 310
68726089 310
68728255 310
68728423 310
68730015 310
68730130 329
68730131 329
68730879 310
68735716 310
68735717 310
68735718 310
68735724 310
68735725 310
68735726 310
68735734 310
68735735 310
68735743 310
68736600 310
68736602 310
68736604 310
68736605 310
68736610 310
68736611 310
68736612 310
68736613 310
68736614 310
68736630 310
68736631 310
68736633 310
68736635 310
68736647 310
68736649 310
68736674 310
68736675 310
68736676 310
68736677 310
68736678 310
68736679 310
68736681 310
68736703 310
68736871 310
68738006 310
68738007 310
68740073 310
68740985 310
68740987 310
68740990 310
68740991 310
68741247 310
68741497 310
68741846 310
68741847 310
68748140 310
68748141 310
68748142 310
68748150 310
68748151 310
68748161 310
68748164 310
68748165 310
68748166 310
68748169 310
68748171 310
68748201 310
68750590 310
68750591 310
68750895 310
68755113 348
68758559 329
68759041 329
68759995 329
68759999 329
68765566 367
68765567 367
68768583 302
68768999 305
68770126 394
68770127 394
68775591 321
68777769 305
68779551 310
68779574 310
68779575 310
68779689 310
68782239 348
68783467 310
68784297 348
68787327 310
68787454 310
68787455 310
68787692 310
68787693 310
68787694 310
68787702 310
68787703 310
68787707 310
68787710 310
68787711 310
68787713 310
68788162 310
68788163 310
68792594 302
68792595 302
68797807 329
68798114 310
68798115 310
68798116 310
68798117 310
68798118 310
68798119 310
68808952 329
68808954 329
68808956 329
68808957 329
68821966 329
68821967 329
68824630 321
68824631 321
68827513 302
68828825 302
68828828 302
68828829 302
68828830 302
68828831 302
68828843 302
68828863 302
68828873 302
68828875 302
68832283 302
68844601 302
68844603 302
68853372 310
68853373 310
68853374 310
68862977 367
68862978 367
68862979 367
68862983 367
68863004 367
68863005 367
68863006 367
68863009 367
68863019 367
68863023 367
68865435 305
68872361 302
68874239 359
68889355 394
68892015 321
68908409 310
68910847 321
68915428 356
68915429 356
68915430 356
68915436 356
68915437 356
68915438 356
68915448 356
68915450 356
68915452 356
68915453 356
68916249 310
68919544 305
68919546 305
68919548 305
68919549 305
68923483 321
68923559 321
68930651 329
68942524 310
68942525 310
68942526 310
68942530 310
68942531 310
68942535 310
68942542 310
68942543 310
68942550 310
68942551 310
68942552 310
68942554 310
68942556 310
68942557 310
68942558 310
68942559 310
68942561 310
68942575 310
68942578 310
68942579 310
68942582 310
68942583 310
68942585 310
68942587 310
68942588 310
68942589 310
68942590 310
68942591 310
68944935 310
68944937 310
68946027 321
68961452 310
68961453 310
68961454 310
68961457 310
68961458 310
68961459 310
68962377 321
68965886 310
68965887 310
68966311 310
68966398 310
68966399 310
68966651 310
68967359 310
68967585 310
68967633 310
68967634 310
68967635 310
68968875 310
68969270 310
68969271 310
68969273 310
68969282 310
68969283 310
68969287 310
68969511 310
68969513 310
68971289 310
68972159 310
68973417 310
68973438 310
68973439 310
68973593 310
68973730 310
68973731 310
68973732 310
68973733 310
68973734 310
68974011 310
68974247 310
68974713 310
68976667 310
68981131 337
68982294 310
68982295 310
68982297 310
68984041 310
68985913 310
68985915 310
68985918 310
68985919 310
68986614 337
68986615 337
68986750 310
68986751 310
68988396 310
68988397 310
68988398 310
68993951 310
68995547 310
68995550 310
68995551 310
68995561 310
68995996 310
68995997 310
68995998 310
68995999 310
68996155 310
68996185 310
68996190 310
68996191 310
68997575 310
68999615 310
69005979 305
69009787 348
69014326 348
69014327 348
69032495 310
69032801 310
69033304 310
69033305 310
69033306 310
69033308 310
69033309 310
69033312 310
69033314 310
69033315 310
69033316 310
69033317 310
69033318 310
69033320 310
69033322 310
69033328 310
69033329 310
69033330 310
69033331 310
69033332 310
69033333 310
69033334 310
69033335 310
69033336 310
69033337 310
69033338 310
69033340 310
69033341 310
69033342 310
69033343 310
69033345 310
69033346 310
69033347 310
69033351 310
69033358 310
69033359 310
69033361 310
69033362 310
69033363 310
69033366 310
69033367 310
69033369 310
69033371 310
69033377 310
69033383 310
69033385 310
69033391 310
69033398 310
69033399 310
69033444 310
69033445 310
69033446 310
69033464 310
69033466 310
69033468 310
69033469 310
69033490 310
69033491 310
69033499 310
69033519 310
69033657 310
69033659 310
69033666 310
69033667 310
69033723 310
69033727 310
69033753 310
69033849 310
69033854 310
69033855 310
69033865 310
69034209 310
69035291 310
69035455 310
69035463 310
69036476 310
69036477 310
69036478 310
69040321 310
69040322 310
69040323 310
69040327 310
69044735 337
69045147 310
69045151 310
69045183 348
69050415 329
69050489 310
69052412 310
69052413 310
69052414 310
69053567 329
69055417 310
69055419 310
69056415 310
69056420 310
69056421 310
69056422 310
69056425 310
69057841 310
69057842 310
69057843 310
69057854 310
69057855 310
69058046 310
69058047 310
69058066 310
69058067 310
69058075 310
69058239 310
69058687 310
69060361 310
69060383 310
69060423 310
69060457 310
69060459 310
69060463 310
69060472 310
69060474 310
69060476 310
69060477 310
69060523 310
69060540 348
69060541 348
69060542 348
69062990 302
69062991 302
69063463 310
69064551 310
69064871 321
69066313 348
69067260 329
69067261 329
69067262 329
69067263 329
69070308 310
69070309 310
69070310 310
69070311 310
69070315 310
69071062 310
69071063 310
69072543 310
69074923 413
69075510 318
69075511 318
69082863 310
69085031 310
69087681 356
69087682 356
69087683 356
69091307 310
69092905 318
69094270 310
69094271 310
69094489 310
69100022 310
69100023 310
69110811 310
69115035 310
69116207 329
69119131 310
69119467 329
69123356 329
69123357 329
69123358 329
69123359 329
69128337 329
69128338 329
69128339 329
69131425 321
69134407 348
69143681 348
69146130 310
69146131 310
69150379 310
69152767 394
69153163 321
69153513 394
69154814 337
69154815 337
69158674 337
69158675 337
69162911 394
69164839 329
69166089 329
69166111 329
69166639 318
69173531 375
69193697 310
69194011 394
69194223 310
69203783 348
69203794 348
69203795 348
69207209 318
69222079 310
69223451 310
69226145 329
69230875 318
69232784 302
69232788 302
69232789 302
69232792 302
69232794 302
69232802 302
69232803 302
69232809 310
69232811 302
69232914 302
69232915 302
69236728 329
69236730 329
69236732 329
69236733 329
69237919 310
69242047 375
69247135 310
69249918 318
69249919 318
69249992 329
69249994 329
69249996 329
69249997 329
69250001 329
69250142 310
69250143 310
69252455 318
69255926 329
69255927 329
69257007 329
69257176 329
69257178 329
69257179 329
69257180 329
69257181 329
69257191 329
69257193 329
69257195 329
69257782 329
69257783 329
69262111 329
69279030 310
69279031 310
69279211 310
69281657 310
69282898 310
69282899 310
69282907 310
69282924 310
69282925 310
69282926 310
69283067 310
69283748 310
69283749 310
69283750 310
69283819 310
69283830 310
69283831 310
69284075 310
69287593 310
69289225 310
69289775 310
69289785 310
69289831 310
69291420 310
69291421 310
69291422 310
69291551 310
69291689 310
69295975 310
69297575 310
69297947 310
69298279 310
69299081 310
69307495 310
69307646 310
69307647 310
69308057 329
69316817 302
69316818 302
69316819 302
69316822 302
69316823 302
69316827 302
69322921 310
69328831 310
69333174 302
69333175 302
69334255 302
69336048 310
69336052 310
69336053 310
69336054 310
69336055 310
69336056 310
69336058 310
69336630 310
69336631 310
69338745 310
69338751 310
69338753 310
69339000 310
69339002 310
69339004 310
69339005 310
69339017 310
69339049 310
69339209 310
69339547 310
69343003 310
69344367 310
69344766 310
69344767 310
69345575 394
69346795 310
69348004 394
69348005 394
69348006 394
69348854 310
69348855 310
69348857 310
69348859 310
69349375 310
69349419 310
69350910 356
69350911 356
69357083 367
69357127 367
69357161 367
69357177 367
69357185 367
69357209 367
69357211 367
69357215 367
69357278 367
69357279 367
69357801 310
69359239 310
69359246 310
69359247 310
69359257 310
69359259 310
69359263 310
69363559 329
69364415 329
69364671 329
69368432 329
69368436 329
69368437 329
69368440 329
69368441 329
69368442 329
69368443 329
69368449 329
69368479 329
69368491 310
69368492 329
69368493 329
69368494 329
69368495 329
69368745 329
69369449 329
69369511 329
69369759 329
69369769 329
69375423 329
69393001 318
69397951 310
69410468 348
69410469 348
69410470 348
69410977 310
69416743 310
69416958 310
69416959 310
69422236 310
69422237 310
69422238 310
69426841 318
69427081 329
69430975 318
69430978 318
69430979 318
69430985 318
69430987 318
69432548 348
69432549 348
69432550 348
69432894 348
69432895 348
69439030 348
69439031 348
69444937 329
69485039 310
69489321 310
69490305 310
69490674 310
69490675 310
69491218 375
69491219 375
69491227 375
69494699 310
69495465 375
69508158 348
69508159 348
69509279 310
69511163 432
69516497 302
69516498 302
69516499 302
69517814 375
69517815 375
69518985 348
69522006 394
69522007 394
69522009 394
69526283 356
69528674 348
69528675 348
69528676 348
69528677 348
69528678 348
69528687 348
69532911 348
69533543 318
69534697 318
69535655 310
69536252 310
69536253 310
69536254 310
69536609 310
69542113 348
69543359 348
69544105 318
69544775 310
69550571 348
69562479 310
69564370 321
69564371 321
69564393 321
69564402 321
69564403 321
69564603 310
69565778 310
69565779 310
69571516 310
69571517 310
69571518 310
69580703 375
69580711 375
69595890 310
69595891 310
69597807 310
69603001 302
69603003 302
69618283 310
69618287 310
69618715 310
69618777 310
69618782 310
69618783 310
69626489 356
69626607 310
69626761 310
69627730 310
69627731 310
69627759 310
69628065 310
69628222 310
69628223 310
69628417 310
69631625 310
69631847 310
69638303 367
69643515 310
69645095 310
69647166 375
69647167 375
69649785 302
69653615 348
69653931 348
69654210 348
69654211 348
69654383 432
69654923 348
69655305 348
69656484 348
69656485 348
69656486 348
69656487 348
69656489 348
69656491 348
69657415 348
69659102 386
69659103 386
69665145 310
69665147 310
69665531 310
69667169 310
69667835 310
69667836 310
69667837 310
69667838 310
69667839 310
69684519 310
69684521 310
69684991 329
69686697 329
69692135 310
69693081 310
69696651 310
69696654 310
69696655 310
69697148 310
69697149 310
69697150 310
69697183 310
69708379 375
69713916 302
69713917 302
69713918 302
69722377 348
69722382 348
69722383 348
69722751 329
69734398 348
69734399 348
69736495 310
69738587 375
69739803 310
69744950 302
69744951 302
69746113 318
69746114 318
69746115 318
69746119 318
69746303 302
69746651 310
69747743 310
69750288 329
69750292 329
69750293 329
69750296 329
69750298 329
69750306 329
69750307 329
69750315 329
69750316 329
69750317 329
69750318 329
69757543 310
69766603 329
69775246 356
69775247 356
69783990 310
69783991 310
69785753 386
69787177 302
69787646 302
69787647 302
69787755 302
69802552 348
69802554 348
69802556 348
69802557 348
69803751 302
69818459 302
69818838 302
69818839 302
69818870 302
69818871 302
69822633 302
69825419 386
69826215 302
69831679 302
69831934 302
69831935 302
69837138 375
69837139 375
69846431 459
69855694 337
69855695 337
69856683 375
69861735 310
69863911 302
69863932 302
69863933 302
69863934 302
69869906 310
69869907 310
69875937 356
69895655 310
69896431 310
69905138 329
69905139 329
69912735 310
69922230 318
69922231 318
69925595 310
69951003 329
69951310 329
69951311 329
69951323 329
69953494 329
69953495 329
69957247 329
69964030 383
69964031 383
69965127 310
69965545 318
69966302 329
69966303 329
69967145 356
69967295 318
69969223 318
69970219 318
69970223 318
69979230 329
69979231 329
69985193 302
69986599 318
69986601 318
69986731 318
69987177 329
69987183 329
69987198 329
69987199 329
69987595 318
69987602 318
69987603 318
69987625 318
69989743 375
69994236 329
69994237 329
69994238 329
69996937 318
70007143 302
70008610 329
70008611 329
70008612 329
70008613 329
70008614 329
70008619 329
70008623 329
70009560 310
70009562 310
70009564 310
70009565 310
70009566 310
70009567 310
70013609 329
70013695 329
70016795 329
70017334 394
70017335 394
70030268 337
70030269 337
70030270 337
70030334 337
70030335 337
70030780 337
70030781 337
70030782 337
70031468 310
70031469 310
70031470 310
70031678 337
70031679 337
70032722 337
70032723 337
70049967 318
70052993 310
70055455 310
70058223 310
70059180 310
70059181 310
70059182 310
70059185 310
70059186 310
70059187 310
70060827 310
70065511 318
70066436 310
70066437 310
70066438 310
70066440 310
70066442 310
70066444 310
70066445 310
70066449 310
70066465 310
70066479 310
70071487 310
70071579 302
70071638 310
70071639 310
70071643 310
70074590 302
70074591 302
70074607 302
70075372 302
70075373 302
70075374 302
70077255 329
70077628 329
70077629 329
70077630 329
70077855 329
70088649 375
70096342 302
70096343 302
70096642 302
70096643 302
70096647 302
70096651 302
70096679 302
70096937 302
70097102 302
70097103 302
70097135 302
70098459 337
70099510 302
70099511 302
70099513 302
70100203 302
70104700 310
70104701 310
70104702 310
70104705 310
70105033 302
70105979 337
70106524 375
70106525 375
70106526 375
70107995 302
70108470 310
70108471 310
70108473 310
70109737 302
70109745 310
70109746 310
70109747 310
70109753 310
70125774 329
70125775 329
70127663 329
70135407 375
70138044 375
70138045 375
70138046 375
70143593 329
70143615 329
70147960 329
70147962 329
70147963 329
70147964 329
70147965 329
70150539 310
70150591 310
70150745 310
70150747 310
70163838 310
70163839 310
70168231 394
70168233 394
70170143 310
70178663 310
70179025 310
70179026 310
70179027 310
70180464 302
70180466 302
70180467 302
70180468 302
70180469 302
70180470 302
70180471 302
70180472 302
70180474 302
70180475 302
70180511 302
70181228 310
70181229 310
70181230 310
70181231 310
70181351 310
70186735 356
70191807 302
70194812 310
70194813 310
70194814 310
70197390 310
70197391 310
70200809 310
70201903 310
70201998 310
70201999 310
70202050 310
70202051 310
70202070 310
70202071 310
70202072 310
70202074 310
70202076 310
70202077 310
70202078 310
70202079 310
70202081 310
70202084 310
70202085 310
70202086 310
70202092 310
70202093 310
70202094 310
70202121 310
70202123 310
70202251 310
70202415 310
70202559 310
70202678 310
70202679 310
70205202 310
70205203 310
70207113 310
70207231 356
70209864 310
70209866 310
70209868 310
70209869 310
70209873 310
70209991 310
70209993 310
70209998 310
70209999 310
70216150 356
70216151 356
70222591 375
70229159 321
70232987 413
70232991 413
70232999 413
70253650 310
70253651 310
70271478 310
70271479 310
70294887 337
70298988 337
70298989 337
70298990 337
70303340 348
70303341 348
70303342 348
70303346 348
70303347 348
70303388 348
70303389 348
70303390 348
70303401 348
70303417 348
70303419 348
70303426 348
70303427 348
70303433 348
70303435 348
70303438 348
70303439 348
70303446 348
70303447 348
70303448 348
70303449 348
70303450 348
70303452 348
70303453 348
70303465 348
70303472 348
70303476 348
70303477 348
70303478 348
70303479 348
70303480 348
70303481 348
70303482 348
70303519 348
70303522 348
70303523 348
70303524 348
70303525 348
70303526 348
70303531 348
70303535 348
70306510 310
70306511 310
70306523 310
70306529 310
70306535 310
70306799 310
70307375 310
70308127 310
70309417 337
70310142 310
70310143 310
70314009 310
70314258 310
70314259 310
70314343 310
70314638 310
70314639 310
70314896 310
70314900 310
70314901 310
70314904 310
70314906 310
70314914 310
70314915 310
70314928 310
70314929 310
70314930 310
70314931 310
70314932 310
70314933 310
70314934 310
70314935 310
70314936 310
70314938 310
70314968 310
70314970 310
70314971 310
70314972 310
70314973 310
70314987 310
70315163 310
70315561 310
70315567 310
70315940 310
70315941 310
70315942 310
70316191 310
70319186 310
70319187 310
70321419 310
70321479 310
70321490 310
70321491 310
70325686 310
70325687 310
70331177 310
70356219 329
70361532 310
70361533 310
70361534 310
70363303 356
70366337 386
70366345 386
70369462 421
70369463 421
70370459 318
70374288 310
70374292 310
70374293 310
70374296 310
70374298 310
70374306 310
70374307 310
70374319 310
70374326 310
70374327 310
70374354 310
70374355 310
70374511 310
70376530 310
70376531 310
70378239 329
70392401 310
70392402 310
70392403 310
70424105 356
70425054 432
70425055 432
70432347 356
70439324 356
70439325 356
70439326 356
70456479 329
70459529 413
70466257 356
70466258 356
70466259 356
70466262 356
70466263 356
70467327 310
70470526 375
70470527 375
70474857 337
70474859 337
70477289 329
70477796 356
70477797 356
70477798 356
70477807 356
70478814 329
70478815 329
70484030 356
70484031 356
70484699 337
70484711 337
70485217 337
70487967 375
70489481 356
70491094 337
70491095 337
70491195 329
70493823 310
70495871 329
70499465 329
70501622 375
70501623 375
70501625 375
70513442 302
70513443 302
70513444 302
70513445 302
70513446 302
70513452 302
70513453 302
70513454 302
70513457 302
70513458 302
70513459 302
70513481 302
70513486 302
70513487 302
70517630 367
70517631 367
70521703 356
70525767 356
70529910 356
70529911 356
70529915 356
70529921 356
70529934 356
70529935 356
70529977 356
70529979 356
70530006 356
70530007 356
70530014 356
70530015 356
70530937 329
70550207 383
70560748 356
70560749 356
70560750 356
70561883 351
70576427 337
70576431 337
70576450 337
70576451 337
70576455 337
70597383 356
70604001 329
70604113 329
70604114 329
70604115 329
70604242 329
70604243 329
70604497 329
70604498 329
70604499 329
70604527 329
70604543 329
70605249 329
70605250 329
70605251 329
70605906 329
70605907 329
70606591 329
70606834 329
70606835 329
70606838 329
70606839 329
70606840 329
70606842 329
70606843 329
70606844 329
70606845 329
70608856 329
70608858 329
70608860 329
70608861 329
70609545 329
70618779 405
70620649 318
70630377 310
70631163 310
70631545 310
70635375 310
70635387 310
70635433 310
70635726 310
70635727 310
70635734 310
70635735 310
70640124 329
70640125 329
70640126 329
70643945 310
70646187 310
70648255 337
70648313 310
70655131 310
70658411 310
70659431 356
70672974 310
70672975 310
70673422 310
70673423 310
70673624 329
70673626 329
70673628 329
70673629 329
70673633 329
70676123 310
70676665 310
70676667 310
70686143 329
70686460 329
70686461 329
70686462 329
70686463 329
70689279 310
70690049 356
70690050 356
70690051 356
70696551 310
70699036 310
70699037 310
70699038 310
70699041 310
70701956 310
70701957 310
70701958 310
70701963 310
70702009 375
70702011 375
70702457 310
70717343 310
70718079 310
70718456 310
70718458 310
70718460 310
70718461 310
70720287 310
70727215 337
70737864 367
70737866 367
70737868 367
70737869 367
70737873 367
70752287 329
70754902 329
70754903 329
70754905 329
70777800 383
70777802 383
70777803 383
70777804 383
70777805 383
70777809 383
70777831 383
70778911 356
70781179 356
70781935 356
70781951 356
70789944 356
70789946 356
70789948 356
70789949 356
70794889 356
70799362 440
70799363 440
70799367 440
70799369 440
70801462 356
70801463 356
70808100 318
70808101 318
70808102 318
70808758 318
70808759 318
70809321 318
70809343 318
70809759 356
70810623 356
70810626 356
70810627 356
70810631 356
70810633 356
70821545 337
70830859 321
70830879 321
70846233 394
70846235 394
70898558 364
70898559 364
70902119 356
70905220 310
70905221 310
70905222 310
70905227 310
70905348 310
70905349 310
70905350 310
70905355 310
70905358 310
70905359 310
70905678 310
70905679 310
70905691 310
70907342 310
70907343 310
70907896 310
70907898 310
70907900 310
70907901 310
70910034 310
70910035 310
70911151 310
70911497 310
70911673 310
70911675 310
70911679 310
70918571 364
70920873 310
70925640 421
70925642 421
70925644 421
70925645 421
70925649 421
70925650 421
70925651 421
70933982 310
70933983 310
70941758 310
70941759 310
70941961 310
70942040 310
70942042 310
70942044 310
70942045 310
70942057 310
70942063 310
70942075 310
70944635 356
70947307 356
70948342 310
70948343 310
70949191 310
70959062 337
70959063 337
70959431 375
70965871 337
70966811 310
70968751 310
70968758 310
70968759 310
70968763 310
70968879 310
70969897 310
70969983 310
70970238 310
70970239 310
70971951 310
70973479 310
70973481 310
70973599 310
70979119 375
70984447 364
70985714 318
70985715 318
70985927 318
70985937 318
70985938 318
70985939 318
70986239 318
70986258 318
70986259 318
70986558 318
70986559 318
70987519 318
70988201 318
70996470 318
70996471 318
70996969 318
71007913 318
71026155 310
71028734 337
71028735 337
71033337 310
71033732 310
71033733 310
71033734 310
71033739 310
71033947 310
71037782 356
71037783 356
71039783 337
71046526 356
71046527 356
71047145 356
71061822 348
71061823 348
71062460 318
71062461 318
71062462 318
71072574 348
71072575 348
71073903 337
71086171 348
71092286 356
71092287 356
71094961 356
71094962 356
71094963 356
71094969 356
71094972 356
71094973 356
71094974 356
71094978 356
71094979 356
71095003 356
71095039 356
71098750 310
71098751 310
71100577 310
71100583 310
71100641 310
71105020 310
71105021 310
71105022 310
71110488 356
71110490 356
71110492 356
71110493 356
71110767 310
71121569 375
71122190 356
71122191 356
71125407 337
71125558 375
71125559 375
71129398 302
71129399 302
71132423 364
71135067 337
71136809 375
71143758 310
71143759 310
71144315 337
71185499 302
71189631 364
71191202 394
71191203 394
71191204 394
71191205 394
71191206 394
71191209 394
71201371 329
71211576 356
71211578 356
71211580 356
71211581 356
71213383 329
71229031 310
71229055 310
71233854 310
71233855 310
71235867 318
71240219 310
71244457 416
71252281 318
71256167 318
71256231 329
71258110 318
71258111 318
71260914 329
71260915 329
71262560 329
71262568 329
71262570 329
71262576 329
71262577 329
71262580 329
71262581 329
71262600 329
71262602 329
71262604 329
71262605 329
71262608 329
71262609 329
71262610 329
71262611 329
71262612 329
71262613 329
71262616 329
71262618 329
71262664 329
71262665 329
71262666 329
71262668 329
71262669 329
71262673 329
71262689 329
71262692 329
71262693 329
71262694 329
71262697 329
71262713 329
71262715 329
71262716 329
71262717 329
71262718 329
71283553 318
71283567 318
71295577 329
71304831 337
71309622 394
71309623 394
71316110 310
71316111 310
71317886 332
71317887 332
71323611 310
71326370 367
71326371 367
71326372 367
71326373 367
71326374 367
71333799 310
71345870 310
71345871 310
71346550 310
71346551 310
71363527 329
71363538 329
71363539 329
71364137 310
71369068 310
71369069 310
71369070 310
71370206 413
71370207 413
71377852 310
71377853 310
71377854 310
71388894 364
71388895 364
71389561 310
71391486 310
71391487 310
71392551 310
71393278 337
71393279 337
71400495 337
71403998 337
71403999 337
71406843 310
71417737 310
71417769 310
71417791 310
71417814 310
71417815 310
71420822 394
71420823 394
71420825 394
71420833 394
71420841 394
71427655 337
71427657 337
71427662 337
71427663 337
71428860 310
71428861 310
71428862 310
71428863 310
71433569 337
71436366 318
71436367 318
71436370 318
71436371 318
71436379 318
71437724 310
71437725 310
71437726 310
71438447 310
71438827 310
71439103 310
71439201 337
71439209 337
71439358 337
71439359 337
71440379 310
71442715 318
71444249 337
71446343 318
71446779 318
71447199 318
71447227 318
71447487 337
71449023 318
71449319 318
71449737 318
71451190 337
71451191 337
71451192 337
71451193 337
71451194 337
71451196 337
71451197 337
71452630 310
71452631 310
71452795 318
71452849 310
71452850 310
71452851 310
71452857 310
71452863 310
71452871 310
71452875 310
71452905 310
71452930 310
71452931 310
71452935 310
71453343 310
71453451 310
71453487 310
71455260 310
71455261 310
71455262 310
71455265 310
71455271 310
71455401 318
71461308 310
71461309 310
71461310 310
71461314 310
71461315 310
71461326 310
71461327 310
71463505 356
71463506 356
71463507 356
71463513 356
71469298 394
71469299 394
71472859 332
71473479 375
71474046 318
71474047 318
71475995 318
71479723 348
71483851 337
71483858 337
71483859 337
71486319 310
71486777 337
71492160 337
71492176 337
71492180 337
71492181 337
71492192 337
71492200 337
71492202 337
71492209 337
71492226 337
71492227 337
71492232 337
71492234 337
71492236 337
71492237 337
71492246 337
71492247 337
71492267 337
71492268 337
71492269 337
71492270 337
71492273 337
71492274 337
71492275 337
71492278 337
71492279 337
71492281 337
71492284 337
71492285 337
71492286 337
71492295 337
71492302 337
71492303 337
71492315 337
71515935 318
71518459 310
71523436 337
71523437 337
71523438 337
71526171 329
71530655 440
71533945 318
71538642 329
71538643 329
71539336 318
71539338 318
71539340 318
71539341 318
71539344 318
71539348 318
71539349 318
71539350 318
71539351 318
71539352 318
71539354 318
71540123 318
71540479 318
71551454 329
71551455 329
71559911 318
71559945 318
71559963 318
71560047 318
71560551 318
71567186 310
71567187 310
71567273 310
71567407 310
71567467 310
71567481 310
71567519 310
71567687 310
71567746 310
71567747 310
71567748 310
71567749 310
71567750 310
71567751 310
71567758 310
71567759 310
71567761 310
71567762 310
71567763 310
71567766 310
71567767 310
71567769 310
71567778 310
71567779 310
71567780 310
71567781 310
71567782 310
71567783 310
71567788 310
71567789 310
71567790 310
71567804 310
71567805 310
71567806 310
71567810 310
71567811 310
71567815 310
71567847 310
71567871 310
71568537 310
71568540 310
71568541 310
71568542 310
71568702 310
71568703 310
71568914 310
71568915 310
71568943 318
71568950 310
71568951 310
71569081 310
71569083 310
71569721 310
71570148 310
71570149 310
71570150 310
71570156 310
71570157 310
71570158 310
71570162 310
71570163 310
71570175 310
71570247 310
71570364 310
71570365 310
71570366 310
71570591 394
71571103 310
71571665 310
71571666 310
71571667 310
71571672 310
71571673 310
71571674 310
71571676 310
71571677 310
71571681 310
71571778 310
71571779 310
71572207 310
71572891 310
71572895 310
71572907 310
71572927 310
71573883 310
71582244 386
71582245 386
71582246 386
71587055 348
71590206 348
71590207 348
71592233 318
71598079 421
71612146 318
71612147 318
71612159 337
71618705 310
71618706 310
71618707 310
71621119 310
71625081 383
71629281 332
71629284 332
71629285 332
71629286 332
71629291 332
71629305 332
71629313 332
71634369 310
71634370 310
71634371 310
71637857 310
71649563 310
71650587 310
71650857 310
71650887 310
71652265 310
71653265 337
71653266 337
71653267 337
71653289 337
71654503 337
71655612 318
71655613 318
71655614 318
71655615 318
71657854 310
71657855 310
71658311 337
71665660 318
71665661 318
71665662 318
71666623 356
71672833 337
71672834 337
71672835 337
71672839 337
71677423 337
71677938 337
71677939 337
71679030 337
71679031 337
71680907 318
71681097 337
71685567 337
71685650 337
71685651 337
71686191 337
71688443 318
71690562 337
71690563 337
71690879 337
71693759 337
71694561 337
71694754 337
71694755 337
71694756 337
71694757 337
71694758 337
71699538 337
71699539 337
71699918 337
71699919 337
71704441 337
71706715 337
71708990 337
71708991 337
71717375 337
71717582 310
71717583 310
71720241 310
71720242 310
71720243 310
71721703 329
71743480 364
71743482 364
71743484 364
71743485 364
71746870 337
71746871 337
71747538 337
71747539 337
71747547 337
71747567 337
71747568 337
71747570 337
71747571 337
71747572 337
71747573 337
71747576 337
71747578 337
71747643 337
71747726 337
71747727 337
71747743 337
71750849 337
71750850 337
71750851 337
71750855 337
71755760 337
71755764 337
71755765 337
71755768 337
71755770 337
71760766 337
71760767 337
71765310 421
71765311 421
71773241 337
71773243 337
71773287 337
71775710 337
71775711 337
71775793 337
71775794 337
71775795 337
71776705 337
71776706 337
71776707 337
71776726 337
71776727 337
71786814 337
71786815 337
71796839 302
71796843 302
71797227 302
71797228 302
71797229 302
71797230 302
71797234 302
71797235 302
71797243 302
71797607 302
71798326 337
71798327 337
71805609 337
71809513 345
71812802 375
71812803 375
71828511 310
71832553 356
71836699 337
71845479 356
71865846 345
71865847 345
71869246 337
71869247 337
71869353 337
71872734 348
71872735 348
71874747 310
71882281 421
71882599 318
71886136 345
71886138 345
71886140 345
71886141 345
71888491 318
71888639 318
71888743 318
71888751 318
71888799 318
71888886 318
71888887 318
71888895 318
71889150 318
71889151 318
71889193 318
71889273 318
71889324 318
71889325 318
71889326 318
71892862 318
71892863 318
71911777 337
71914623 421
71915260 337
71915261 337
71915262 337
71927548 356
71927549 356
71927550 356
71928857 318
71934079 318
71954879 329
71958073 310
71959231 337
71960123 310
71960126 310
71960127 310
71972763 356
71972767 356
71972775 356
71975335 345
71980169 356
71980263 356
71995500 318
71995501 318
71995502 318
72006983 337
72007851 337
72009014 318
72009015 318
72014183 337
72015835 337
72018657 337
72022110 337
72022111 337
72022747 337
72030951 337
72031340 329
72031341 329
72031342 329
72033508 318
72033509 318
72033510 318
72033513 318
72033528 318
72033530 318
72033532 318
72033533 318
72042239 329
72043593 318
72056009 329
72056011 329
72056953 337
72062219 337
72064960 337
72064976 337
72064980 337
72064981 337
72064992 337
72064994 337
72064995 337
72065000 337
72065002 337
72065009 337
72065014 337
72065015 337
72065019 337
72065502 337
72065503 337
72065858 318
72065859 318
72069116 337
72069117 337
72069118 337
72069447 337
72073380 337
72073381 337
72073382 337
72073383 318
72080683 337
72084079 394
72084219 394
72086319 337
72091183 356
72092542 337
72092543 337
72095851 356
72095855 356
72105513 318
72105586 318
72105587 318
72106721 356
72107035 356
72113769 318
72114169 318
72142063 318
72151807 337
72155879 310
72156827 356
72159108 356
72159109 356
72159110 356
72159115 356
72160882 345
72160883 345
72160892 345
72160893 345
72160894 345
72160895 345
72162475 375
72162479 375
72162491 375
72169227 375
72169234 375
72169235 375
72171614 310
72171615 310
72172809 310
72173963 310
72182866 337
72182867 337
72184731 310
72214057 310
72222719 310
72222959 337
72223495 402
72233153 310
72233154 310
72233155 310
72233166 310
72233167 310
72234976 310
72234984 310
72234986 310
72234992 310
72234993 310
72234996 310
72234997 310
72235001 310
72249761 329
72250994 310
72250995 310
72268287 310
72276561 383
72276562 383
72276563 383
72277663 318
72283474 337
72283475 337
72285097 318
72292222 318
72292223 318
72296337 318
72296338 318
72296339 318
72299506 348
72299507 348
72302703 383
72306942 337
72306943 337
72310463 318
72310719 318
72331515 337
72334783 318
72337160 310
72337162 310
72337164 310
72337165 310
72337169 310
72337174 310
72337175 310
72343931 394
72346105 318
72354919 337
72361831 337
72362875 345
72364201 337
72365366 337
72365367 337
72367241 318
72367785 318
72369150 337
72369151 337
72369647 337
72374441 318
72395257 375
72395260 375
72395261 375
72395262 375
72401947 375
72402159 318
72402168 318
72402170 318
72402172 318
72402173 318
72402185 318
72402791 318
72404527 318
72407049 337
72407839 318
72408167 318
72411113 318
72412930 318
72412931 318
72412935 318
72412950 318
72412951 318
72412953 318
72413867 318
72413871 318
72413878 318
72413879 318
72413902 318
72413903 318
72413915 318
72413929 318
72413942 318
72413943 318
72413945 318
72413947 318
72413948 318
72413949 318
72413950 318
72413951 318
72414151 318
72417522 318
72417523 318
72418486 318
72418487 318
72418489 318
72418491 318
72418587 318
72418985 318
72422265 318
72426020 318
72426021 318
72426022 318
72426023 318
72426025 318
72426040 318
72426042 318
72426044 318
72426045 318
72426153 318
72428603 318
72436999 337
72438514 337
72438515 337
72444382 375
72444383 375
72447992 313
72447994 313
72447996 313
72447997 313
72447998 313
72447999 313
72449185 402
72454943 329
72459137 318
72461822 318
72461823 318
72465063 318
72465545 318
72467359 318
72467436 318
72467437 318
72467438 318
72467684 318
72467685 318
72467686 318
72467704 318
72467706 318
72467707 318
72467708 318
72467709 318
72467710 318
72467711 318
72467794 318
72467795 318
72468071 318
72468187 318
72476095 310
72478670 318
72478671 318
72478674 318
72478675 318
72490072 337
72490074 337
72490076 337
72490077 337
72490082 337
72490083 337
72490084 337
72490085 337
72490086 337
72491879 383
72495131 318
72499254 318
72499255 318
72503798 337
72503799 337
72508351 310
72511003 310
72511020 310
72511021 310
72511022 310
72511025 310
72511026 310
72511027 310
72511030 310
72511031 310
72511079 310
72511207 310
72514667 310
72524735 329
72527647 310
72536886 318
72536887 318
72547003 375
72547030 375
72547031 375
72547049 375
72558866 367
72558867 367
72582057 310
72602257 364
72602258 364
72602259 364
72602268 364
72602269 364
72602270 364
72602283 364
72602287 364
72606560 313
72606568 313
72606570 313
72606576 313
72606577 313
72606580 313
72606581 313
72606594 313
72606595 313
72606599 313
72618297 337
72630811 318
72630815 318
72630820 318
72630821 318
72630822 318
72630828 318
72630829 318
72630830 318
72630833 318
72630834 318
72630835 318
72630841 318
72630862 318
72630863 318
72630865 318
72630866 318
72630867 318
72630870 318
72630871 318
72630873 318
72630895 318
72630911 318
72640359 337
72643838 337
72643839 337
72650720 318
72650728 318
72650730 318
72650736 318
72650737 318
72650740 318
72650741 318
72655339 318
72655417 318
72655865 318
72656031 318
72656969 318
72657259 318
72658983 318
72658998 318
72658999 318
72659047 318
72659065 318
72659239 318
72659359 318
72660207 318
72663350 318
72663351 318
72663367 318
72663374 318
72663375 318
72663593 318
72663681 318
72664225 318
72671279 318
72671454 318
72671455 318
72676519 318
72677023 318
72677758 318
72677759 318
72678143 318
72679134 318
72679135 318
72681243 329
72682727 318
72682799 318
72683355 318
72686665 318
72687137 318
72687337 318
72688801 318
72690951 318
72695835 318
72717415 383
72721961 345
72725735 318
72726416 318
72726420 318
72726421 318
72726424 318
72726426 318
72726434 318
72726435 318
72726443 318
72726447 318
72726448 318
72726452 318
72726453 318
72726454 318
72726455 318
72726456 318
72726457 318
72726458 318
72726459 318
72726465 318
72726466 318
72726467 318
72726471 318
72726473 318
72726478 318
72726479 318
72726482 318
72726483 318
72726486 318
72726487 318
72726503 318
72726511 318
72726518 318
72726519 318
72726520 318
72726522 318
72726523 318
72726524 318
72726525 318
72726555 318
72726559 318
72726600 318
72726602 318
72726604 318
72726605 318
72726609 318
72726636 318
72726637 318
72726638 318
72726779 318
72726815 318
72726825 318
72726838 318
72726839 318
72727017 318
72727033 318
72728534 318
72728535 318
72728697 318
72728703 318
72729777 318
72729778 318
72729779 318
72729785 318
72733835 318
72738351 345
72738923 318
72739382 345
72739383 345
72743071 318
72746121 318
72746574 318
72746575 318
72749801 318
72750793 318
72750795 318
72752539 318
72753183 318
72754969 318
72754971 318
72755055 318
72755058 318
72755059 318
72755062 318
72755063 318
72755113 318
72755327 318
72755425 318
72758215 318
72761225 356
72762217 337
72764863 318
72765426 318
72765427 318
72765433 318
72766043 318
72766219 318
72770907 326
72777849 318
72780937 318
72785199 364
72790670 318
72790671 318
72792572 356
72792573 356
72792574 356
72796729 318
72810823 337
72815259 326
72821304 337
72821306 337
72821308 337
72821309 337
72821607 326
72829167 329
72831913 318
72844409 402
72845305 318
72846335 326
72852715 329
72853083 402
72854409 329
72856255 329
72862983 402
72866910 326
72866911 326
72867838 326
72867839 326
72874171 383
72896415 318
72896423 318
72906041 356
72906050 356
72906051 356
72906055 356
72909649 326
72909650 326
72909651 326
72929106 337
72929107 337
72929278 337
72929279 337
72934582 326
72934583 326
72936551 318
72936578 310
72936579 310
72936580 310
72936581 310
72936582 310
72936601 310
72936617 310
72936623 310
72940745 337
72940747 337
72954712 337
72954714 337
72954716 337
72954717 337
72960974 337
72960975 337
72962284 337
72962285 337
72962286 337
72962294 337
72962295 337
72962311 337
72986942 318
72986943 318
72987751 375
72989387 318
72989419 318
72989543 318
72990286 318
72990287 318
72992747 318
72993435 318
72994431 440
72996302 318
72996303 318
72996633 318
72996635 318
72998369 318
72998505 318
72998651 318
72998994 337
72998995 337
73005243 318
73025129 310
73037778 318
73037779 318
73039102 310
73039103 310
73045380 318
73045381 318
73045382 318
73045387 318
73045390 318
73045391 318
73048228 318
73048229 318
73048230 318
73048231 318
73048492 318
73048493 318
73048494 318
73048495 318
73048508 318
73048509 318
73048510 318
73048713 318
73055419 402
73056767 318
73057695 318
73057977 402
73057979 402
73057983 402
73058873 318
73059422 318
73059423 318
73062953 318
73064105 318
73067547 375
73067625 375
73067649 375
73067681 375
73069816 318
73069818 318
73069820 318
73069821 318
73069833 318
73070249 337
73072159 337
73078555 337
73079472 337
73079476 337
73079477 337
73079480 337
73079482 337
73079489 337
73079497 337
73079505 337
73079506 337
73079507 337
73079561 318
73079563 337
73079579 337
73080571 337
73080831 337
73086518 326
73086519 326
73090495 337
73090729 337
73102334 375
73102335 375
73105383 326
73107695 326
73117182 364
73117183 364
73123785 356
73124967 318
73126226 318
73126227 318
73130395 318
73130620 318
73130621 318
73130622 318
73136177 318
73136178 318
73136179 318
73136182 318
73136183 318
73139227 318
73140278 318
73140279 318
73141033 326
73143606 337
73143607 337
73145398 326
73145399 326
73145406 326
73145407 326
73145447 326
73147024 356
73147028 356
73147029 356
73147032 356
73147034 356
73147042 356
73147043 356
73147883 318
73153864 356
73153866 356
73153868 356
73153869 356
73153873 356
73155823 318
73160873 326
73167963 318
73200943 356
73202340 318
73202341 318
73202342 318
73206855 318
73208863 383
73212521 318
73227881 318
73235623 310
73235691 310
73236873 383
73238107 356
73248313 356
73248315 356
73248318 356
73248319 356
73255666 318
73255667 318
73256297 318
73256299 318
73256673 318
73257563 318
73257799 318
73260903 318
73260991 318
73263780 356
73263781 356
73263782 356
73265889 318
73265919 318
73285916 329
73285917 329
73285918 329
73287403 318
73293447 318
73294491 383
73303134 383
73303135 383
73326951 310
73330942 375
73330943 375
73334895 318
73351486 318
73351487 318
73353022 318
73353023 318
73357006 318
73357007 318
73370961 318
73370962 318
73370963 318
73373134 364
73373135 364
73376191 310
73380747 440
73381314 356
73381315 356
73382966 356
73382967 356
73382974 356
73382975 356
73385718 394
73385719 394
73392086 318
73392087 318
73394857 394
73394921 318
73394923 318
73400475 318
73413801 337
73421467 337
73424923 318
73425278 318
73425279 318
73425647 318
73425794 318
73425795 318
73425796 318
73425797 318
73425798 318
73425799 318
73426814 318
73426815 318
73443467 310
73452385 356
73452391 356
73465041 356
73465042 356
73465043 356
73467190 318
73467191 318
73469993 318
73477385 326
73479100 318
73479101 318
73479102 318
73481784 337
73481786 337
73481787 337
73481788 337
73481789 337
73485671 326
73490553 310
73492991 318
73495273 310
73496667 383
73517289 318
73517295 318
73521138 310
73521139 310
73536800 356
73536808 356
73536810 356
73536816 356
73536820 356
73536821 356
73536833 356
73536836 356
73536837 356
73536838 356
73536843 356
73538331 310
73560667 410
73564955 383
73567529 310
73567793 310
73567794 310
73567795 310
73567798 310
73567799 310
73573279 383
73581433 318
73583070 467
73583071 467
73592816 345
73592820 345
73592821 345
73592824 345
73592826 345
73592828 345
73592829 345
73592830 345
73592831 345
73598334 318
73598335 318
73607801 318
73609051 318
73633435 318
73634924 318
73634925 318
73634926 318
73636287 326
73662959 326
73668814 326
73668815 326
73693087 337
73693558 337
73693559 337
73695858 337
73695859 337
73695913 337
73698407 337
73699815 337
73707263 326
73709415 326
73710241 364
73712297 326
73713831 326
73715995 326
73722974 337
73722975 337
73731369 337
73731817 326
73736943 318
73747759 337
73753922 337
73753923 337
73753929 337
73753934 337
73753935 337
73753937 337
73753938 337
73753939 337
73754934 318
73754935 318
73759190 337
73759191 337
73762546 337
73762547 337
73762975 310
73763115 402
73763739 307
73763743 307
73776743 345
73776811 345
73777281 345
73778006 318
73778007 318
73782761 307
73800683 318
73800703 318
73807201 318
73811659 307
73813871 326
73814840 318
73814842 318
73814843 318
73814844 318
73814845 318
73814850 318
73814851 318
73814875 318
73820159 318
73820327 318
73824257 310
73826425 307
73836540 337
73836541 337
73836542 337
73838247 383
73838249 383
73838663 337
73844124 307
73844125 307
73844126 307
73845959 307
73846175 310
73846350 310
73846351 310
73846660 310
73846661 310
73846662 310
73846667 310
73847035 310
73847038 310
73847039 310
73847067 310
73847148 310
73847149 310
73847150 310
73849686 310
73849687 310
73851519 318
73852553 326
73855847 375
73856502 345
73856503 345
73856510 345
73856511 345
73857073 383
73857074 383
73857075 383
73859134 318
73859135 318
73860463 310
73860470 318
73860471 318
73868415 364
73877359 337
73895271 318
73900713 310
73900721 337
73900722 337
73900723 337
73900729 337
73900732 337
73900733 337
73900734 337
73903551 318
73903595 318
73903899 307
73904379 307
73906427 383
73924604 318
73924605 318
73924606 318
73933074 318
73933075 318
73934977 310
73934983 310
73934985 310
73935023 310
73935777 318
73936895 318
73949767 307
73949769 307
73950082 318
73950083 318
73950084 318
73950085 318
73950086 318
73950087 318
73952623 307
73952633 307
73952703 307
73956406 318
73956407 318
73957558 318
73957559 318
73957704 318
73957706 318
73957708 318
73957709 318
73957713 318
73957737 318
73957739 318
73957740 318
73957741 318
73957742 318
73957743 318
73957746 318
73957747 318
73957750 318
73957751 318
73957752 318
73957754 318
73957756 318
73957757 318
73957758 318
73957759 318
73957788 318
73957789 318
73957790 318
73958247 318
73958431 318
73959081 318
73965944 318
73965946 318
73965948 318
73965949 318
73966087 318
73972566 364
73972567 364
73986273 329
73990305 421
73990311 421
73990319 421
74012075 318
74023081 345
74030857 318
74039623 337
74041115 337
74041255 337
74052137 383
74064420 356
74064421 356
74064422 356
74064423 356
74064425 356
74064470 356
74064471 356
74064473 356
74064513 356
74064521 356
74064526 356
74064527 356
74064537 356
74064556 356
74064557 356
74064558 356
74064561 356
74064562 356
74064563 356
74064566 356
74064567 356
74064569 356
74064571 356
74064615 356
74064619 356
74064623 356
74064626 356
74064627 356
74064635 356
74064639 356
74067783 318
74069103 318
74070825 345
74071529 318
74076015 318
74076552 318
74076554 318
74076556 318
74076557 318
74076560 318
74076564 318
74076565 318
74076568 318
74076570 318
74076593 318
74076594 318
74076595 318
74076601 318
74076616 318
74076618 318
74076620 318
74076621 318
74076625 318
74076630 318
74076631 318
74076635 318
74076641 318
74076673 318
74076699 318
74076878 318
74076879 318
74077631 318
74077697 318
74077961 318
74083410 318
74083411 318
74083542 318
74083543 318
74087913 318
74087977 318
74089566 307
74089567 307
74102782 307
74102783 307
74108543 307
74111135 307
74121438 337
74121439 337
74125729 318
74130799 394
74138921 307
74139169 318
74139172 318
74139173 318
74139174 318
74139175 318
74139207 318
74139401 318
74141526 318
74141527 318
74143340 307
74143341 307
74143342 307
74143344 307
74143346 307
74143347 307
74143348 307
74143349 307
74143352 307
74143354 307
74143361 307
74143391 307
74145022 337
74145023 337
74145383 337
74146975 345
74147097 307
74147099 307
74158244 318
74158245 318
74158246 318
74159241 310
74170818 307
74170819 307
74192649 440
74198887 337
74207664 364
74207668 364
74207669 364
74207672 364
74207674 364
74207681 364
74213887 364
74213999 337
74225755 337
74240548 383
74240549 383
74240550 383
74245112 345
74245114 345
74245115 345
74245116 345
74245117 345
74247672 337
74247674 337
74247676 337
74247677 337
74248191 337
74248210 364
74248211 364
74250855 307
74251602 345
74251603 345
74254779 364
74255497 345
74260527 364
74262219 345
74285762 310
74285763 310
74285767 310
74285810 310
74285811 310
74285819 310
74303113 364
74303118 364
74303119 364
74303215 364
74303222 364
74303223 364
74303231 364
74335209 364
74352118 345
74352119 345
74352142 345
74352143 345
74358943 307
74369145 307
74369151 307
74378599 345
74381083 337
74381287 337
74381420 337
74381421 337
74381422 337
74381691 337
74381723 337
74381739 337
74382481 337
74382482 337
74382483 337
74382879 337
74382889 337
74384150 337
74384151 337
74384153 337
74384156 337
74384157 337
74384158 337
74384159 337
74384161 337
74386283 337
74386284 337
74386285 337
74386286 337
74388295 337
74406265 307
74406511 307
74410190 318
74410191 318
74414286 318
74414287 318
74414591 318
74414599 318
74415407 318
74415785 337
74415855 318
74415975 318
74416411 318
74419225 337
74439563 364
74441263 410
74454300 318
74454301 318
74454302 318
74454514 337
74454515 337
74454520 337
74454521 337
74454522 337
74454524 337
74454525 337
74454526 337
74454527 337
74457727 318
74458907 318
74467495 337
74467705 337
74468039 337
74471819 364
74472987 345
74479864 307
74479866 307
74479868 307
74479869 307
74481287 318
74484356 318
74484357 318
74484358 318
74484363 318
74500574 318
74500575 318
74501746 318
74501747 318
74509083 364
74510972 345
74510973 345
74510974 345
74512553 364
74522193 375
74522194 375
74522195 375
74522203 375
74537387 337
74540140 337
74540141 337
74540142 337
74563529 307
74563534 307
74563535 307
74563580 307
74563581 307
74563582 307
74564267 391
74564271 391
74568636 364
74568637 364
74568638 364
74577058 364
74577059 364
74577060 364
74577061 364
74577062 364
74589193 364
74596878 326
74596879 326
74596991 326
74597279 326
74597935 364
74598850 364
74598851 364
74598855 364
74609343 364
74610351 345
74636359 402
74636361 402
74640927 307
74667932 307
74667933 307
74667934 307
74667935 307
74667961 307
74667963 307
74667970 307
74667971 307
74668647 383
74698498 318
74698499 318
74698503 318
74698638 318
74698639 318
74698655 318
74698985 318
74701314 318
74701315 318
74701316 318
74701317 318
74701318 318
74701321 318
74701323 318
74704751 318
74704967 318
74705115 318
74705307 318
74705311 318
74712566 372
74712567 372
74712827 307
74714185 307
74714671 307
74716399 318
74717311 307
74717867 307
74717951 307
74717983 307
74717999 307
74718162 307
74718163 307
74719176 307
74719178 307
74719180 307
74719181 307
74719185 307
74719190 307
74719191 307
74719195 307
74719625 307
74719935 345
74719986 307
74719987 307
74720018 429
74720019 429
74720022 429
74720023 429
74720025 429
74721723 307
74726079 307
74735343 307
74735975 307
74736648 307
74736650 307
74736652 307
74736653 307
74736657 307
74736662 307
74736663 307
74736668 307
74736669 307
74736670 307
74736809 307
74737118 318
74737119 318
74737135 318
74737284 318
74737285 318
74737286 318
74737291 318
74737736 307
74737738 307
74737740 307
74737741 307
74737745 307
74737761 307
74740025 364
74743931 318
74744825 318
74747704 307
74747706 307
74747707 307
74747708 307
74747709 307
74747745 307
74748543 318
74754479 307
74760188 318
74760189 318
74760190 318
74760191 318
74765566 318
74765567 318
74766107 318
74766313 318
74769490 383
74769491 383
74770539 318
74772999 307
74778066 307
74778067 307
74783303 326
74783527 326
74783852 326
74783853 326
74783854 326
74785921 326
74787497 337
74789609 326
74790910 318
74790911 318
74794779 326
74827897 307
74829983 318
74830951 318
74833880 318
74833882 318
74833884 318
74833885 318
74833889 318
74833897 318
74838155 364
74845646 364
74845647 364
74847367 364
74847369 364
74848018 364
74848019 364
74863481 356
74863483 356
74864150 326
74864151 326
74864153 326
74885289 318
74887305 318
74895574 364
74895575 364
74895582 364
74895583 364
74898395 364
74898407 364
74898415 364
74898427 364
74902185 318
74904297 318
74904377 318
74907177 364
74908984 318
74908986 318
74908988 318
74908989 318
74914753 364
74914754 364
74914755 364
74930625 383
74930626 383
74930627 383
74930799 383
74950386 345
74950387 345
74981801 345
74985471 337
74993772 310
74993773 310
74993774 310
74997275 345
74999777 402
74999780 402
74999781 402
74999782 402
74999787 402
74999791 402
75002665 307
75002695 307
75021249 364
75021250 364
75021251 364
75025967 364
75026667 326
75044719 318
75050066 318
75050067 318
75051420 318
75051421 318
75051422 318
75063199 429
75070264 326
75070266 326
75070268 326
75070269 326
75073230 337
75073231 337
75074912 337
75074920 337
75074922 337
75074928 337
75074929 337
75074932 337
75074933 337
75074946 337
75074947 337
75074951 337
75074958 337
75074959 337
75074961 337
75074962 337
75074963 337
75074985 337
75074992 337
75074993 337
75074994 337
75074995 337
75074996 337
75074997 337
75075000 337
75075001 337
75075002 337
75075003 337
75075004 337
75075005 337
75075006 337
75075009 337
75075010 337
75075011 337
75075015 337
75075017 337
75075040 337
75075048 337
75075049 337
75075050 337
75075056 337
75075057 337
75075060 337
75075061 337
75075064 337
75075066 337
75075068 337
75075069 337
75075094 337
75075095 337
75075097 337
75075099 337
75075116 337
75075117 337
75075118 337
75075121 337
75075122 337
75075123 337
75075721 318
75085159 326
75103467 364
75109743 337
75132699 318
75138279 318
75138898 345
75138899 345
75142180 375
75142181 375
75142182 375
75142183 375
75145263 345
75148571 318
75188223 318
75188363 421
75196417 318
75198377 364
75200283 345
75207751 326
75207817 326
75212664 345
75212666 345
75212668 345
75212669 345
75220123 345
75223977 345
75226779 318
75238494 318
75238495 318
75241686 402
75241687 402
75241691 402
75248888 345
75248890 345
75248892 345
75248893 345
75248894 345
75248895 345
75258065 326
75258066 326
75258067 326
75260263 318
75261057 345
75261212 345
75261213 345
75261214 345
75262289 318
75262290 318
75262291 318
75266139 345
75268574 326
75268575 326
75270622 326
75270623 326
75273682 345
75273683 345
75273686 345
75273687 345
75273705 345
75273983 318
75275196 318
75275197 318
75275198 318
75275199 318
75275371 326
75275451 318
75275513 318
75276063 318
75276969 383
75284347 318
75285545 383
75286497 318
75286652 364
75286653 364
75286654 364
75308094 345
75308095 345
75312379 345
75316848 345
75316852 345
75316853 345
75316854 345
75316855 345
75316856 345
75316858 345
75316859 345
75316868 345
75316869 345
75316870 345
75316875 345
75316881 345
75316882 345
75316883 345
75316921 345
75316923 345
75316930 345
75316931 345
75316955 345
75316958 345
75316959 345
75316961 345
75316967 345
75316975 345
75317951 318
75338395 345
75346671 372
75349788 345
75349789 345
75349790 345
75360862 326
75360863 326
75366530 326
75366531 326
75366532 326
75366533 326
75366534 326
75366553 326
75366556 326
75366557 326
75366558 326
75366569 326
75373311 340
75388217 326
75388286 326
75388287 326
75388907 345
75391657 326
75396233 318
75396409 318
75396470 318
75396471 318
75396475 318
75396489 318
75396502 318
75396503 318
75396505 318
75396507 318
75396508 318
75396509 318
75396510 318
75396519 318
75396534 318
75396535 318
75396539 318
75396558 318
75396559 318
75397308 318
75397309 318
75397310 318
75397311 318
75397703 318
75397883 318
75398009 318
75398247 326
75399000 318
75399002 318
75399004 318
75399005 318
75399017 318
75399081 318
75400219 318
75400603 318
75400609 318
75400617 318
75400639 318
75400718 318
75400719 318
75401170 318
75401171 318
75401892 318
75401893 318
75401894 318
75414763 326
75420135 356
75434361 318
75434550 318
75434551 318
75440466 372
75440467 372
75449627 318
75450159 318
75461302 340
75461303 340
75470328 318
75470330 318
75470332 318
75470333 318
75474367 318
75486535 345
75487868 345
75487869 345
75487870 345
75491401 318
75499625 326
75500638 364
75500639 364
75507183 345
75513711 345
75515687 326
75515887 345
75520683 345
75530273 345
75530279 345
75535314 345
75535315 345
75535719 345
75538940 356
75538941 356
75538942 356
75554105 345
75554322 318
75554323 318
75557122 318
75557123 318
75557127 318
75558665 337
75581584 372
75581588 372
75581589 372
75581592 372
75581594 372
75581602 372
75581603 372
75581611 372
75585177 345
75585883 345
75585912 345
75585913 345
75585914 345
75585916 345
75585917 345
75585918 345
75585919 345
75585921 345
75585983 345
75586089 345
75589371 345
75594530 345
75594531 345
75594532 345
75594533 345
75594534 345
75594540 345
75594541 345
75594542 345
75594545 345
75594546 345
75594547 345
75599817 345
75604479 345
75604604 429
75604605 429
75604606 429
75613927 307
75613931 307
75614626 307
75614627 307
75614628 307
75614629 307
75614630 307
75615032 307
75615034 307
75615035 307
75615036 307
75615037 307
75615102 307
75615103 307
75615228 307
75615229 307
75615230 307
75615231 307
75615486 345
75615487 345
75615561 345
75615649 345
75616609 345
75616630 345
75616631 345
75627259 345
75628287 326
75638222 310
75638223 310
75638230 310
75638231 310
75638247 310
75638249 310
75638631 310
75639385 345
75681263 353
75684507 364
75684511 364
75684519 364
75687374 364
75687375 364
75693566 318
75693567 318
75714097 345
75714098 345
75714099 345
75714215 345
75719911 318
75728111 326
75728169 326
75731894 353
75731895 353
75731897 353
75731899 353
75734354 326
75734355 326
75734719 326
75734793 326
75735039 326
75735207 326
75735231 326
75735254 326
75735255 326
75737087 326
75739454 410
75739455 410
75759727 345
75772585 383
75775135 326
75775521 364
75803592 307
75803594 307
75803596 307
75803597 307
75803601 307
75803820 307
75803821 307
75803822 307
75803823 307
75803825 307
75803826 307
75803827 307
75803836 307
75803837 307
75803838 307
75804158 307
75804159 307
75804178 307
75804179 307
75804366 307
75804367 307
75804583 307
75806249 307
75806262 307
75806263 307
75806831 307
75807851 307
75814047 307
75815073 307
75815079 307
75815081 307
75815083 307
75815087 307
75815126 307
75815127 307
75815166 307
75815167 307
75816446 307
75816447 307
75830959 364
75847111 326
75859198 345
75859199 345
75859207 345
75859815 345
75860123 345
75866788 345
75866789 345
75866790 345
75875815 345
75877403 307
75884543 345
75884866 337
75884867 337
75885551 307
75886751 364
75887087 345
75887175 326
75887177 326
75889135 307
75917403 345
75920272 345
75920276 345
75920277 345
75920278 345
75920279 345
75920280 345
75920281 345
75920282 345
75920290 345
75920291 345
75920303 345
75920329 345
75920342 345
75920343 345
75921234 326
75921235 326
75924657 345
75924658 345
75924659 345
75924665 345
75929159 345
75936850 345
75936851 345
75937078 345
75937079 345
75940511 402
75942793 345
75944187 326
75948671 364
75949340 345
75949341 345
75949342 345
75952767 326
75963083 326
75964281 364
75971705 326
76001417 345
76004799 326
76016066 318
76016067 318
76016671 364
76017067 364
76019483 364
76021337 353
76021353 353
76023019 383
76023035 383
76029951 345
76030137 383
76030139 383
76030747 353
76033883 318
76044497 345
76044498 345
76044499 345
76044796 345
76044797 345
76044798 345
76046473 318
76050258 307
76050259 307
76063131 307
76063289 307
76071751 326
76082207 345
76088161 307
76088252 307
76088253 307
76088254 307
76089255 307
76090025 307
76090671 318
76097474 318
76097475 318
76097479 318
76097490 318
76097491 318
76099360 318
76099368 318
76099370 318
76099372 318
76099373 318
76099374 318
76099376 318
76099377 318
76099378 318
76099379 318
76099380 318
76099381 318
76099393 318
76099394 318
76099395 318
76099396 318
76099397 318
76099398 318
76099403 318
76106779 307
76107070 345
76107071 345
76109567 307
76110319 318
76121654 307
76121655 307
76121659 307
76121662 307
76121663 307
76122489 356
76134491 318
76143209 391
76149487 383
76150491 345
76152489 307
76158311 321
76159707 326
76164041 326
76167377 356
76167378 356
76167379 356
76175215 345
76178923 326
76178927 326
76207049 318
76207062 318
76207063 318
76215081 307
76216411 307
76216479 326
76233038 345
76233039 345
76233833 307
76234139 353
76236763 345
76240751 345
76241273 345
76246526 326
76246527 326
76257439 391
76268248 383
76268250 383
76268252 383
76268253 383
76275528 326
76275530 326
76275532 326
76275533 326
76275537 326
76275538 326
76275539 326
76276190 326
76276191 326
76278780 326
76278781 326
76278782 326
76278783 326
76281848 326
76281850 326
76281852 326
76281853 326
76281854 326
76281855 326
76282281 326
76284836 307
76284837 307
76284838 307
76284843 307
76285890 307
76285891 307
76286006 307
76286007 307
76286066 307
76286067 307
76286070 307
76286071 307
76286076 307
76286077 307
76286078 307
76286107 307
76286183 307
76286185 307
76286226 307
76286227 307
76286262 307
76286263 307
76286887 326
76286953 326
76287864 326
76287866 326
76287868 326
76287869 326
76287913 326
76287938 326
76287939 326
76287943 326
76287945 326
76287998 326
76287999 326
76291585 307
76291611 307
76291708 326
76291709 326
76291710 326
76292722 326
76292723 326
76293249 326
76295486 307
76295487 307
76295497 307
76296351 307
76296431 307
76300658 326
76300659 326
76300662 326
76300663 326
76300665 326
76300667 326
76300674 326
76300675 326
76300676 326
76300677 326
76300678 326
76300679 326
76300686 326
76300687 326
76300783 326
76302354 307
76302355 307
76302363 307
76302377 307
76302407 307
76302409 307
76302511 307
76304239 307
76304706 307
76304707 307
76312767 345
76313816 345
76313818 345
76313820 345
76313821 345
76313822 345
76313823 345
76313825 345
76315387 326
76315643 307
76320002 383
76320003 383
76320007 383
76323324 364
76323325 364
76323326 364
76323327 364
76323800 321
76323802 321
76323804 321
76323805 321
76323815 321
76324199 364
76328914 307
76328915 307
76335548 326
76335549 326
76335550 326
76338665 326
76344295 326
76344544 326
76344548 326
76344549 326
76344550 326
76344552 326
76344554 326
76344560 326
76344561 326
76344564 326
76344565 326
76344571 326
76344574 326
76344575 326
76344577 326
76344578 326
76344579 326
76344583 326
76344670 326
76344671 326
76344961 326
76366975 345
76368139 345
76368142 345
76368143 345
76368150 345
76368151 345
76368153 345
76369801 307
76371081 364
76373470 326
76373471 326
76382601 345
76390215 318
76393119 307
76393129 307
76394824 307
76394826 307
76394828 307
76394829 307
76394833 307
76395631 307
76411931 307
76416799 307
76416907 307
76417311 307
76424475 307
76425575 307
76425895 307
76426367 307
76426465 307
76426991 337
76428153 383
76440603 307
76440615 375
76440617 375
76440792 307
76440794 307
76440795 307
76440796 307
76440797 307
76441577 307
76450766 307
76450767 307
76450770 307
76450771 307
76450847 307
76451278 307
76451279 307
76454911 307
76460073 337
76460350 337
76460351 337
76463486 307
76463487 307
76468719 321
76472479 307
76472545 307
76472959 307
76473526 307
76473527 307
76475739 307
76486326 372
76486327 372
76486338 372
76486339 372
76490840 321
76490842 321
76490844 321
76490845 321
76490850 321
76490851 321
76490852 321
76490853 321
76490854 321
76490866 321
76490867 321
76490876 321
76490877 321
76490878 321
76490881 321
76501929 345
76516423 326
76516460 326
76516461 326
76516462 326
76516473 326
76516513 326
76518961 307
76518962 307
76518963 307
76518985 307
76523519 326
76525415 326
76529793 307
76530927 321
76537352 326
76537354 326
76537356 326
76537357 326
76537360 326
76537361 326
76537364 326
76537365 326
76537368 326
76537370 326
76537372 326
76537373 326
76537374 326
76537378 326
76537379 326
76537383 326
76537387 326
76537403 326
76542249 326
76542331 326
76542801 326
76542802 326
76542803 326
76543067 326
76543966 326
76543967 326
76546089 326
76546102 326
76546103 326
76546119 326
76546155 326
76546172 326
76546173 326
76546174 326
76547790 307
76547791 307
76548662 326
76548663 326
76549223 429
76550713 326
76550887 326
76551038 326
76551039 326
76556284 326
76556285 326
76556286 326
76559227 326
76560766 326
76560767 326
76565867 326
76568782 326
76568783 326
76571102 326
76571103 326
76575966 326
76575967 326
76588585 321
76596094 364
76596095 364
76610556 353
76610557 353
76610558 353
76611007 353
76612433 353
76612434 353
76612435 353
76616411 326
76617122 326
76617123 326
76617124 326
76617125 326
76617126 326
76617132 326
76617133 326
76617134 326
76617147 326
76617154 326
76617155 326
76617161 326
76617163 326
76617170 326
76617171 326
76617182 326
76617183 326
76617188 326
76617189 326
76617190 326
76617193 326
76617234 326
76617235 326
76617238 326
76617239 326
76617241 326
76617247 326
76617257 326
76617263 326
76617324 326
76617325 326
76617326 326
76617375 326
76617511 326
76617755 326
76620664 326
76620666 326
76620668 326
76620669 326
76625918 326
76625919 326
76629842 353
76629843 353
76638363 326
76639647 345
76642809 326
76644574 326
76644575 326
76644649 326
76647209 326
76647294 326
76647295 326
76647300 326
76647301 326
76647302 326
76647307 326
76647585 326
76647689 326
76647871 326
76648274 326
76648275 326
76648295 326
76650111 318
76658875 326
76659065 326
76659367 364
76668185 307
76678825 345
76683305 334
76684818 326
76684819 326
76686820 364
76686821 364
76686822 364
76693929 326
76717092 345
76717093 345
76717094 345
76717095 345
76717097 345
76721711 345
76727787 326
76728319 353
76741433 410
76741867 364
76743463 334
76747090 326
76747091 326
76750817 337
76753913 337
76759038 345
76759039 345
76761287 307
76764542 345
76764543 345
76765138 334
76765139 334
76767625 307
76767627 307
76767644 307
76767645 307
76767646 307
76767785 307
76767851 307
76767871 307
76767919 307
76767969 307
76768066 307
76768067 307
76768123 307
76768347 307
76768359 307
76768363 307
76768385 307
76768393 307
76768510 307
76768511 307
76768537 307
76768539 307
76768540 307
76768541 307
76768542 307
76771099 307
76772310 307
76772311 307
76792511 326
76796222 326
76796223 326
76796231 326
76796319 326
76806363 364
76806375 364
76809353 345
76810751 307
76811623 307
76818345 410
76830663 345
76830843 345
76831182 345
76831183 345
76836430 334
76836431 334
76837601 318
76838505 326
76838535 318
76838575 318
76842923 345
76844135 318
76849778 307
76849779 307
76854303 307
76857633 345
76857634 345
76857635 345
76857636 345
76857637 345
76857638 345
76857647 345
76857671 345
76860382 334
76860383 334
76860399 334
76864235 345
76865614 345
76865615 345
76865627 345
76865643 345
76865647 345
76874153 345
76879979 307
76881919 307
76891006 326
76891007 326
76891627 326
76892199 307
76894166 326
76894167 326
76894177 326
76894201 326
76895108 326
76895109 326
76895110 326
76895113 326
76895115 326
76896329 307
76896347 307
76897707 326
76901801 326
76901803 326
76901865 326
76903630 326
76903631 326
76903926 326
76903927 326
76904289 345
76910332 326
76910333 326
76910334 326
76915947 326
76921471 326
76922095 345
76922512 307
76922516 307
76922517 307
76922520 307
76922522 307
76922530 307
76922531 307
76922532 307
76922533 307
76922534 307
76922537 307
76931070 318
76931071 318
76931823 318
76933262 307
76933263 307
76933273 307
76933275 307
76945567 364
76946540 318
76946541 318
76946542 318
76953159 326
76953166 326
76953167 326
76953806 326
76953807 326
76956144 326
76956148 326
76956149 326
76956152 326
76956154 326
76956434 326
76956435 326
76956449 326
76957054 307
76957055 307
76960879 326
76965086 326
76965087 326
76972881 326
76972882 326
76972883 326
76976505 383
76976590 383
76976591 383
76976617 383
76976619 383
76976623 383
76978857 307
76978897 326
76978898 326
76978899 326
76978902 326
76978903 326
76979967 345
76980315 307
76980927 345
76983009 326
76983423 307
76989073 345
76989074 345
76989075 345
76989081 345
76989089 345
76989153 345
76990299 345
76990575 345
76996494 334
76996495 334
76999335 307
76999393 307
76999480 307
76999482 307
76999484 307
76999485 307
77000475 345
77000703 326
77008639 307
77009691 307
77021863 326
77026539 307
77035755 364
77035759 364
77037225 326
77038326 326
77038327 326
77038855 307
77038889 307
77042955 326
77048811 326
77048812 326
77048813 326
77048814 326
77053927 334
77054191 345
77056636 345
77056637 345
77056638 345
77058526 334
77058527 334
77058535 334
77060226 364
77060227 364
77060228 364
77060229 364
77060230 364
77060251 364
77060257 364
77064303 326
77067436 364
77067437 364
77067438 364
77067441 364
77067442 364
77067443 364
77068735 334
77074827 334
77100969 307
77104943 307
77113435 307
77124187 326
77125385 391
77153435 318
77153577 318
77156193 364
77166945 364
77166951 364
77172379 364
77176939 326
77178651 326
77180155 326
77182055 372
77183241 364
77184703 326
77185191 372
77191166 307
77191167 307
77195775 307
77196651 307
77197359 302
77202183 307
77203184 307
77203188 307
77203189 307
77203192 307
77203194 307
77206556 337
77206557 337
77206558 337
77206561 337
77213311 307
77214495 326
77218258 307
77218259 307
77218287 307
77221311 307
77221659 307
77222139 307
77224687 391
77253995 383
77256316 307
77256317 307
77256318 307
77262889 307
77264425 326
77275638 326
77275639 326
77277257 326
77277646 326
77277647 326
77278655 307
77278959 302
77281439 326
77281455 326
77286654 307
77286655 307
77290567 307
77290569 307
77290578 307
77290579 307
77290590 307
77290591 307
77291342 307
77291343 307
77297193 326
77298443 372
77302811 326
77306025 364
77306651 372
77307062 364
77307063 364
77308801 364
77308804 364
77308805 364
77308806 364
77308809 364
77308811 364
77316190 307
77316191 307
77316203 307
77316295 307
77316843 307
77316850 307
77316851 307
77321398 326
77321399 326
77321705 326
77323935 353
77327684 307
77327685 307
77327686 307
77327688 307
77327690 307
77327691 307
77327692 307
77327693 307
77327702 307
77327703 307
77328672 307
77328680 307
77328682 307
77328688 307
77328692 307
77328693 307
77328705 307
77328708 307
77328709 307
77328710 307
77328713 307
77328715 307
77328726 307
77328727 307
77328729 307
77328731 307
77328734 307
77328735 307
77328743 307
77328760 307
77328762 307
77328763 307
77328764 307
77328765 307
77328766 307
77328767 307
77328799 307
77329351 307
77330258 307
77330259 307
77330347 307
77332327 307
77332583 307
77333551 307
77333609 307
77333611 307
77333615 307
77333919 307
77334185 307
77334577 307
77334578 307
77334579 307
77335551 307
77335593 307
77341287 345
77341656 307
77341658 307
77341660 307
77341661 307
77341668 307
77341669 307
77341670 307
77341671 307
77341682 307
77341683 307
77341686 307
77341687 307
77341688 307
77341689 307
77341690 307
77341691 307
77341692 307
77341693 307
77341723 307
77341727 307
77341743 307
77341851 307
77344415 307
77349503 345
77353377 326
77353767 326
77353921 326
77353922 326
77353923 326
77353927 326
77354623 326
77354994 326
77354995 326
77355771 345
77361263 364
77366393 391
77374990 302
77374991 302
77374994 302
77374995 302
77377022 307
77377023 307
77377151 307
77381355 307
77381401 307
77382335 345
77385799 307
77385887 307
77386156 307
77386157 307
77386158 307
77386159 307
77386166 307
77386167 307
77386171 307
77386175 307
77386178 307
77386179 307
77386684 307
77386685 307
77386686 307
77395266 364
77395267 364
77397880 307
77397882 307
77397884 307
77397885 307
77408871 326
77410076 326
77410077 326
77410078 326
77412911 345
77416687 318
77424713 326
77426809 307
77427710 318
77427711 318
77454491 318
77460046 307
77460047 307
77462610 307
77462611 307
77470850 364
77470851 364
77470852 364
77470853 364
77470854 364
77470873 364
77470882 364
77470883 364
77470884 364
77470885 364
77470886 364
77470897 364
77470898 364
77470899 364
77470905 364
77472255 318
77473602 302
77473603 302
77473609 302
77473614 302
77473615 302
77480539 302
77488353 418
77495295 334
77500524 391
77500525 391
77500526 391
77500647 391
77503239 318
77503521 318
77520175 326
77521961 307
77529860 353
77529861 353
77529862 353
77529864 353
77529866 353
77529868 353
77529869 353
77529870 353
77529871 353
77529873 353
77529884 353
77529885 353
77529886 353
77529889 353
77529895 353
77530777 307
77530780 307
77530781 307
77530782 307
77530785 307
77530806 307
77530807 307
77534492 302
77534493 302
77534494 302
77538919 318
77546175 326
77546983 326
77560342 307
77560343 307
77560345 307
77560348 307
77560349 307
77560350 307
77560353 307
77560359 307
77560361 307
77560369 307
77560370 307
77560371 307
77560376 307
77560377 307
77560378 307
77560379 307
77560380 307
77560381 307
77560382 307
77560383 307
77560401 307
77560402 307
77560403 307
77560406 307
77560407 307
77560409 307
77560411 307
77560414 307
77560415 307
77560434 307
77560435 307
77560475 307
77560489 307
77563055 307
77563119 307
77564281 318
77574241 326
77575935 334
77581636 307
77581637 307
77581638 307
77581640 307
77581642 307
77581643 307
77581644 307
77581645 307
77582674 318
77582675 318
77586623 307
77587199 307
77587286 307
77587287 307
77587483 307
77588449 307
77588463 307
77588534 307
77588535 307
77588588 307
77588589 307
77588590 307
77589851 307
77589985 307
77590428 307
77590429 307
77590430 307
77590433 307
77590444 307
77590445 307
77590446 307
77590447 307
77590482 307
77590483 307
77590497 307
77590663 307
77590703 307
77592700 307
77592701 307
77592702 307
77594799 307
77595094 307
77595095 307
77595119 307
77595292 307
77595293 307
77595294 307
77595448 307
77595450 307
77595452 307
77595453 307
77595561 307
77595762 307
77595763 307
77595771 307
77595775 307
77595783 307
77596553 307
77596575 307
77596839 307
77596911 307
77597159 307
77598751 307
77600521 307
77603559 307
77603567 307
77603772 334
77603773 334
77603774 334
77603838 307
77603839 307
77604199 307
77605080 307
77605082 307
77605084 307
77605085 307
77606119 307
77607047 307
77609153 307
77609154 307
77609155 307
77609159 307
77609942 334
77609943 334
77610095 307
77610479 307
77610623 307
77611948 307
77611949 307
77611950 307
77613433 307
77615785 307
77616455 307
77616633 307
77616635 307
77618235 307
77619990 307
77619991 307
77619993 307
77619995 307
77620007 307
77620498 307
77620499 307
77620674 307
77620675 307
77620708 307
77620709 307
77620710 307
77620715 307
77631727 302
77633505 302
77635519 345
77636011 345
77641116 345
77641117 345
77641118 345
77654463 307
77655679 334
77657001 334
77661902 307
77661903 307
77661951 307
77662468 307
77662469 307
77662470 307
77662472 307
77662474 307
77662476 307
77662477 307
77662480 307
77662481 307
77662484 307
77662485 307
77662488 307
77662490 307
77662496 307
77662497 307
77662498 307
77662499 307
77662500 307
77662501 307
77662502 307
77662503 307
77662504 307
77662505 307
77662506 307
77662508 307
77662509 307
77662510 307
77662511 307
77662512 307
77662513 307
77662514 307
77662515 307
77662516 307
77662517 307
77662529 307
77662532 307
77662533 307
77662534 307
77662536 307
77662538 307
77662539 307
77662540 307
77662541 307
77662542 307
77662543 307
77662550 307
77662551 307
77662553 307
77662555 307
77662558 307
77662559 307
77662571 307
77662572 307
77662573 307
77662574 307
77662587 307
77662590 307
77662591 307
77662626 307
77662627 307
77662628 307
77662629 307
77662630 307
77662639 307
77662652 307
77662653 307
77662654 307
77662678 307
77662679 307
77662686 307
77662687 307
77662699 307
77662865 307
77662866 307
77662867 307
77662876 307
77662877 307
77662878 307
77662879 307
77662891 307
77662895 307
77662911 307
77662939 307
77662972 307
77662973 307
77662974 307
77663073 307
77663081 307
77663087 307
77663099 307
77663486 307
77663487 307
77664699 307
77664703 307
77664875 307
77664879 307
77664897 307
77666038 307
77666039 307
77667327 345
77670360 307
77670362 307
77670364 307
77670365 307
77671663 334
77674991 307
77675163 334
77675790 307
77675791 307
77676287 334
77676703 307
77677039 307
77680891 326
77681801 307
77683794 307
77683795 307
77683966 307
77683967 307
77685999 307
77687345 307
77687346 307
77687347 307
77688455 307
77688476 307
77688477 307
77688478 307
77688479 307
77688673 307
77690072 307
77690074 307
77690076 307
77690077 307
77690087 307
77690095 307
77690303 307
77690326 307
77690327 307
77690334 307
77690335 307
77691259 307
77692905 307
77692907 307
77692911 307
77692929 307
77692959 307
77692982 307
77692983 307
77693010 307
77693011 307
77693014 307
77693015 307
77693017 307
77693022 307
77693023 307
77693025 307
77693031 307
77693036 307
77693037 307
77693038 307
77693049 307
77693083 307
77693089 307
77693110 345
77693111 345
77694107 307
77694121 307
77695023 307
77699602 345
77699603 345
77699611 345
77700670 326
77700671 326
77704097 307
77704100 307
77704101 307
77704102 307
77704105 307
77704946 307
77704947 307
77709289 410
77709948 315
77709949 315
77709950 315
77710713 345
77718247 307
77723071 307
77723640 353
77723642 353
77723643 353
77723644 353
77723645 353
77723646 353
77723647 353
77725211 353
77727721 307
77729263 307
77729511 315
77729519 315
77731055 307
77731300 307
77731301 307
77731302 307
77737526 307
77737527 307
77745479 307
77748865 326
77749663 307
77751599 326
77754415 307
77754543 307
77759023 307
77759401 326
77763777 326
77763778 326
77763779 326
77763783 326
77767615 318
77768447 326
77769380 326
77769381 326
77769382 326
77769385 326
77772711 345
77772854 318
77772855 318
77773705 318
77786395 345
77786642 345
77786643 345
77788441 391
77788878 345
77788879 345
77789398 307
77789399 307
77791190 307
77791191 307
77794075 307
77794177 307
77794239 307
77794287 307
77794633 315
77796199 307
77796591 315
77796991 318
77797302 318
77797303 318
77797308 318
77797309 318
77797310 318
77797698 318
77797699 318
77797703 391
77797819 318
77799167 334
77800489 318
77803510 334
77803511 334
77810443 326
77811851 326
77811903 326
77812863 318
77820222 372
77820223 372
77841055 307
77841063 307
77842591 318
77842910 307
77842911 307
77843262 391
77843263 391
77843975 307
77848511 326
77854267 345
77854270 345
77854271 345
77858110 315
77858111 315
77860267 391
77876383 307
77878887 326
77879414 326
77879415 326
77879419 326
77884734 315
77884735 315
77886911 307
77890345 318
77890407 318
77891324 326
77891325 326
77891326 326
77906159 315
77906248 326
77906250 326
77906252 326
77906253 326
77906257 326
77906411 307
77908935 315
77912918 326
77912919 326
77914326 326
77914327 326
77914328 326
77914330 326
77914332 326
77914333 326
77914343 326
77914345 326
77914377 326
77914863 326
77915006 326
77915007 326
77915739 326
77922969 326
77924121 307
77938830 307
77938831 307
77938849 307
77938910 307
77938911 307
77939113 307
77941865 307
77943262 307
77943263 307
77943271 307
77943292 307
77943293 307
77943294 307
77943451 307
77944220 307
77944221 307
77944222 307
77944289 307
77944297 307
77944310 307
77944311 307
77944575 307
77944585 307
77946846 307
77946847 307
77946849 307
77946991 307
77948543 307
77950379 307
77950994 307
77950995 307
77951003 307
77951007 307
77951009 307
77951721 307
77952850 307
77952851 307
77953151 307
77953183 307
77953519 326
77958889 307
77960103 307
77960190 307
77960191 307
77960329 307
77961467 307
77964847 307
77965566 307
77965567 307
77971103 307
77971564 326
77971565 326
77971566 326
77975583 326
77988287 307
78002943 307
78003062 307
78003063 307
78003064 307
78003066 307
78003068 307
78003069 307
78003710 307
78003711 307
78006078 307
78006079 307
78006089 307
78006098 307
78006099 307
78006380 307
78006381 307
78006382 307
78006395 307
78006431 307
78006609 307
78006610 307
78006611 307
78006990 307
78006991 307
78010574 307
78010575 307
78010879 307
78012863 307
78014057 307
78014463 307
78014919 307
78015145 307
78015519 353
78016508 391
78016509 391
78016510 391
78017462 307
78017463 307
78017465 307
78017467 307
78017479 307
78018097 307
78018098 307
78018099 307
78019183 307
78019263 307
78019775 353
78021817 307
78021819 307
78026715 364
78026718 364
78026719 364
78026721 364
78026806 364
78026807 364
78026823 364
78026825 364
78026834 364
78026835 364
78026857 364
78026860 364
78026861 364
78026862 364
78026863 364
78026919 364
78026927 364
78026939 364
78027527 307
78029145 307
78029150 307
78029151 307
78029153 307
78029161 307
78029163 307
78029164 307
78029165 307
78029166 307
78029167 307
78029177 307
78030249 326
78031647 326
78034201 326
78039496 326
78039497 326
78039498 326
78039499 326
78039500 326
78039501 326
78039505 326
78039506 326
78039507 326
78039545 326
78039553 307
78039554 326
78039555 326
78039556 326
78039557 326
78039558 326
78039561 326
78039563 326
78039839 326
78040630 326
78040631 326
78040991 326
78050025 307
78051582 326
78051583 326
78053019 307
78067126 315
78067127 315
78084054 307
78084055 307
78085099 307
78086780 345
78086781 345
78086782 345
78086919 307
78087350 307
78087351 307
78091817 307
78094079 307
78100017 307
78100018 307
78100019 307
78103279 345
78104391 307
78105196 315
78105197 315
78105198 315
78105462 326
78105463 326
78105467 326
78105535 326
78105705 326
78107945 326
78109852 315
78109853 315
78109854 315
78109855 315
78109858 315
78109859 315
78109860 315
78109861 315
78109862 315
78109867 315
78110879 345
78111620 345
78111621 345
78111622 345
78111627 345
78112007 345
78118683 307
78118908 345
78118909 345
78118910 345
78118953 307
78125554 326
78125555 326
78157735 307
78172098 307
78172099 307
78175486 307
78175487 307
78175950 307
78175951 307
78176594 307
78176595 307
78177010 307
78177011 307
78177622 372
78177623 372
78177625 372
78177630 372
78177631 372
78181537 307
78182398 372
78182399 372
78196679 345
78200059 429
78207145 307
78207542 372
78207543 372
78208859 345
78212258 391
78212259 391
78212260 391
78212261 391
78212262 391
78217068 353
78217069 353
78217070 353
78219760 345
78219764 345
78219765 345
78219768 345
78219770 345
78219771 345
78226535 315
78228286 307
78228287 307
78228686 307
78228687 307
78231663 307
78233145 307
78233599 345
78234878 345
78234879 345
78235419 437
78237119 315
78237871 307
78244393 345
78244799 307
78246183 307
78247465 307
78259903 318
78259918 318
78259919 318
78259943 318
78259947 318
78259954 318
78259955 318
78260178 307
78260179 307
78260223 307
78261502 307
78261503 307
78266462 307
78266463 307
78267958 307
78267959 307
78271851 307
78271855 307
78278191 372
78295378 307
78295379 307
78300703 399
78307995 364
78318619 307
78320569 307
78320571 307
78321055 307
78321124 307
78321125 307
78321126 307
78321131 307
78321889 307
78323937 307
78327113 307
78329801 353
78329993 307
78330025 307
78330107 307
78330983 307
78331198 307
78331199 307
78331574 307
78331575 307
78331751 307
78331785 307
78331969 307
78331970 307
78331971 307
78335305 307
78335579 307
78335643 307
78335771 307
78341793 307
78341991 307
78348955 307
78349359 307
78350731 307
78350747 307
78353051 353
78353063 372
78360530 345
78360531 345
78360673 345
78360953 345
78360988 345
78360989 345
78360990 345
78361788 345
78361789 345
78361790 345
78362219 345
78363548 345
78363549 345
78363550 345
78363551 345
78363553 345
78363559 345
78363561 345
78364519 345
78365343 345
78365799 345
78366491 383
78373289 307
78373291 307
78373723 307
78375015 307
78375566 307
78375567 307
78376315 307
78376318 307
78376319 307
78376694 307
78376695 307
78382247 307
78387522 307
78387523 307
78390555 326
78390978 326
78390979 326
78391521 326
78395081 307
78395083 307
78395086 307
78395087 307
78395617 326
78395631 326
78397534 326
78397535 326
78398619 326
78404716 307
78404717 307
78404718 307
78408347 307
78408351 307
78408732 307
78408733 307
78408734 307
78408737 307
78409294 307
78409295 307
78410991 307
78421927 372
78435567 307
78436350 326
78436351 326
78437675 345
78437681 345
78437682 345
78437683 345
78437689 345
78441831 326
78451199 345
78454527 372
78454911 307
78455911 372
78456475 307
78457279 307
78462591 307
78463087 307
78464376 315
78464378 315
78464380 315
78464381 315
78464385 315
78464491 326
78464982 307
78464983 307
78469088 326
78469096 326
78469098 326
78469104 326
78469105 326
78469108 326
78469109 326
78469182 391
78469183 391
78473211 315
78473215 315
78487428 326
78487429 326
78487430 326
78487435 326
78497153 353
78506881 307
78506988 307
78506989 307
78506990 307
78508972 383
78508973 383
78508974 383
78524982 345
78524983 345
78527876 345
78527877 345
78527878 345
78527883 345
78535387 307
78552577 315
78553596 383
78553597 383
78553598 383
78557823 372
78557855 372
78566774 372
78566775 372
78566779 372
78566782 372
78566783 372
78587657 334
78588079 334
78588769 372
78589735 372
78591067 307
78603646 307
78603647 307
78610430 353
78610431 353
78621049 391
78625929 307
78628455 307
78631023 307
78632609 307
78639343 307
78640923 307
78643282 326
78643283 326
78646631 307
78662508 315
78662509 315
78662510 315
78666294 307
78666295 307
78694713 326
78694718 326
78694719 326
78694878 326
78694879 326
78695225 326
78695239 326
78697681 326
78697682 326
78697683 326
78700542 326
78700543 326
78701298 326
78701299 326
78701526 326
78701527 326
78701886 326
78701887 326
78709535 380
78711239 315
78711751 315
78712091 326
78713038 353
78713039 353
78713511 315
78715119 315
78715207 315
78715257 315
78716497 315
78716498 315
78716499 315
78716507 315
78716754 315
78716755 315
78717351 315
78717390 437
78717391 437
78718311 315
78723977 315
78726635 326
78734905 315
78734907 315
78734919 315
78734926 315
78734927 315
78735073 315
78735399 326
78735574 326
78735575 326
78735585 326
78735599 326
78736044 315
78736045 315
78736046 315
78736054 315
78736055 315
78736059 315
78736078 315
78736079 315
78740587 307
78743518 326
78743519 326
78746550 315
78746551 315
78746553 315
78746555 315
78755961 307
78759688 326
78759690 326
78759692 326
78759693 326
78759697 326
78759702 326
78759703 326
78759705 326
78760760 307
78760762 307
78760763 307
78760764 307
78760765 307
78765310 326
78765311 326
78765369 326
78768895 326
78769502 391
78769503 391
78770943 326
78784047 334
78784054 334
78784055 334
78784127 334
78784630 334
78784631 334
78784635 334
78785400 307
78785402 307
78785404 307
78785405 307
78785639 334
78786814 334
78786815 334
78788473 345
78809618 307
78809619 307
78816580 307
78816581 307
78816582 307
78816584 307
78816586 307
78816587 307
78816588 307
78816589 307
78818431 307
78820295 307
78820434 307
78820435 307
78824736 307
78824744 307
78824746 307
78824752 307
78824756 307
78824757 307
78824769 307
78824772 307
78824773 307
78824774 307
78824779 307
78829457 307
78829458 307
78829459 307
78830593 307
78830594 307
78830595 307
78830599 307
78837334 326
78837335 326
78837337 326
78837342 326
78837343 326
78837355 326
78847657 326
78849730 372
78849731 372
78850175 326
78852231 372
78860766 334
78860767 334
78863838 307
78863839 307
78867790 307
78867791 307
78867793 307
78867794 307
78867795 307
78868639 307
78869227 334
78869842 372
78869843 372
78871983 307
78872030 307
78872031 307
78872033 307
78873464 307
78873466 307
78873468 307
78873469 307
78873473 307
78873481 307
78873513 307
78873737 326
78891497 326
78902331 372
78905302 372
78905303 372
78905323 372
78905327 372
78905337 372
78905769 372
78911542 326
78911543 326
78916459 326
78916460 326
78916461 326
78916462 326
78917385 307
78919356 307
78919357 307
78919358 307
78919362 307
78919363 307
78919399 307
78919401 307
78919515 307
78919588 307
78919589 307
78919590 307
78919591 307
78922537 372
78925659 326
78934319 307
78936459 307
78939259 391
78939263 391
78951404 307
78951405 307
78951406 307
78953884 307
78953885 307
78953886 307
78959463 326
78969166 307
78969167 307
78972065 307
78975911 307
78977246 307
78977247 307
78977249 307
78977308 307
78977309 307
78977310 307
78977311 307
78977329 307
78977330 307
78977331 307
78977336 307
78977338 307
78977339 307
78977340 307
78977341 307
78977342 307
78977343 307
78977348 307
78977349 307
78977350 307
78977352 307
78977354 307
78977355 307
78977356 307
78977357 307
78977383 307
78977387 307
78977388 307
78977389 307
78977390 307
78977391 307
78977401 307
78977471 307
78977532 307
78977533 307
78977534 307
78978014 307
78978015 307
78978495 307
78980854 307
78980855 307
78982311 307
78982395 307
78983003 307
78983015 307
78986104 307
78986106 307
78986108 307
78986109 307
78986235 307
78986242 307
78986243 307
78986247 307
78986249 307
78986322 353
78986323 353
78989307 437
78992623 307
78993170 353
78993171 353
78994535 318
78997039 345
79012110 410
79012111 410
79023407 345
79034731 372
79035358 307
79035359 307
79035361 307
79038942 307
79038943 307
79052265 326
79055414 307
79055415 307
79055451 307
79066395 326
79086364 334
79086365 334
79086366 334
79086369 334
79091256 345
79091258 345
79091260 345
79091261 345
79091265 345
79091266 345
79091267 345
79091305 345
79091314 345
79091315 345
79091327 345
79091345 345
79091346 345
79091347 345
79091356 345
79091357 345
79091358 345
79091361 345
79091362 345
79091363 345
79091364 345
79091365 345
79091366 345
79091367 345
79091369 345
79091375 345
79091376 345
79091377 345
79091378 345
79091379 345
79091380 345
79091381 345
79091384 345
79091386 345
79091393 345
79091399 345
79091414 345
79091415 345
79091416 345
79091417 345
79091418 345
79091420 345
79091421 345
79091431 345
79091433 345
79091464 345
79091466 345
79091468 345
79091469 345
79091473 345
79091478 345
79091479 345
79091487 345
79094809 307
79094811 307
79094823 307
79094825 307
79094838 307
79094839 307
79094846 307
79094847 307
79095423 307
79096255 307
79098095 334
79098846 307
79098847 307
79098911 307
79099611 307
79099623 307
79102059 334
79103260 307
79103261 307
79103262 307
79103542 307
79103543 307
79103969 307
79104272 307
79104276 307
79104277 307
79104280 307
79104282 307
79104288 307
79104296 307
79104298 307
79104300 307
79104301 307
79104302 307
79104304 307
79104308 307
79104309 307
79104321 307
79104342 307
79104343 307
79104344 307
79104346 307
79104348 307
79104349 307
79104361 307
79104367 307
79104559 307
79104978 307
79104979 307
79105007 307
79105023 307
79105436 307
79105437 307
79105438 307
79109086 307
79109087 307
79111535 307
79111596 307
79111597 307
79111598 307
79111599 307
79111678 307
79111679 307
79116342 307
79116343 307
79116396 307
79116397 307
79116398 307
79116463 307
79116735 307
79117993 418
79122574 307
79122575 307
79130471 418
79150747 326
79156726 307
79156727 307
79162130 383
79162131 383
79162139 383
79165646 418
79165647 418
79166767 315
79170715 372
79171088 307
79171092 307
79171093 307
79171096 307
79171098 307
79171106 307
79171107 307
79171115 307
79171116 307
79171117 307
79171118 307
79171150 307
79171151 307
79171183 307
79171209 307
79171359 307
79171431 307
79171615 326
79173598 307
79173599 307
79191452 307
79191453 307
79191454 307
79196187 326
79197467 307
79221439 326
79223343 353
79227119 353
79228187 429
79236391 353
79244242 353
79244243 353
79250985 326
79255643 307
79263599 326
79266971 410
79274540 353
79274541 353
79274542 353
79274545 353
79274546 353
79274547 353
79274553 353
79274943 353
79279343 372
79282503 399
79284214 334
79284215 334
79284217 334
79284219 334
79286951 326
79287524 353
79287525 353
79287526 353
79288667 326
79289375 353
79294535 353
79295286 334
79295287 334
79295870 334
79295871 334
79300667 353
79300985 326
79302265 326
79302482 334
79302483 334
79302594 326
79302595 326
79302687 326
79305855 307
79306367 326
79311899 326
79314326 372
79314327 372
79314329 372
79332335 364
79341435 353
79346148 353
79346149 353
79346150 353
79346151 353
79346155 353
79346162 353
79346163 353
79346177 353
79346223 353
79346225 353
79346226 353
79346227 353
79346257 353
79346258 353
79346259 353
79346267 353
79347305 326
79380844 353
79380845 353
79380846 353
79380847 353
79382119 348
79396383 334
79398481 334
79398482 334
79398483 334
79398507 334
79398508 334
79398509 334
79398510 334
79421403 334
79422057 353
79426473 334
79429375 326
79429502 326
79429503 326
79429628 326
79429629 326
79429630 326
79429735 326
79429774 326
79429775 326
79430025 326
79430059 326
79430060 326
79430061 326
79430062 326
79430119 326
79430904 326
79430906 326
79430908 326
79430909 326
79431327 326
79431337 326
79431646 326
79431647 326
79432690 326
79432691 326
79432694 326
79432695 326
79432699 326
79432700 326
79432701 326
79432702 326
79432935 326
79434968 326
79434970 326
79434972 326
79434973 326
79435739 326
79435753 326
79435755 326
79446127 402
79448231 315
79459175 307
79460059 307
79460489 307
79464811 307
79464825 307
79464863 307
79465193 307
79465199 307
79465202 307
79465203 307
79467135 307
79468926 307
79468927 307
79470142 326
79470143 326
79474431 307
79474434 307
79474435 307
79474439 307
79474667 307
79476489 307
79476961 307
79479353 307
79486025 326
79486977 307
79487023 307
79487067 307
79490713 307
79496607 307
79505321 315
79507097 307
79507601 307
79507602 307
79507603 307
79507832 326
79507834 326
79507836 326
79507837 326
79507838 326
79507839 326
79510639 307
79511249 307
79511250 307
79511251 307
79522270 326
79522271 326
79522471 307
79526306 353
79526307 353
79526308 353
79526309 353
79526310 353
79527551 334
79527679 353
79535417 307
79536418 307
79536419 307
79536420 307
79536421 307
79536422 307
79536427 307
79538857 334
79539704 307
79539706 307
79539708 307
79539709 307
79539710 307
79539711 307
79539761 372
79539762 372
79539763 372
79540265 307
79557003 307
79558268 307
79558269 307
79558270 307
79576297 353
79580104 364
79580106 364
79580108 364
79580109 364
79580113 364
79599266 326
79599267 326
79599268 326
79599269 326
79599270 326
79625028 380
79625029 380
79625030 380
79625032 380
79625034 380
79625035 380
79625036 380
79625037 380
79625071 380
79628827 353
79629607 353
79629609 353
79638681 353
79638692 353
79638693 353
79638694 353
79642791 380
79643775 380
79644251 353
79649284 437
79649285 437
79649286 437
79649291 437
79649294 437
79649295 437
79651646 353
79651647 353
79659115 315
79659116 315
79659117 315
79659118 315
79659854 315
79659855 315
79660278 315
79660279 315
79660281 315
79660283 315
79660487 315
79661956 353
79661957 353
79661958 353
79661963 353
79673671 315
79674238 334
79674239 334
79684716 318
79684717 318
79684718 318
79684719 318
79684737 318
79685935 353
79702012 391
79702013 391
79702014 391
79702015 391
79736491 372
79743015 326
79760879 361
79768376 307
79768378 307
79768380 307
79768381 307
79768520 307
79768522 307
79768524 307
79768525 307
79768529 307
79768815 307
79768889 307
79768903 307
79768905 307
79768926 307
79768927 307
79769647 307
79770761 307
79771388 307
79771389 307
79771390 307
79773790 307
79773791 307
79774239 307
79774855 307
79774875 307
79774881 307
79774887 307
79775042 307
79775043 307
79775047 307
79775435 307
79775633 307
79775634 307
79775635 307
79775643 307
79775655 307
79783393 361
79783399 361
79785983 307
79786751 334
79786878 334
79786879 334
79791352 418
79791354 418
79791356 418
79791357 418
79791358 418
79791359 418
79794114 307
79794115 307
79800731 307
79809471 307
79809479 307
79809627 307
79809707 307
79809775 307
79809787 307
79809800 307
79809802 307
79809804 307
79809805 307
79809809 307
79809814 307
79809815 307
79809823 307
79809831 307
79809835 307
79810025 307
79810027 307
79810079 307
79812715 353
79815721 353
79816127 353
79816886 307
79816887 307
79817081 307
79817810 307
79817811 307
79821817 307
79828946 334
79828947 334
79830207 361
79830811 372
79837662 307
79837663 307
79839851 307
79839852 307
79839853 307
79839854 307
79839855 307
79839858 307
79839859 307
79839871 307
79841135 307
79841519 307
79843561 307
79845167 307
79845823 307
79846107 307
79858930 315
79858931 315
79859169 315
79859175 315
79859180 315
79859181 315
79859182 315
79859542 315
79859543 315
79859879 315
79861726 315
79861727 315
79862207 315
79871023 315
79871030 315
79871031 315
79871058 315
79871059 315
79871113 315
79871591 315
79883903 315
79888041 372
79899495 307
79901211 307
79901215 307
79904425 307
79907327 334
79912505 307
79912950 307
79912951 307
79912952 307
79912953 307
79912954 307
79912956 307
79912957 307
79913191 307
79913199 307
79913223 307
79917505 353
79917506 353
79917507 353
79925499 307
79927343 353
79928039 353
79934311 353
79936687 315
79944551 345
79945270 315
79945271 315
79945887 353
79946535 372
79946889 353
79946983 334
79946991 334
79948539 307
79956647 345
79971943 345
79978823 353
79981832 353
79981834 353
79981836 353
79981837 353
79981841 353
79981846 353
79981847 353
79981852 353
79981853 353
79981854 353
79981855 353
79981867 353
79981878 353
79981879 353
79981881 353
79986095 307
79986427 307
79986471 353
79986535 307
79987303 307
79987359 307
79988135 307
79988150 307
79988151 307
79988167 307
79988222 307
79988223 307
79988583 307
79988713 307
79991211 353
79993150 307
79993151 307
79999304 353
79999306 353
79999308 353
79999309 353
79999313 353
80001691 307
80001705 307
80005575 353
80011766 372
80011767 372
80012465 353
80012466 353
80012467 353
80012473 353
80016254 372
80016255 372
80023689 372
80023977 361
80026951 334
80028911 372
80036729 307
80037355 334
80049391 361
80067335 353
80082770 326
80082771 326
80083823 372
80090104 391
80090106 391
80090108 391
80090109 391
80090110 391
80090111 391
80094699 307
80097593 391
80101537 326
80101543 326
80102847 326
80103423 307
80113028 353
80113029 353
80113030 353
80113035 353
80118811 315
80119231 353
80130799 307
80138087 307
80140350 315
80140351 315
80145023 307
80145115 307
80145246 307
80145247 307
80149147 391
80150014 413
80150015 413
80156955 326
80158817 315
80160683 315
80165375 315
80168529 326
80168530 326
80168531 326
80169179 307
80170368 326
80170400 326
80170408 326
80170410 326
80170432 326
80170436 326
80170437 326
80170438 326
80170448 326
80170452 326
80170453 326
80170466 326
80170467 326
80170498 326
80170499 326
80170504 326
80170506 326
80170508 326
80170509 326
80170513 326
80170524 326
80170525 326
80170526 326
80170529 326
80170532 326
80170533 326
80170534 326
80170535 326
80170553 326
80170555 326
80170558 326
80170559 326
80185398 315
80185399 315
80193998 315
80193999 315
80197791 345
80207524 326
80207525 326
80207526 326
80207529 326
80216713 399
80223326 391
80223327 391
80230625 307
80231963 307
80232623 329
80237503 307
80239062 307
80239063 307
80242168 364
80242170 364
80242172 364
80242173 364
80254623 334
80256681 307
80256795 307
80261031 418
80264105 307
80264868 307
80264869 307
80264870 307
80283982 326
80283983 326
80284655 307
80290204 307
80290205 307
80290206 307
80290215 307
80291483 410
80293831 315
80300086 307
80300087 307
80312185 315
80312507 361
80313257 307
80315423 307
80316619 307
80317439 334
80329499 334
80332699 307
80344953 307
80344955 307
80344991 307
80345042 307
80345043 307
80348424 391
80348426 391
80348428 391
80348429 391
80348433 391
80348438 391
80348439 391
80348447 391
80356114 334
80356115 334
80356118 334
80356119 334
80356121 334
80357470 307
80357471 307
80362766 334
80362767 334
80365913 315
80365918 315
80365919 315
80365927 315
80367215 315
80367225 315
80367442 307
80367443 307
80368063 334
80368255 307
80368681 307
80368761 307
80368777 307
80369102 334
80369103 334
80369110 334
80369111 334
80369193 334
80369279 334
80369407 307
80370427 307
80372763 315
80373054 315
80373055 315
80373159 334
80373673 334
80374271 334
80374780 334
80374781 334
80374782 334
80377627 315
80378130 315
80378131 315
80380955 315
80382585 334
80382588 334
80382589 334
80382590 334
80382593 334
80382596 334
80382597 334
80382598 334
80382603 334
80382606 334
80382607 334
80382619 334
80384209 307
80384210 307
80384211 307
80384395 315
80384427 315
80384456 307
80384458 307
80384460 307
80384461 307
80384465 307
80384475 307
80384481 307
80384484 307
80384485 307
80384486 307
80384519 307
80384548 307
80384549 307
80384550 307
80384551 307
80384639 307
80384751 372
80384990 307
80384991 307
80385132 307
80385133 307
80385134 307
80385819 307
80387170 307
80387171 307
80387172 307
80387173 307
80387174 307
80387326 315
80387327 315
80393099 307
80393353 307
80393974 307
80393975 307
80393980 307
80393981 307
80393982 307
80393993 307
80395259 372
80396444 353
80396445 353
80396446 353
80396452 353
80396453 353
80396454 353
80396457 353
80402962 391
80402963 391
80403867 307
80406966 329
80406967 329
80406978 329
80406979 329
80407275 307
80408303 315
80410494 315
80410495 315
80414689 345
80419332 334
80419333 334
80419334 334
80419339 334
80419342 334
80419343 334
80420558 391
80420559 391
80422625 334
80423967 334
80428736 334
80428752 334
80428756 334
80428757 334
80428768 334
80428770 334
80428771 334
80428776 334
80428778 334
80428785 334
80428801 334
80428804 334
80428805 334
80428806 334
80428808 334
80428810 334
80428812 334
80428813 334
80428814 334
80428815 334
80428817 334
80428822 334
80428823 334
80428833 334
80428841 334
80428854 334
80428855 334
80452449 353
80458267 307
80460903 361
80463868 334
80463869 334
80463870 334
80466942 326
80466943 326
80475102 418
80475103 418
80475689 315
80480974 326
80480975 326
80481760 315
80481768 315
80481770 315
80481776 315
80481777 315
80481780 315
80481781 315
80482638 315
80482639 315
80486663 307
80490943 307
80495387 326
80502895 307
80503471 307
80504939 315
80504959 315
80505054 315
80505055 315
80505057 315
80513017 307
80513086 307
80513087 307
80513183 307
80513193 307
80513401 307
80513417 307
80513647 307
80513712 307
80513716 307
80513717 307
80513720 307
80513722 307
80513729 307
80513732 307
80513733 307
80513734 307
80513736 307
80513737 307
80513738 307
80513740 307
80513741 307
80513752 307
80513753 307
80513754 307
80513756 307
80513757 307
80513764 307
80513765 307
80513766 307
80513782 307
80513783 307
80513788 307
80513789 307
80513790 307
80514185 315
80514604 307
80514605 307
80514606 307
80514609 307
80514610 307
80514611 307
80514791 307
80515030 307
80515031 307
80515035 307
80515041 307
80515049 307
80515070 307
80515071 307
80515217 307
80515218 307
80515219 307
80515937 307
80516127 307
80516420 307
80516421 307
80516422 307
80516424 307
80516426 307
80516427 307
80516428 307
80516429 307
80516433 307
80516434 307
80516435 307
80516662 307
80516663 307
80516841 307
80517241 307
80517403 307
80517547 307
80518124 307
80518125 307
80518126 307
80518128 307
80518132 307
80518133 307
80518136 307
80518137 307
80518138 307
80518140 307
80518141 307
80518142 307
80518217 307
80518251 307
80518252 307
80518253 307
80518254 307
80518569 307
80519502 307
80519503 307
80519521 307
80519529 307
80519531 307
80519535 307
80520619 307
80522087 315
80524171 307
80530028 383
80530029 383
80530030 383
80530151 315
80530219 315
80533247 315
80538983 345
80540809 315
80541262 315
80541263 315
80554123 315
80554687 307
80563666 315
80563667 315
80567035 315
80571042 307
80571043 307
80571044 307
80571045 307
80571046 307
80578203 380
80578217 380
80582940 329
80582941 329
80582942 329
80582946 329
80582947 329
80582948 329
80582949 329
80582950 329
80582953 329
80582955 329
80582969 329
80582978 329
80582979 329
80588664 307
80588665 307
80588666 307
80588667 307
80588668 307
80588669 307
80592590 307
80592591 307
80605758 307
80605759 307
80606911 307
80606975 307
80607003 307
80607215 307
80608799 307
80609883 334
80609924 334
80609925 334
80609926 334
80609931 334
80609951 334
80610031 334
80611705 307
80612566 315
80612567 315
80615087 307
80623870 315
80623871 315
80631938 334
80631939 334
80631940 334
80631941 334
80631942 334
80631943 334
80631950 334
80631951 334
80631961 334
80631963 334
80631969 334
80631975 334
80631995 334
80632014 334
80632015 334
80637682 334
80637683 334
80638908 334
80638909 334
80638910 334
80638911 334
80641020 315
80641021 315
80641022 315
80641159 334
80641233 334
80641234 334
80641235 334
80641563 334
80642939 315
80643519 334
80643839 334
80646358 334
80646359 334
80649499 315
80651884 334
80651885 334
80651886 334
80656382 334
80656383 334
80656600 334
80656602 334
80656604 334
80656605 334
80657403 334
80661982 334
80661983 334
80662409 334
80665854 345
80665855 345
80667497 334
80670055 334
80672615 334
80672623 334
80674971 399
80682281 307
80685272 307
80685274 307
80685276 307
80685277 307
80685799 418
80709063 361
80711420 361
80711421 361
80711422 361
80715230 334
80715231 334
80715979 334
80715982 334
80715983 334
80715990 334
80715991 334
80716018 334
80716019 334
80716024 334
80716026 334
80716028 334
80716029 334
80716046 334
80716047 334
80716098 334
80716099 334
80716110 334
80716111 334
80716193 334
80716201 334
80716455 334
80716479 334
80716543 334
80716735 334
80719704 334
80719705 334
80719706 334
80719708 334
80719709 334
80719710 334
80719711 334
80725240 334
80725242 334
80725244 334
80725245 334
80730863 334
80735975 418
80744897 334
80744898 334
80744899 334
80747675 334
80747679 334
80747768 334
80747770 334
80747772 334
80747773 334
80748201 334
80748792 334
80748794 334
80748796 334
80748797 334
80748818 334
80748819 334
80759295 334
80760167 334
80773116 334
80773117 334
80773118 334
80780982 353
80780983 353
80781311 334
80785703 342
80787297 334
80789404 372
80789405 372
80789406 372
80796894 334
80796895 334
80800039 307
80800041 307
80811623 353
80816287 334
80821302 353
80821303 353
80824361 353
80849078 342
80849079 342
80852903 334
80852905 334
80853023 334
80856827 345
80859090 307
80859091 307
80859105 307
80865921 307
80867567 418
80871908 342
80871909 342
80871910 342
80874366 315
80874367 315
80874537 315
80874553 315
80874555 315
80874702 315
80874703 315
80874770 315
80874771 315
80874793 315
80874998 315
80874999 315
80875295 315
80875335 315
80875342 315
80875343 315
80875433 315
80875465 315
80875492 315
80875493 315
80875494 315
80875495 315
80875497 315
80875591 315
80879471 315
80900750 334
80900751 334
80904670 334
80904671 334
80918494 353
80918495 353
80919964 315
80919965 315
80919966 315
80948475 326
80949243 326
80949993 315
80951547 437
80952833 307
80955138 307
80955139 307
80955143 307
80961081 315
80969358 353
80969359 353
80976319 353
80977691 353
80977919 353
80986761 353
80991230 334
80991231 334
80992897 315
80994940 315
80994941 315
80994942 315
81003247 334
81006030 391
81006031 391
81007881 334
81008833 334
81008834 334
81008835 334
81008839 334
81010142 315
81010143 315
81017814 334
81017815 334
81020990 334
81020991 334
81024875 334
81025590 334
81025591 334
81035260 326
81035261 326
81035262 326
81037266 353
81037267 353
81037698 315
81037699 315
81037700 315
81037701 315
81037702 315
81037703 315
81037710 315
81037711 315
81037724 315
81037725 315
81037726 315
81037729 315
81047521 326
81049042 315
81049043 315
81061995 372
81063010 326
81063011 326
81063012 326
81063013 326
81063014 326
81063023 326
81064073 334
81069996 334
81069997 334
81069998 334
81070673 334
81070674 334
81070675 334
81073120 334
81073128 334
81073130 334
81073136 334
81073137 334
81073140 334
81073141 334
81073142 334
81073143 334
81073147 334
81073691 334
81074092 315
81074093 315
81074094 315
81077758 334
81077759 334
81078127 334
81082556 334
81082557 334
81082558 334
81090025 391
81090769 334
81090770 334
81090771 334
81094747 391
81097115 334
81104111 334
81107833 353
81107838 353
81107839 353
81118703 315
81118785 315
81118786 315
81118787 315
81120062 353
81120063 353
81120415 353
81122119 342
81127990 315
81127991 315
81128441 315
81158655 334
81176431 353
81179000 353
81179002 353
81179004 353
81179005 353
81180994 342
81180995 342
81180999 342
81181006 342
81181007 342
81182785 372
81182786 372
81182787 372
81182802 372
81182803 372
81182814 372
81182815 372
81182823 372
81190380 372
81190381 372
81190382 372
81190390 372
81190391 372
81191039 342
81193067 307
81194411 307
81195708 307
81195709 307
81195710 307
81195711 353
81198171 342
81200923 334
81205726 334
81205727 334
81206043 334
81207822 307
81207823 307
81229897 315
81234825 315
81240815 307
81240935 307
81250171 334
81251431 399
81251433 399
81255151 307
81256825 307
81256950 307
81256951 307
81262296 307
81262297 307
81262298 307
81262300 307
81262301 307
81262313 307
81264368 307
81264372 307
81264373 307
81264376 307
81264377 307
81264378 307
81264393 307
81271527 334
81280982 326
81280983 326
81281055 326
81282370 307
81282371 307
81287145 307
81306111 394
81309439 315
81311132 380
81311133 380
81311134 380
81318910 334
81318911 334
81320735 315
81327263 310
81328751 315
81333378 315
81333379 315
81333380 315
81333381 315
81333382 315
81333401 315
81336946 345
81336947 345
81345311 334
81348777 315
81349273 315
81349275 315
81349279 315
81372955 334
81379312 307
81379316 307
81379317 307
81379320 307
81379322 307
81386923 391
81389369 315
81408235 342
81409727 334
81411038 334
81411039 334
81411615 334
81412903 315
81413147 315
81413759 315
81415295 334
81421247 315
81421790 315
81421791 315
81425455 315
81438350 334
81438351 334
81444665 372
81444670 372
81444671 372
81452191 372
81452444 315
81452445 315
81452446 315
81452459 315
81452799 315
81453138 315
81453139 315
81456687 315
81456809 334
81457931 334
81462503 315
81464548 315
81464549 315
81464550 315
81464562 315
81464563 315
81464568 315
81464570 315
81464572 315
81464573 315
81465601 315
81465602 315
81465603 315
81465611 315
81465614 315
81465615 315
81465631 315
81465639 315
81465641 315
81465654 315
81465655 315
81465657 315
81465671 315
81465686 315
81465687 315
81465689 315
81465691 315
81465694 315
81465695 315
81465721 315
81465759 315
81466311 315
81467265 315
81469714 315
81469715 315
81470798 315
81470799 315
81470801 315
81470802 315
81470803 315
81470911 315
81471358 315
81471359 315
81471403 315
81471817 315
81475049 315
81477151 315
81478887 353
81479276 315
81479277 315
81479278 315
81479279 315
81479289 315
81479300 315
81479301 315
81479302 315
81479307 315
81479310 315
81479311 315
81479401 315
81479423 315
81482178 315
81482179 315
81487983 334
81491623 334
81491625 334
81492199 334
81492935 334
81493326 334
81493327 334
81493330 334
81493331 334
81493759 310
81499929 372
81499931 372
81503996 310
81503997 310
81503998 310
81503999 310
81505334 399
81505335 399
81511977 394
81516530 315
81516531 315
81519551 315
81519855 315
81521145 315
81523739 315
81525868 315
81525869 315
81525870 315
81526148 315
81526149 315
81526150 315
81526155 315
81526171 315
81526172 315
81526173 315
81526174 315
81526175 315
81526177 315
81526270 315
81526271 315
81526399 315
81526710 315
81526711 315
81531963 307
81535753 372
81538505 315
81538507 315
81538510 315
81538511 315
81551328 334
81551336 334
81551338 334
81551344 334
81551345 334
81551348 334
81551349 334
81554343 353
81557023 315
81561662 315
81561663 315
81562735 315
81566774 334
81566775 334
81569903 307
81569931 326
81574878 307
81574879 307
81574896 307
81574900 307
81574901 307
81574902 307
81574903 307
81574904 307
81574906 307
81574908 307
81574909 307
81574910 307
81579001 307
81603996 315
81603997 315
81603998 315
81603999 315
81615378 372
81615379 372
81615387 372
81615409 372
81615410 372
81615411 372
81615417 372
81615431 372
81618287 310
81628726 364
81628727 364
81641887 426
81649801 326
81654815 307
81669225 315
81677540 361
81677541 361
81677542 361
81677554 361
81677555 361
81677569 361
81677570 361
81677571 361
81677577 361
81682400 310
81682408 310
81682410 310
81682416 310
81682417 310
81682420 310
81682421 310
81691327 334
81695585 334
81709657 315
81709662 315
81709663 315
81709665 315
81709671 315
81709676 315
81709677 315
81709678 315
81709680 315
81709684 315
81709685 315
81709688 315
81709689 315
81709690 315
81709695 315
81709697 315
81709721 315
81709724 315
81709725 315
81709726 315
81709729 315
81709730 315
81709731 315
81709732 315
81709733 315
81709734 315
81709737 315
81724319 334
81724329 334
81732080 315
81732084 315
81732085 315
81732088 315
81732090 315
81732097 315
81737257 315
81737345 315
81737849 315
81737953 315
81739090 315
81739091 315
81739417 315
81739419 315
81741371 315
81741374 315
81741375 315
81741439 315
81741449 315
81741727 315
81746270 315
81746271 315
81746297 315
81746367 315
81746543 315
81746641 315
81746642 315
81746643 315
81746646 315
81746647 315
81746971 315
81747254 315
81747255 315
81748446 315
81748447 315
81750123 315
81755387 315
81755439 342
81755483 315
81756793 315
81756795 315
81757031 315
81758862 315
81758863 315
81761081 315
81761095 315
81761913 342
81762073 315
81762463 315
81762479 315
81762631 315
81764025 315
81764027 315
81766399 326
81768775 315
81770655 315
81772498 315
81772499 315
81772502 315
81772503 315
81773028 315
81773029 315
81773030 315
81773035 315
81773223 315
81773255 315
81773262 315
81773263 315
81773609 315
81774902 315
81774903 315
81775643 380
81777321 315
81782815 315
81794754 353
81794755 353
81812207 342
81813822 315
81813823 315
81816289 315
81817232 315
81817236 315
81817237 315
81817240 315
81817242 315
81817249 315
81817250 315
81817251 315
81817260 315
81817261 315
81817262 315
81817263 315
81817264 315
81817265 315
81817266 315
81817267 315
81817268 315
81817269 315
81817272 315
81817274 315
81817276 315
81817277 315
81817278 315
81817281 315
81817282 315
81817283 315
81817287 315
81817289 315
81817291 315
81817294 315
81817295 315
81817297 315
81817298 315
81817299 315
81817313 315
81817323 315
81817334 315
81817335 315
81817339 315
81817340 315
81817341 315
81817342 315
81817375 315
81817417 315
81817432 315
81817434 315
81817436 315
81817437 315
81817464 315
81817466 315
81817468 315
81817469 315
81817627 315
81817678 315
81817679 315
81817694 315
81817695 315
81817839 315
81817887 315
81817895 315
81817903 315
81817913 315
81819602 315
81819603 315
81819785 315
81819807 315
81821000 315
81821002 315
81821004 315
81821005 315
81821009 315
81821543 315
81825564 315
81825565 315
81825566 315
81829823 315
81830631 342
81831289 315
81831327 315
81831806 342
81831807 342
81831839 342
81838575 353
81839387 315
81839894 315
81839895 315
81839897 315
81843527 315
81844642 315
81844643 315
81844644 315
81844645 315
81844646 315
81844651 315
81846329 315
81846331 315
81846345 315
81846594 315
81846595 315
81846599 315
81846606 315
81846607 315
81848831 315
81849255 315
81849279 315
81849321 315
81849339 315
81849340 315
81849341 315
81849342 315
81849343 315
81849371 315
81849438 315
81849439 315
81849442 315
81849443 315
81849444 315
81849445 315
81849446 315
81849447 315
81849503 315
81849529 353
81849531 353
81849854 315
81849855 315
81850479 315
81850527 315
81851547 315
81856379 353
81857494 334
81857495 334
81861106 315
81861107 315
81861113 315
81861799 315
81861996 315
81861997 315
81861998 315
81866574 418
81866575 418
81867271 323
81873735 315
81875081 315
81878555 315
81878569 315
81881697 361
81885993 315
81887886 323
81887887 323
81889279 315
81889505 315
81891646 353
81891647 353
81894119 361
81896321 315
81897471 315
81899263 315
81906847 334
81908271 334
81917167 323
81918969 315
81920937 334
81923972 334
81923973 334
81923974 334
81923979 334
81929881 334
81935903 315
81948065 353
81949961 399
81950969 315
81955999 315
81956007 315
81959305 326
81959707 315
81959719 399
81961211 326
81965835 342
81970857 399
81974649 334
81975275 323
81976319 323
81983442 380
81983443 380
82008743 315
82014270 353
82014271 353
82019297 353
82019305 353
82019308 353
82019309 353
82019310 353
82022567 334
82023356 323
82023357 323
82023358 323
82034303 418
82039623 334
82043047 345
82045246 334
82045247 334
82045439 334
82045801 334
82045807 334
82050751 345
82051406 323
82051407 323
82052591 307
82052655 307
82053648 307
82053652 307
82053653 307
82053656 307
82053658 307
82053666 307
82053667 307
82053675 307
82053676 307
82053677 307
82053678 307
82053691 307
82053694 307
82053695 307
82057383 326
82058338 334
82058339 334
82058340 334
82058341 334
82058342 334
82058479 315
82059755 315
82073977 323
82074056 334
82074058 334
82074060 334
82074061 334
82074065 334
82074075 334
82074241 315
82075071 315
82076955 323
82076982 323
82076983 323
82076999 323
82081097 334
82082568 334
82082570 334
82082572 334
82082573 334
82082577 334
82082582 334
82082583 334
82082599 334
82082601 334
82083297 334
82088427 334
82091687 334
82091867 334
82110311 315
82111593 315
82113060 315
82113061 315
82113062 315
82113071 315
82113097 315
82113627 315
82114070 315
82114071 315
82114073 315
82114155 315
82114169 315
82114459 315
82116841 315
82117615 315
82120841 315
82121211 315
82121212 315
82121213 315
82121214 315
82121215 315
82123164 315
82123165 315
82123166 315
82123318 315
82123319 315
82123483 315
82123870 334
82123871 334
82126383 315
82128111 315
82130459 315
82130857 315
82130898 315
82130899 315
82132242 315
82132243 315
82136318 315
82136319 315
82136559 315
82140847 307
82142395 315
82142881 334
82149147 307
82153270 307
82153271 307
82155771 334
82159039 315
82167502 315
82167503 315
82168991 307
82172651 307
82173931 307
82175999 315
82176056 315
82176058 315
82176060 315
82176061 315
82176065 315
82176066 315
82176067 315
82176071 315
82176747 315
82179260 315
82179261 315
82179262 315
82179294 315
82179295 315
82179556 315
82179557 315
82179558 315
82179574 315
82179575 315
82179803 315
82180203 315
82184299 315
82187346 399
82187347 399
82188059 315
82188793 315
82190225 399
82190226 399
82190227 399
82191103 361
82191233 315
82191851 315
82193671 361
82195823 315
82197119 315
82200987 372
82200991 372
82201038 372
82201039 372
82201078 372
82201079 372
82201106 372
82201107 372
82201142 372
82201143 372
82201199 372
82201217 372
82203548 315
82203549 315
82203550 315
82203559 315
82203563 315
82204030 334
82204031 334
82213375 334
82214416 334
82214420 334
82214421 334
82214424 334
82214426 334
82214434 334
82214435 334
82214443 334
82214444 334
82214445 334
82214446 334
82214457 334
82214507 315
82214508 334
82214509 334
82214510 334
82214511 334
82214527 334
82214537 334
82215643 334
82216383 315
82222334 323
82222335 323
82227070 334
82227071 334
82227391 334
82230782 315
82230783 315
82240127 372
82249422 315
82249423 315
82249855 315
82256831 361
82264257 353
82264258 353
82264259 353
82264263 353
82264863 315
82267006 315
82267007 315
82271167 315
82271694 315
82271695 315
82271950 315
82271951 315
82278200 315
82278202 315
82278204 315
82278205 315
82278206 315
82278207 315
82281631 315
82282814 315
82282815 315
82283662 323
82283663 323
82283943 334
82283947 334
82284199 334
82286558 334
82286559 334
82288566 323
82288567 323
82288572 323
82288573 323
82288574 323
82288583 323
82290416 353
82290420 353
82290421 353
82290424 353
82290426 353
82290759 380
82291369 315
82294782 315
82294783 315
82297887 315
82298104 353
82298106 353
82298108 353
82298109 353
82298750 323
82298751 323
82305983 323
82313959 315
82352636 315
82352637 315
82352638 315
82359961 380
82364086 315
82364087 315
82371615 334
82380039 353
82380335 315
82381366 315
82381367 315
82389921 307
82390153 307
82391483 380
82392871 353
82396455 399
82404353 353
82404354 353
82404355 353
82404359 353
82412626 315
82412627 315
82413334 315
82413335 315
82413337 315
82413756 315
82413757 315
82413758 315
82414759 315
82420281 353
82421756 353
82421757 353
82421758 353
82424126 315
82424127 315
82430305 353
82446658 326
82446659 326
82446663 326
82446699 326
82448329 315
82455129 315
82456303 380
82459263 315
82465903 380
82466017 380
82466027 380
82481193 307
82497311 372
82510527 315
82510561 315
82511143 315
82520283 361
82520423 315
82520519 315
82521753 315
82522151 315
82522337 315
82522567 315
82522590 315
82522591 315
82526369 315
82526633 315
82541503 315
82542332 315
82542333 315
82542334 315
82542751 315
82544777 361
82552807 353
82553340 437
82553341 437
82553342 437
82553980 353
82553981 353
82553982 353
82554215 353
82555833 353
82555835 353
82555836 353
82555837 353
82555838 353
82555847 353
82557727 353
82558203 353
82558934 391
82558935 391
82566098 315
82566099 315
82566555 315
82569215 391
82569287 315
82569289 315
82569385 315
82571423 315
82575535 315
82588911 334
82590526 334
82590527 334
82599151 334
82599207 315
82599422 315
82599423 315
82603039 315
82603439 315
82604016 315
82604020 315
82604021 315
82604024 315
82604026 315
82605167 315
82605993 334
82607743 361
82614043 380
82616571 334
82617337 380
82623900 307
82623901 307
82623902 307
82633694 334
82633695 334
82633934 353
82633935 353
82648172 353
82648173 353
82648174 353
82650590 315
82650591 315
82650751 315
82653138 380
82653139 380
82653183 307
82653743 315
82656927 315
82659099 315
82660681 307
82662059 323
82662063 323
82662697 315
82663990 315
82663991 315
82667010 334
82667011 334
82667012 334
82667013 334
82667014 334
82667019 334
82667041 334
82667647 334
82671369 323
82676873 307
82682183 307
82683751 380
82686345 334
82689791 326
82696587 361
82706951 315
82711282 307
82711283 307
82727655 307
82728928 353
82728936 353
82728938 353
82728944 353
82728945 353
82728948 353
82728949 353
82730623 307
82747803 307
82748289 307
82752751 307
82755751 407
82756050 391
82756051 391
82760574 380
82760575 380
82760702 380
82760703 380
82763470 307
82763471 307
82763768 307
82763770 307
82763772 307
82763773 307
82763774 307
82763775 307
82779113 315
82780955 464
82791928 342
82791930 342
82791932 342
82791933 342
82791934 342
82791935 342
82798127 315
82801662 307
82801663 307
82801697 307
82808777 315
82809471 334
82810183 315
82828443 342
82837615 315
82839291 315
82839292 315
82839293 315
82839294 315
82839295 315
82854063 315
82870791 323
82874779 315
82877417 323
82882719 307
82904731 334
82905252 334
82905253 334
82905254 334
82905270 334
82905271 334
82907842 334
82907843 334
82907903 334
82911655 334
82920331 388
82922126 323
82922127 323
82922523 323
82923055 361
82924022 361
82924023 361
82924201 323
82924521 323
82926335 323
82926846 323
82926847 323
82927670 323
82927671 323
82928379 323
82928487 323
82928606 445
82928607 445
82930494 323
82930495 323
82935547 323
82938347 334
82947081 323
82947790 334
82947791 334
82948271 323
82948295 323
82950811 380
82967679 361
82968423 307
82973164 334
82973165 334
82973166 334
82973170 334
82973171 334
82973177 334
82973180 334
82973181 334
82973182 334
82974294 315
82974295 315
82974297 315
82974302 315
82974303 315
82979090 334
82979091 334
82979193 334
82979753 334
82982866 334
82982867 334
82983505 399
82983506 399
82983507 399
82984203 304
82984206 304
82984207 304
82997359 388
82998831 342
82998833 342
82998834 342
82998835 342
82998913 342
82999441 342
82999442 342
82999443 342
82999455 342
83000257 315
83000258 315
83000259 315
83000507 342
83005099 304
83005607 304
83022183 323
83025769 315
83028686 315
83028687 315
83033102 315
83033103 315
83033106 315
83033107 315
83033115 315
83038116 304
83038117 304
83038118 304
83041698 315
83041699 315
83041700 315
83041701 315
83041702 315
83041708 315
83041709 315
83041710 315
83041735 315
83047867 315
83050623 307
83051385 307
83052290 307
83052291 307
83052295 307
83054729 304
83054966 334
83054967 334
83054971 334
83066110 334
83066111 334
83066623 334
83068027 380
83068031 380
83074641 304
83074642 304
83074643 304
83074651 304
83076705 304
83076719 304
83077145 307
83077147 307
83077151 307
83077496 307
83077498 307
83077500 307
83077501 307
83077513 307
83077545 307
83077851 307
83077915 307
83077919 307
83077950 307
83077951 307
83078044 307
83078045 307
83078046 307
83079655 342
83079871 307
83080383 307
83080895 307
83080898 307
83080899 307
83081721 307
83081895 307
83084123 323
83087051 315
83087582 315
83087583 315
83088566 342
83088567 342
83088575 342
83089208 380
83089210 380
83089212 380
83089213 380
83091527 315
83093028 315
83093029 315
83093030 315
83093031 315
83093083 315
83093319 334
83094782 304
83094783 304
83094953 304
83098590 304
83098591 304
83112991 334
83114267 334
83125851 307
83125887 307
83126571 380
83126599 380
83133147 334
83138303 307
83138312 334
83138314 334
83138316 334
83138317 334
83138321 334
83138326 334
83138327 334
83141385 315
83141438 315
83141439 315
83141545 315
83141622 315
83141623 315
83141625 315
83141627 315
83141886 304
83141887 304
83142427 304
83144731 380
83153055 315
83162347 399
83165182 315
83165183 315
83170375 388
83174427 399
83174710 315
83174711 315
83176849 307
83176850 307
83176851 307
83176854 307
83176855 307
83176857 307
83176859 307
83177750 315
83177751 315
83177753 315
83177755 315
83177897 315
83193489 304
83193490 304
83193491 304
83193499 304
83193840 315
83193844 315
83193845 315
83193848 315
83193850 315
83196703 304
83196713 304
83196777 304
83196783 304
83196798 304
83196799 304
83196907 315
83200956 315
83200957 315
83200958 315
83202254 315
83202255 315
83202424 315
83202426 315
83202428 315
83202429 315
83202454 315
83202455 315
83202457 315
83202460 315
83202461 315
83202462 315
83202465 315
83202466 315
83202467 315
83202468 315
83202469 315
83202470 315
83202476 315
83202477 315
83202478 315
83202479 315
83202514 315
83202515 315
83202667 315
83202719 315
83203070 315
83203071 315
83203966 315
83203967 315
83205673 315
83208443 315
83208569 361
83211692 315
83211693 315
83211694 315
83211849 315
83219138 361
83219139 361
83234556 326
83234557 326
83234558 326
83234559 326
83235583 307
83239094 418
83239095 418
83263585 315
83263591 315
83263647 315
83275967 342
83284671 315
83284715 315
83294911 334
83296255 334
83308655 380
83311593 342
83317321 342
83322476 353
83322477 353
83322478 353
83322479 353
83322482 353
83322483 353
83322505 353
83322530 353
83322531 353
83322532 353
83322533 353
83322534 353
83322577 353
83322578 353
83322579 353
83322587 353
83322590 353
83322591 353
83322593 353
83322603 353
83322604 353
83322605 353
83322606 353
83322619 353
83322628 353
83322629 353
83322630 353
83322632 353
83322634 353
83322636 353
83322637 353
83322638 353
83322639 353
83322641 353
83322642 353
83322643 353
83322690 353
83322691 353
83322697 353
83322702 353
83322703 353
83322706 353
83322707 353
83322715 353
83323391 334
83326217 315
83326233 315
83326249 315
83326255 315
83326262 315
83326263 315
83327259 315
83328303 326
83329678 342
83329679 342
83330471 315
83330539 315
83331561 304
83335417 315
83335867 315
83336128 315
83336144 315
83336148 315
83336149 315
83336160 315
83336162 315
83336163 315
83336168 315
83336170 315
83336177 315
83336193 315
83336200 315
83336202 315
83336204 315
83336205 315
83336209 315
83336210 315
83336211 315
83336214 315
83336215 315
83336217 315
83336220 315
83336221 315
83336222 315
83336239 315
83336257 315
83336258 315
83336259 315
83336286 315
83336287 315
83336319 315
83336489 315
83337409 315
83337410 315
83337411 315
83337415 315
83337631 315
83337707 315
83341257 315
83343838 315
83343839 315
83343903 315
83343975 315
83343986 315
83343987 315
83348903 315
83348961 315
83348975 315
83350441 315
83350763 304
83352303 315
83365631 304
83369727 380
83386619 334
83391446 315
83391447 315
83397138 391
83397139 391
83400843 426
83402025 323
83403726 304
83403727 304
83406286 304
83406287 304
83406564 315
83406565 315
83406566 315
83406572 315
83406573 315
83406574 315
83406585 315
83406827 315
83406831 315
83406939 315
83407487 304
83409218 315
83409219 315
83411249 304
83411250 304
83411251 304
83411256 304
83411258 304
83411259 304
83411260 304
83411261 304
83411266 304
83411267 304
83411272 304
83411274 304
83411276 304
83411277 304
83411281 304
83411282 304
83411283 304
83413151 334
83415483 304
83415484 304
83415485 304
83415486 304
83415487 304
83421561 304
83428028 315
83428029 315
83428030 315
83428905 304
83429147 307
83442151 304
83442172 304
83442173 304
83442174 304
83466731 437
83483632 361
83483636 361
83483637 361
83483640 361
83483642 361
83487911 361
83491311 334
83503975 334
83515563 361
83520620 380
83520621 380
83520622 380
83525755 342
83525756 342
83525757 342
83525758 342
83528636 334
83528637 334
83528638 334
83528807 334
83529238 361
83529239 361
83529241 361
83530206 334
83530207 334
83530446 334
83530447 334
83531305 334
83533054 342
83533055 342
83536626 361
83536627 361
83537435 342
83537991 342
83543199 334
83544996 342
83544997 342
83544998 342
83554921 334
83554927 334
83557481 380
83557503 380
83571484 307
83571485 307
83571486 307
83571489 307
83571499 307
83571537 307
83571538 307
83571539 307
83571547 307
83576449 372
83591003 361
83591009 361
83591017 361
83591033 361
83591083 361
83591118 361
83591119 361
83591126 361
83591127 361
83591151 361
83615058 388
83615059 388
83627111 361
83627553 361
83628897 356
83632831 304
83646134 342
83646135 342
83646161 342
83646162 342
83646163 342
83665289 304
83675625 342
83678718 334
83678719 334
83679096 334
83679098 334
83679100 334
83679101 334
83679391 334
83679403 334
83679438 334
83679439 334
83679457 334
83680292 334
83680293 334
83680294 334
83680295 334
83680297 334
83680751 334
83682168 334
83682170 334
83682172 334
83682173 334
83682177 334
83682178 334
83682179 334
83682180 334
83682181 334
83682182 334
83682183 334
83682297 304
83684568 334
83684569 334
83684570 334
83684572 334
83684573 334
83689243 342
83707049 304
83707358 304
83707359 304
83711007 315
83711465 315
83716073 315
83716423 315
83716425 315
83717759 334
83718462 315
83718463 315
83721628 334
83721629 334
83721630 334
83724447 315
83738363 334
83739369 315
83744508 361
83744509 361
83744510 361
83761090 315
83761091 315
83761095 315
83761329 334
83761330 334
83761331 334
83761337 334
83761340 334
83761341 334
83761342 334
83761343 334
83766271 315
83768190 315
83768191 315
83776169 334
83776239 334
83776327 334
83776545 334
83780796 361
83780797 361
83780798 361
83782110 342
83782111 342
83789852 304
83789853 304
83789854 304
83789857 304
83789865 304
83791449 315
83791454 315
83791455 315
83793855 342
83794904 315
83794906 315
83794908 315
83794909 315
83794919 315
83799275 304
83813147 315
83814465 315
83814466 315
83814467 315
83818215 323
83822719 361
83824846 342
83824847 342
83826623 361
83837468 372
83837469 372
83837470 372
83837473 372
83837479 372
83854561 334
83857656 334
83857658 334
83857660 334
83857661 334
83883970 304
83883971 304
83883975 304
83883977 304
83884030 304
83884031 304
83884801 388
83884802 388
83884803 388
83884809 388
83885118 372
83885119 372
83889718 361
83889719 361
83893758 326
83893759 326
83899192 361
83899194 361
83899195 361
83899196 361
83899197 361
83910353 445
83910354 445
83910355 445
83910363 445
83910366 445
83910367 445
83912843 361
83920713 323
83921489 323
83921490 323
83921491 323
83921947 323
83923705 361
83923708 361
83923709 361
83923710 361
83947687 326
83960367 304
83965906 399
83965907 399
83980891 315
83988991 361
83993839 361
84001425 304
84001426 304
84001427 304
84001433 304
84001457 304
84001458 304
84001459 304
84001465 304
84001468 304
84001469 304
84001470 304
84001479 304
84001543 304
84007967 304
84012585 399
84035812 315
84035813 315
84035814 315
84035969 315
84035979 315
84036255 315
84036359 315
84036399 315
84038331 315
84038980 315
84038981 315
84038982 315
84038984 315
84038986 315
84038987 315
84038988 315
84038989 315
84042846 315
84042847 315
84043254 315
84043255 315
84043470 315
84043471 315
84051439 304
84051638 369
84051639 369
84051931 304
84053458 304
84053459 304
84054006 304
84054007 304
84055131 342
84055177 342
84055433 304
84055919 304
84057601 304
84057721 304
84057737 304
84057881 304
84057883 304
84057934 304
84057935 304
84058239 304
84059080 304
84059082 304
84059084 304
84059085 304
84059089 304
84059090 304
84059091 304
84059094 304
84059095 304
84059579 304
84059726 304
84059727 304
84059986 304
84059987 304
84060018 426
84060019 426
84060022 426
84060023 426
84060024 426
84060026 426
84060028 426
84060029 426
84060519 304
84061938 304
84061939 304
84061947 304
84061951 304
84063263 304
84078736 304
84078740 304
84078741 304
84078744 304
84078746 304
84078754 304
84078755 304
84078763 304
84078846 304
84078847 304
84078910 304
84078911 304
84079259 315
84079335 315
84079359 315
84079448 315
84079450 315
84079452 315
84079453 315
84079481 315
84079483 315
84079497 315
84079753 315
84079960 304
84079962 304
84079964 304
84079965 304
84079977 304
84079980 304
84079981 304
84079982 304
84079983 304
84080761 304
84082233 304
84082529 361
84086923 315
84087929 315
84091170 304
84091171 304
84091172 304
84091173 304
84091174 304
84091177 304
84091179 304
84091214 304
84091215 304
84100065 380
84105214 315
84105215 315
84111263 315
84111871 315
84112103 315
84112543 315
84112875 315
84115678 380
84115679 380
84116715 315
84116857 315
84119625 304
84120289 304
84125326 304
84125327 304
84131231 323
84131481 323
84131836 323
84131837 323
84131838 323
84132217 323
84132891 323
84133355 323
84134162 323
84134163 323
84135934 334
84135935 334
84138311 323
84138735 315
84139775 315
84143995 323
84144127 323
84144555 323
84147967 315
84154879 304
84181385 304
84182203 342
84188120 315
84188122 315
84188124 315
84188125 315
84188126 315
84188127 315
84188135 315
84188399 315
84190879 323
84192924 361
84192925 361
84192926 361
84195297 342
84201353 361
84203289 361
84203291 361
84204022 361
84204023 361
84210631 361
84216767 315
84221417 353
84221419 353
84222168 323
84222170 323
84222172 323
84222173 323
84239519 315
84239838 315
84239839 315
84245951 315
84248219 315
84248223 315
84250267 353
84257522 361
84257523 361
84257531 361
84260694 361
84260695 361
84260715 361
84260719 361
84260731 361
84260777 361
84261191 361
84264959 315
84265185 315
84267335 315
84267425 315
84267807 315
84270575 361
84272612 315
84272613 315
84272614 315
84273321 361
84273391 315
84279096 361
84279098 361
84279099 361
84279100 361
84279101 361
84279111 361
84281631 315
84287259 342
84292975 361
84296952 380
84296954 380
84296956 380
84296957 380
84301506 307
84301507 307
84310290 380
84310291 380
84319186 342
84319187 342
84350399 426
84354526 342
84354527 342
84367996 307
84367997 307
84367998 307
84371934 342
84371935 342
84372895 369
84374750 399
84374751 399
84374756 399
84374757 399
84374758 399
84374761 399
84374767 304
84377998 304
84377999 304
84382441 361
84386809 334
84398904 361
84398906 361
84398907 361
84398908 361
84398909 361
84404967 323
84405001 323
84417630 315
84417631 315
84430985 315
84431326 315
84431327 315
84432850 315
84432851 315
84447147 323
84451753 323
84454052 323
84454053 323
84454054 323
84454057 323
84456091 323
84457385 334
84459296 334
84459304 334
84459306 334
84459312 334
84459316 334
84459317 334
84459329 334
84459332 334
84459333 334
84459334 334
84459339 334
84459353 334
84459358 334
84459359 334
84459360 334
84459368 334
84459370 334
84459376 334
84459377 334
84459378 334
84459379 334
84459380 334
84459381 334
84459382 334
84459383 334
84459384 334
84459386 334
84459388 334
84459389 334
84459394 334
84459395 334
84459399 334
84459431 334
84459440 334
84459444 334
84459445 334
84459448 334
84459450 334
84459452 334
84459453 334
84459454 334
84459457 334
84459480 334
84459482 334
84459483 334
84459484 334
84459485 334
84459486 334
84459487 334
84459504 334
84459508 334
84459509 334
84459510 334
84459511 334
84459512 334
84459513 334
84459514 334
84459515 334
84460187 315
84484233 323
84491401 361
84524207 315
84524286 315
84524287 315
84530043 315
84531262 342
84531263 342
84531687 315
84534956 372
84534957 372
84534958 372
84539903 304
84542143 315
84555423 315
84558066 315
84558067 315
84558873 315
84558875 315
84585561 315
84586908 418
84586909 418
84586910 418
84587803 315
84595970 315
84595971 315
84595975 315
84598175 361
84600318 342
84600319 342
84608795 323
84609849 315
84613863 315
84614252 342
84614253 342
84614254 342
84622639 342
84626975 342
84630127 315
84630255 315
84643243 315
84643307 315
84643326 315
84643327 315
84643335 315
84646898 399
84646899 399
84646902 399
84646903 399
84655004 342
84655005 342
84655006 342
84655007 342
84656427 315
84660777 342
84662006 342
84662007 342
84665323 323
84665324 323
84665325 323
84665326 323
84665327 323
84665337 323
84666695 323
84666879 323
84666929 315
84666930 315
84666931 315
84668238 315
84668239 315
84668690 342
84668691 342
84668866 342
84668867 342
84670076 315
84670077 315
84670078 315
84672846 323
84672847 323
84674407 342
84674665 342
84677147 323
84677769 323
84678503 342
84679451 323
84680673 323
84682891 342
84682894 342
84682895 342
84682897 342
84682898 342
84682899 342
84682911 342
84682919 342
84684598 315
84684599 315
84684793 323
84684795 323
84684831 323
84684857 315
84684859 315
84684882 315
84684883 315
84684953 315
84684969 315
84685039 315
84685051 315
84685915 342
84686591 380
84687721 315
84687881 323
84694891 315
84694905 315
84695131 361
84696239 380
84696423 315
84697310 315
84697311 315
84697486 361
84697487 361
84699518 323
84699519 323
84704353 399
84705279 334
84708585 337
84712289 323
84718623 323
84718719 323
84721607 342
84721609 342
84726427 342
84731460 342
84731461 342
84731462 342
84731464 342
84731466 342
84731467 342
84731468 342
84731469 342
84731480 342
84731482 342
84731484 342
84731485 342
84731490 342
84731491 342
84731492 342
84731493 342
84731494 342
84731527 342
84731537 342
84731538 342
84731539 342
84731548 342
84731549 342
84731550 342
84731559 342
84731574 342
84731575 342
84731577 342
84731579 342
84731580 342
84731581 342
84731582 342
84731586 342
84731587 342
84731595 342
84731617 342
84755695 342
84756807 315
84762617 315
84768514 342
84768515 342
84768519 342
84780971 323
84786539 334
84787344 323
84787348 323
84787349 323
84787352 323
84787354 323
84787362 323
84787363 323
84787372 323
84787373 323
84787374 323
84787377 323
84787378 323
84787379 323
84787391 323
84788295 323
84788715 323
84801723 334
84811745 323
84811823 323
84812521 342
84815615 323
84820470 315
84820471 315
84820719 315
84820763 315
84820961 315
84821028 315
84821029 315
84821030 315
84821035 315
84821046 315
84821047 315
84821049 315
84821051 315
84821054 315
84821055 315
84821064 315
84821066 315
84821068 315
84821069 315
84821070 315
84821071 315
84821073 315
84821074 315
84821075 315
84821081 315
84821100 315
84821101 315
84821102 315
84821106 315
84821107 315
84821113 315
84821129 315
84821974 315
84821975 315
84822431 315
84822459 315
84822619 315
84822761 315
84823880 315
84823881 315
84823882 315
84823884 315
84823885 315
84823889 315
84823894 315
84823895 315
84823911 315
84823967 315
84824137 315
84824402 399
84824403 399
84825247 315
84825678 315
84825679 315
84825686 315
84825687 315
84825689 315
84825691 315
84825694 315
84825695 315
84825775 315
84825809 315
84825810 315
84825811 315
84826318 315
84826319 315
84827129 315
84827132 315
84827133 315
84827134 315
84827163 315
84828319 315
84838217 391
84841609 323
84863657 315
84863870 315
84863871 315
84870526 369
84870527 369
84873654 323
84873655 323
84874055 323
84880831 315
84881426 315
84881427 315
84893961 337
84893966 337
84893967 337
84893991 337
84899993 315
84899995 315
84903003 315
84904124 315
84904125 315
84904126 315
84918911 315
84919231 315
84922345 342
84922386 342
84922387 342
84922395 342
84923854 342
84923855 342
84925170 323
84925171 323
84927825 315
84927826 315
84927827 315
84932335 342
84937078 323
84937079 323
84937199 323
84938219 361
84938223 361
84945579 342
84945583 342
84948193 304
84951019 342
84951630 342
84951631 342
84955303 342
84955375 342
84960769 342
84961769 304
84962023 342
84966966 342
84966967 342
84971556 342
84971557 342
84971558 342
84971563 342
84977230 342
84977231 342
84981310 353
84981311 353
84984487 342
84984489 342
84996735 353
84998369 342
84998614 315
84998615 315
85001764 315
85001765 315
85001766 315
85001767 315
85003499 334
85005339 380
85021435 323
85029296 369
85029300 369
85029301 369
85029304 369
85029306 369
85029313 369
85033324 342
85033325 342
85033326 342
85034119 342
85034153 342
85034156 342
85034157 342
85034158 342
85034159 342
85034161 342
85034162 342
85034163 342
85034343 342
85034351 342
85034361 342
85038043 342
85038049 342
85042815 342
85043848 342
85043850 342
85043852 342
85043853 342
85043856 342
85043860 342
85043861 342
85043862 342
85043863 342
85043864 342
85043866 342
85048059 369
85049794 342
85049795 342
85052286 361
85052287 361
85055182 426
85055183 426
85061467 342
85065673 304
85066456 304
85066458 304
85066460 304
85066461 304
85066479 304
85066617 304
85066914 304
85066915 304
85066916 304
85066917 304
85066918 304
85066921 304
85066991 304
85067134 304
85067135 304
85067423 342
85067506 342
85067507 342
85067606 342
85067607 342
85067611 342
85067623 342
85068063 342
85068686 342
85068687 342
85068708 342
85068709 342
85068710 342
85080155 304
85080667 342
85092463 307
85093001 307
85093009 307
85093010 307
85093011 307
85093017 307
85093031 307
85093458 307
85093459 307
85094308 342
85094309 342
85094310 342
85111471 380
85130087 315
85139790 342
85139791 342
85145071 361
85148297 361
85155263 315
85158793 380
85166591 323
85178360 342
85178362 342
85178363 342
85178364 342
85178365 342
85194190 323
85194191 323
85198380 350
85198381 350
85198382 350
85198385 350
85198386 350
85198387 350
85200967 323
85201150 323
85201151 323
85201403 323
85201407 323
85201643 323
85201647 323
85202162 323
85202163 323
85206353 323
85206354 323
85206355 323
85206887 407
85232894 342
85232895 342
85232898 342
85232899 342
85232903 342
85244158 380
85244159 380
85247460 361
85247461 361
85247462 361
85249014 323
85249015 323
85257447 426
85275887 361
85277183 315
85279038 304
85279039 304
85279048 304
85279050 304
85279052 304
85279053 304
85279057 304
85279300 304
85279301 304
85279302 304
85279304 304
85279306 304
85279307 304
85279308 304
85279309 304
85279318 304
85279319 304
85279527 304
85279679 304
85279702 304
85279703 304
85279881 334
85279899 334
85279913 304
85281206 304
85281207 304
85282031 304
85282046 304
85282047 304
85282683 304
85283641 315
85283833 304
85286070 315
85286071 315
85286075 315
85291958 304
85291959 304
85291961 304
85291963 304
85291967 304
85291969 304
85291970 304
85291971 304
85291995 304
85291998 304
85291999 304
85292018 304
85292019 304
85292063 304
85292335 323
85293503 304
85304233 361
85324015 304
85325851 323
85328001 323
85337883 304
85338779 342
85341599 342
85341609 342
85342639 342
85343999 323
85350140 342
85350141 342
85350142 342
85359615 342
85362079 304
85370476 334
85370477 334
85370478 334
85371903 342
85373046 323
85373047 323
85373051 323
85373055 323
85373073 323
85373074 323
85373075 323
85383393 334
85384999 323
85387433 464
85393407 350
85399713 334
85399727 334
85407073 342
85407079 342
85410312 342
85410314 342
85410316 342
85410317 342
85410320 342
85410321 342
85410324 342
85410325 342
85410328 342
85410330 342
85410338 342
85410339 342
85410347 342
85410363 342
85410369 342
85410370 342
85410371 342
85410375 342
85410385 342
85410386 342
85410387 342
85410793 342
85411387 323
85411390 323
85411391 323
85415240 342
85415242 342
85415244 342
85415245 342
85415249 342
85420302 342
85420303 342
85428958 342
85428959 342
85429214 342
85429215 342
85432987 399
85435643 342
85437211 323
85437723 350
85441401 361
85443010 342
85443011 342
85446939 361
85458468 323
85458469 323
85458470 323
85459817 361
85459838 342
85459839 342
85468169 323
85501595 342
85501599 342
85516799 342
85518076 315
85518077 315
85518078 315
85519201 361
85521906 361
85521907 361
85521913 361
85521918 361
85521919 361
85524004 350
85524005 350
85524006 350
85524015 350
85524017 350
85524018 350
85524019 350
85524022 350
85524023 350
85525897 380
85525915 380
85525927 380
85533905 380
85533906 380
85533907 380
85534590 350
85534591 350
85536726 315
85536727 315
85538119 315
85539510 315
85539511 315
85539519 315
85542683 315
85544703 315
85550060 342
85550061 342
85550062 342
85550398 342
85550399 342
85552283 315
85556466 304
85556467 304
85556542 304
85556543 304
85571022 304
85571023 304
85571201 304
85599182 304
85599183 304
85599286 304
85599287 304
85601279 304
85604031 315
85609660 315
85609661 315
85609662 315
85609678 315
85609679 315
85609887 304
85611792 315
85611796 315
85611797 315
85611800 315
85611802 315
85611808 315
85611816 315
85611818 315
85611820 315
85611821 315
85611822 315
85611824 315
85611828 315
85611829 315
85611835 315
85611841 315
85620127 304
85620455 342
85629345 334
85630806 315
85630807 315
85636854 304
85636855 304
85636860 304
85636861 304
85636862 304
85636866 304
85636867 304
85636871 304
85636875 304
85637801 353
85647103 380
85651303 315
85661110 388
85661111 388
85662414 323
85662415 323
85669302 342
85669303 342
85671225 323
85671551 304
85679670 323
85679671 323
85684546 323
85684547 323
85688300 353
85688301 353
85688302 353
85701289 323
85730943 323
85732929 315
85732930 315
85732931 315
85732945 315
85732946 315
85732947 315
85733103 315
85740955 399
85741966 304
85741967 304
85743463 304
85743531 323
85753855 323
85753977 342
85762169 342
85763062 304
85763063 304
85763067 304
85763406 350
85763407 350
85766358 342
85766359 342
85769241 304
85771433 342
85777115 323
85777343 323
85777575 323
85787751 342
85799583 304
85800607 323
85801784 380
85801785 380
85801786 380
85801788 380
85801789 380
85802238 304
85802239 304
85809976 323
85809978 323
85809979 323
85809980 323
85809981 323
85809982 323
85809983 323
85810715 323
85810719 323
85813630 323
85813631 323
85815774 342
85815775 342
85816697 323
85817084 323
85817085 323
85817086 323
85817087 323
85817566 323
85817567 323
85820444 304
85820445 304
85820446 304
85820449 304
85820577 323
85821628 304
85821629 304
85821630 304
85821753 304
85821758 304
85821759 304
85821825 304
85821826 304
85821827 304
85821828 304
85821829 304
85821830 304
85821831 304
85821838 304
85821839 304
85821865 304
85821871 304
85821953 304
85821959 304
85822006 304
85822007 304
85822009 304
85822046 304
85822047 304
85822731 323
85822759 323
85822823 323
85823103 323
85823787 304
85823841 323
85823847 323
85823852 323
85823853 323
85823854 323
85823883 323
85823899 323
85823903 323
85823915 323
85823931 323
85823932 323
85823933 323
85823934 323
85823935 323
85823937 323
85823938 323
85823939 323
85823999 323
85824159 323
85825598 323
85825599 323
85828033 304
85828034 304
85828035 304
85828062 304
85828063 304
85828174 323
85828175 323
85829247 323
85829314 323
85829315 323
85829801 323
85829906 323
85829907 323
85832423 304
85832434 304
85832435 304
85833343 304
85834239 304
85835823 304
85837518 304
85837519 304
85838217 304
85838242 323
85838243 323
85838244 323
85838245 323
85838246 323
85838249 323
85838251 323
85838256 323
85838260 323
85838261 323
85838264 323
85838266 323
85838273 323
85838319 323
85838335 323
85838463 323
85840150 304
85840151 304
85840153 304
85840159 304
85840167 304
85840175 304
85840210 304
85840211 304
85840287 304
85840322 304
85840323 304
85841307 323
85842087 304
85842795 304
85842796 304
85842797 304
85842798 304
85843463 304
85851257 342
85851689 342
85851775 361
85852638 342
85852639 342
85853048 342
85853050 342
85853051 342
85853052 342
85853053 342
85853054 342
85853055 342
85854811 323
85855099 304
85860004 380
85860005 380
85860006 380
85860007 380
85860843 304
85862847 318
85863742 361
85863743 361
85864280 318
85864282 318
85864284 318
85864285 318
85865703 304
85870030 304
85870031 304
85870761 304
85877494 323
85877495 323
85877641 323
85880999 323
85884519 323
85885089 323
85887620 323
85887621 323
85887622 323
85887627 323
85887632 323
85887636 323
85887637 323
85887640 323
85887642 323
85887643 323
85887647 323
85887650 323
85887651 323
85887652 323
85887653 323
85887654 323
85887657 323
85887755 323
85888082 323
85888083 323
85893147 304
85897593 315
85899591 323
85900651 323
85914156 342
85914157 342
85914158 342
85914161 342
85914162 342
85914163 342
85914168 342
85914170 342
85914171 342
85914172 342
85914173 342
85916027 304
85917467 361
85920155 323
85930427 342
85935822 315
85935823 315
85938987 315
85938991 315
85938998 315
85938999 315
85939135 315
85940065 304
85942270 304
85942271 304
85944184 304
85944186 304
85944188 304
85944189 304
85945087 304
85951625 318
85955241 334
85963423 304
85968897 304
85969020 304
85969021 304
85969022 304
85969643 323
85970913 304
85977535 304
85979772 304
85979773 304
85979774 304
85979881 304
85979887 304
85979975 304
85981665 380
85981673 380
85981686 380
85981687 380
85986799 304
85995679 304
85995695 372
85995894 304
85995895 304
85995896 304
85995898 304
85995900 304
85995901 304
85996775 304
86005929 315
86007113 304
86007118 304
86007119 304
86007689 304
86010015 499
86015743 318
86017583 334
86017895 334
86021423 304
86029977 304
86029993 304
86031547 304
86031614 304
86031615 304
86032718 304
86032719 304
86032807 304
86035207 304
86035209 304
86046249 323
86047118 369
86047119 369
86047132 369
86047133 369
86047134 369
86047135 369
86047151 369
86047167 369
86052192 318
86052200 318
86052202 318
86052208 318
86052209 318
86052212 318
86052213 318
86052226 318
86052227 318
86052231 318
86052238 318
86052239 318
86052241 318
86052242 318
86052243 318
86052265 318
86064671 342
86080971 323
86080982 323
86080983 323
86080987 323
86081001 323
86081016 323
86081018 323
86081020 323
86081021 323
86081025 323
86081031 323
86081033 323
86081065 323
86081078 323
86081079 323
86082495 323
86083832 304
86083834 304
86083836 304
86083837 304
86083858 304
86083859 304
86087071 323
86094591 323
86096017 304
86096018 304
86096019 304
86104512 323
86104528 323
86104532 323
86104533 323
86104544 323
86104546 323
86104547 323
86104552 323
86104554 323
86104561 323
86104578 323
86104579 323
86104585 323
86110030 323
86110031 323
86110123 323
86110652 323
86110653 323
86110654 323
86110761 323
86110951 323
86111963 323
86112169 323
86114351 323
86114366 323
86114367 323
86114425 323
86114446 323
86114447 323
86114795 323
86116265 304
86117246 323
86117247 323
86119545 323
86119553 323
86119919 323
86121819 323
86125551 323
86125822 323
86125823 323
86128923 323
86129131 323
86130863 323
86131710 323
86131711 323
86135279 323
86136175 323
86136585 323
86136601 323
86137057 323
86138233 323
86139881 323
86141439 323
86142491 323
86145183 323
86147963 323
86149689 323
86150471 388
86152239 323
86161055 323
86162159 318
86168991 380
86170607 361
86186878 350
86186879 350
86188988 350
86188989 350
86188990 350
86193462 323
86193463 323
86194264 323
86194266 323
86194268 323
86194269 323
86194274 323
86194275 323
86194276 323
86194277 323
86194278 323
86194290 323
86194291 323
86194300 323
86194301 323
86194302 323
86194306 323
86194307 323
86194308 323
86194309 323
86194310 323
86194315 323
86194318 323
86194319 323
86194329 323
86194331 323
86194337 323
86194340 323
86194341 323
86194342 323
86194343 323
86194351 323
86194382 323
86194383 323
86194390 323
86194391 323
86194392 323
86194393 323
86194394 323
86194396 323
86194397 323
86194415 323
86194479 323
86194488 323
86194490 323
86194491 323
86194492 323
86194493 323
86194742 323
86194743 323
86194769 323
86194770 323
86194771 323
86194975 323
86194983 323
86195001 323
86196975 323
86198252 323
86198253 323
86198254 323
86198262 323
86198263 323
86203062 323
86203063 323
86204159 323
86208574 350
86208575 350
86209135 361
86209673 350
86214009 323
86215615 407
86218159 323
86221915 323
86221985 323
86223161 323
86225147 323
86225223 323
86225230 323
86225231 323
86228079 323
86228110 323
86228111 323
86228143 323
86228207 323
86228216 323
86228217 323
86228218 323
86228220 323
86228221 323
86228281 323
86228534 323
86228535 323
86228651 323
86229310 323
86229311 323
86231934 315
86231935 315
86240505 323
86241234 323
86241235 323
86241449 323
86246267 426
86249967 342
86251708 304
86251709 304
86251710 304
86255231 323
86263678 342
86263679 342
86268719 331
86270422 323
86270423 323
86270697 323
86272674 361
86272675 361
86272676 361
86272677 361
86272678 361
86280670 323
86280671 323
86306732 342
86306733 342
86306734 342
86306735 342
86318761 323
86320638 361
86320639 361
86321931 304
86326023 304
86328991 323
86334113 407
86334601 361
86340475 323
86340478 323
86340479 323
86340606 323
86340607 323
86344670 334
86344671 334
86348153 334
86353919 342
86356449 304
86360111 342
86360155 342
86360782 331
86360783 331
86361881 331
86363574 304
86363575 304
86363579 304
86363580 304
86363581 304
86363582 304
86363602 304
86363603 304
86363751 304
86363759 304
86363775 304
86363833 304
86363835 304
86363839 304
86363899 304
86363906 304
86363907 304
86363911 304
86363966 304
86363967 304
86364041 304
86364076 304
86364077 304
86364078 304
86364079 304
86364139 304
86364329 304
86364391 304
86364399 304
86364402 304
86364403 304
86364409 304
86364411 304
86364434 304
86364435 304
86364443 304
86364575 304
86364603 304
86364604 304
86364605 304
86364606 304
86364607 304
86364610 304
86364611 304
86364671 304
86364699 304
86365033 304
86367486 304
86367487 304
86367975 304
86368849 304
86368850 304
86368851 304
86368857 304
86369387 388
86391231 323
86395751 323
86396041 323
86407158 361
86407159 361
86407169 361
86410523 342
86411435 331
86420639 407
86434699 342
86435081 342
86440985 331
86442235 315
86442302 315
86442303 315
86443318 323
86443319 323
86443350 315
86443351 315
86443353 315
86443358 315
86443359 315
86444159 304
86444169 304
86448289 342
86456002 304
86456003 304
86464836 342
86464837 342
86464838 342
86464840 342
86464842 342
86464843 342
86464844 342
86464845 342
86467902 331
86467903 331
86467931 331
86472265 342
86473817 342
86473831 342
86473839 342
86473849 342
86483422 342
86483423 342
86485161 342
86489977 304
86491167 388
86492201 304
86502383 323
86503041 323
86503081 323
86505938 323
86505939 323
86505950 323
86505951 323
86505977 323
86507000 323
86507002 323
86507003 323
86507004 323
86507005 323
86508369 304
86508370 304
86508371 304
86508391 304
86508991 304
86509022 388
86509023 388
86509921 323
86514134 323
86514135 323
86514526 323
86514527 323
86514529 323
86514599 323
86516585 323
86516745 323
86516918 323
86516919 323
86517326 342
86517327 342
86519975 323
86522271 323
86522857 323
86524126 323
86524127 323
86528553 388
86530441 323
86537840 304
86537844 304
86537845 304
86537848 304
86537849 304
86537850 304
86537852 304
86537853 304
86537854 304
86537855 304
86547455 315
86549921 304
86549931 304
86549932 304
86549933 304
86549934 304
86549935 304
86549982 304
86549983 304
86551209 369
86554377 323
86564856 315
86564858 315
86564860 315
86564861 315
86571455 323
86572302 323
86572303 323
86572313 323
86573033 323
86573103 304
86575672 323
86575674 323
86575676 323
86575677 323
86575990 323
86575991 323
86575993 323
86576004 323
86576005 323
86576006 323
86576011 323
86576687 304
86580991 323
86585723 323
86587233 407
86587239 407
86588411 323
86588969 323
86590207 323
86593129 323
86593695 380
86594492 323
86594493 323
86594494 323
86598569 380
86598665 380
86598695 380
86598697 380
86598727 380
86598793 380
86598815 380
86601214 304
86601215 304
86601260 323
86601261 323
86601262 323
86601263 323
86601265 323
86601266 323
86601267 323
86602473 342
86602855 304
86605886 323
86605887 323
86606879 342
86609611 304
86612708 342
86612709 342
86612710 342
86612716 342
86612717 342
86612718 342
86612726 342
86612727 342
86612745 342
86612747 342
86612798 342
86612799 342
86612814 342
86612815 342
86612833 342
86613019 342
86614009 342
86614087 342
86620839 342
86621057 331
86624295 304
86624318 304
86624319 304
86624420 304
86624421 304
86624422 304
86625534 342
86625535 342
86625771 342
86627967 331
86629959 323
86635902 304
86635903 304
86639803 380
86649595 323
86654857 304
86657401 369
86661097 304
86663103 323
86665225 361
86666879 323
86668118 323
86668119 323
86668713 304
86668750 304
86668751 304
86672382 388
86672383 388
86673324 323
86673325 323
86673326 323
86679295 342
86679913 323
86679915 323
86679916 323
86679917 323
86679918 323
86679919 323
86682875 331
86683559 361
86688718 342
86688719 342
86690841 331
86690843 331
86690847 331
86690898 331
86690899 331
86692752 361
86692756 361
86692757 361
86692760 361
86692762 361
86692770 361
86692771 361
86692783 361
86692790 361
86692791 361
86693787 323
86697383 323
86700169 304
86700868 361
86700869 361
86700870 361
86700872 361
86700874 361
86700875 361
86700876 361
86700877 361
86701563 331
86708265 342
86709180 331
86709181 331
86709182 331
86738591 304
86752615 304
86758329 323
86758331 323
86764711 323
86766059 388
86770395 323
86788598 323
86788599 323
86797615 315
86797774 315
86797775 315
86800718 361
86800719 361
86809831 369
86809839 369
86812814 361
86812815 361
86812831 361
86818927 361
86821529 323
86823777 323
86824057 323
86825983 323
86827675 323
86827775 323
86828009 304
86831147 361
86832871 323
86839899 323
86840063 304
86846233 304
86848623 304
86852223 331
86852457 304
86853592 304
86853594 304
86853596 304
86853597 304
86857378 334
86857379 334
86857380 334
86857381 334
86857382 334
86870535 304
86870542 304
86870543 304
86874366 304
86874367 304
86874907 304
86896743 323
86906651 304
86910745 380
86913358 304
86913359 304
86915431 323
86920751 304
86922479 323
86925193 323
86928667 323
86933503 331
86935094 323
86935095 323
86935195 323
86936913 323
86936914 323
86936915 323
86937353 323
86941359 323
86941634 323
86941635 323
86947487 304
86948079 304
86951094 304
86951095 304
86951890 304
86951891 304
86951902 304
86951903 304
86951915 304
86951935 304
86952761 304
86956655 323
86958177 323
86959343 323
86960748 369
86960749 369
86960750 369
86962779 304
86963839 315
86965663 323
86969211 361
86969279 361
86969775 445
86969983 369
86970446 361
86970447 361
86970695 361
86970927 361
86972402 361
86972403 361
86972408 361
86972410 361
86972411 361
86972412 361
86972413 361
86972414 361
86972415 361
86980715 304
86980729 304
86980833 304
86981055 323
86981449 304
86981454 304
86981455 304
86981457 304
86981458 304
86981459 304
86983529 304
86984411 304
86986155 304
86986159 304
86986206 304
86986207 304
86986267 304
86986422 304
86986423 304
86986574 323
86986575 323
86986919 323
86987913 304
86992363 304
86993648 304
86993652 304
86993653 304
86993656 304
86993658 304
86993665 304
86993666 304
86993667 304
86994014 304
86994015 304
86994784 304
86994792 304
86994794 304
86994800 304
86994801 304
86994802 304
86994803 304
86994804 304
86994805 304
86994806 304
86994807 304
86994818 304
86994819 304
86994820 304
86994821 304
86994822 304
86994823 304
86994827 304
86994843 304
86994859 304
86994860 304
86994861 304
86994862 304
86994863 304
86994889 304
86994919 304
86994991 304
86995041 304
86995081 304
86995103 304
86995497 304
86996542 304
86996543 304
86996641 304
87000251 304
87000310 304
87000311 304
87000313 304
87000958 304
87000959 304
87001400 304
87001402 304
87001403 304
87001404 304
87001405 304
87001993 304
87002543 304
87002625 304
87002665 304
87007647 342
87008283 304
87009368 304
87009370 304
87009372 304
87009373 304
87009378 304
87009379 304
87009380 304
87009381 304
87009382 304
87009394 304
87009395 304
87009398 304
87009399 304
87009401 304
87009403 304
87009404 304
87009405 304
87009406 304
87009409 304
87009435 304
87009439 304
87009441 304
87009447 342
87009486 304
87009487 304
87009499 304
87009519 304
87009534 304
87009535 304
87009579 304
87009583 304
87009998 304
87009999 304
87022550 323
87022551 323
87023039 323
87023160 323
87023162 323
87023163 323
87023164 323
87023165 323
87023215 323
87024370 323
87024371 323
87025243 342
87026153 304
87033723 388
87037193 388
87049119 304
87049151 304
87054025 304
87054027 304
87054049 304
87054057 304
87054076 304
87054077 304
87054078 304
87054098 304
87054099 304
87054427 342
87059017 304
87059428 304
87059429 304
87059430 304
87059436 304
87059437 304
87059438 304
87059442 304
87059443 304
87059452 304
87059453 304
87059454 304
87060022 304
87060023 304
87069676 361
87069677 361
87069678 361
87072225 323
87072620 304
87072621 304
87072622 304
87072633 304
87074910 388
87074911 388
87075547 323
87079551 388
87082921 342
87084306 331
87084307 331
87086338 323
87086339 323
87086343 323
87086719 342
87089522 342
87089523 342
87089526 342
87089527 342
87096263 304
87097023 304
87098505 304
87102802 323
87102803 323
87105161 304
87106175 315
87133807 399
87136303 315
87142553 304
87145438 304
87145439 304
87154704 361
87154708 361
87154709 361
87154712 361
87154714 361
87154722 361
87154723 361
87154732 361
87154733 361
87154734 361
87154744 361
87154746 361
87154748 361
87154749 361
87154760 361
87154762 361
87154764 361
87154765 361
87154769 361
87156583 380
87157566 315
87157567 315
87174398 415
87174399 415
87188092 388
87188093 388
87188094 388
87188095 388
87191145 315
87191457 315
87191460 315
87191461 315
87191462 315
87212207 304
87221088 350
87221096 350
87221098 350
87221104 350
87221105 350
87221108 350
87221109 350
87221122 350
87221123 350
87221124 350
87221125 350
87221126 350
87221127 350
87221131 350
87222124 304
87222125 304
87222126 304
87222130 304
87222131 304
87222134 304
87222135 304
87222158 304
87222159 304
87227655 323
87238875 323
87255384 304
87255386 304
87255388 304
87255389 304
87255394 304
87255395 304
87255396 304
87255397 304
87255398 304
87255401 304
87255407 304
87255416 304
87255418 304
87255419 304
87255420 304
87255421 304
87255425 304
87255426 304
87255427 304
87255428 304
87255429 304
87255430 304
87255431 304
87255433 304
87255438 304
87255439 304
87255452 304
87255453 304
87255454 304
87255457 304
87255458 304
87255459 304
87255460 304
87255461 304
87255462 304
87255463 304
87255467 304
87255490 304
87255491 304
87255535 304
87255551 304
87258434 304
87258435 304
87258489 304
87259817 315
87263115 304
87271020 323
87271021 323
87271022 323
87271039 323
87273087 323
87279344 304
87279348 304
87279349 304
87279352 304
87279354 304
87280510 315
87280511 315
87284039 304
87284935 304
87285686 304
87285687 304
87285698 304
87285699 304
87285726 304
87285727 304
87285729 304
87285787 304
87285919 304
87287006 304
87287007 304
87287009 304
87287094 304
87287095 304
87287102 304
87287103 304
87287160 304
87287162 304
87287164 304
87287165 304
87287169 304
87288583 304
87288732 304
87288733 304
87288734 304
87289233 304
87289234 304
87289235 304
87289238 304
87289239 304
87289241 304
87289250 304
87289251 304
87289252 304
87289253 304
87289254 304
87289255 304
87289263 304
87289294 304
87289295 304
87289310 304
87289311 304
87289313 304
87289471 304
87289497 304
87289513 304
87289538 304
87289539 304
87289575 304
87289682 304
87289683 304
87290559 304
87291790 304
87291791 304
87294482 304
87294483 304
87294706 304
87294707 304
87294751 304
87294823 304
87294884 304
87294885 304
87294886 304
87294891 304
87294945 304
87295007 304
87295233 304
87295234 304
87295235 304
87295243 304
87295257 304
87295273 304
87296123 304
87296443 304
87296487 304
87296679 304
87299519 304
87300587 304
87301119 304
87304105 304
87304246 331
87304247 331
87304319 304
87304647 304
87305209 304
87305720 304
87305722 304
87305724 304
87305725 304
87307929 304
87308715 304
87310296 304
87310298 304
87310300 304
87310301 304
87310311 304
87311185 331
87311186 331
87311187 331
87313444 304
87313445 304
87313446 304
87313447 304
87313455 304
87315113 304
87317758 304
87317759 304
87318267 304
87318713 304
87318715 304
87320462 304
87320463 304
87320514 304
87320515 304
87321065 304
87321087 304
87322488 304
87322490 304
87322492 304
87322493 304
87322494 304
87322495 304
87322806 304
87322807 304
87323062 304
87323063 304
87323260 304
87323261 304
87323262 304
87323298 304
87323299 304
87323300 304
87323301 304
87323302 304
87323305 304
87323675 304
87325057 304
87325065 304
87327471 304
87333505 304
87333543 304
87340513 342
87343239 342
87346258 342
87346259 342
87347113 342
87353375 304
87356399 396
87356754 331
87356755 331
87360287 369
87362721 331
87364127 331
87364137 331
87365115 453
87369593 304
87369641 304
87369967 304
87370272 304
87370280 304
87370282 304
87370288 304
87370292 304
87370293 304
87370304 304
87370308 304
87370309 304
87370310 304
87370312 304
87370314 304
87370315 304
87370316 304
87370317 304
87370318 304
87370319 304
87370320 304
87370324 304
87370325 304
87370326 304
87370327 304
87370328 304
87370330 304
87370332 304
87370333 304
87370336 304
87370344 304
87370346 304
87370347 304
87370352 304
87370353 304
87370356 304
87370357 304
87370358 304
87370359 304
87370360 304
87370361 304
87370362 304
87370370 304
87370371 304
87370372 304
87370373 304
87370374 304
87370375 304
87370379 304
87370385 304
87370386 304
87370387 304
87370393 304
87370396 304
87370397 304
87370398 304
87370411 304
87370415 304
87370456 304
87370458 304
87370460 304
87370461 304
87370486 304
87370487 304
87370489 304
87370491 304
87370514 304
87370515 304
87370523 304
87370537 304
87370724 304
87370725 304
87370726 304
87370738 304
87370739 304
87370753 304
87370754 304
87370755 304
87370759 304
87370806 304
87370807 304
87370846 304
87370847 304
87370863 304
87370958 304
87370959 304
87370966 304
87370967 304
87370974 304
87370975 304
87370987 304
87371423 304
87372786 304
87372787 304
87372985 304
87372987 304
87372991 304
87373009 304
87373010 304
87373011 304
87374294 304
87374295 304
87375463 304
87379160 304
87379161 304
87379162 304
87379164 304
87379165 304
87384155 331
87384175 304
87384559 331
87385265 304
87385266 304
87385267 304
87385273 304
87385831 331
87386815 304
87387387 304
87391003 323
87391913 304
87392027 304
87393963 304
87394217 304
87394270 304
87394271 304
87394463 304
87397151 304
87398264 304
87398266 304
87398268 304
87398269 304
87399513 304
87399529 304
87399538 304
87399539 304
87399545 304
87399561 304
87399591 304
87399758 304
87399759 304
87401336 304
87401338 304
87401340 304
87401341 304
87401617 304
87401618 304
87401619 304
87401627 304
87401961 304
87402667 304
87404455 304
87404513 304
87404519 304
87404521 304
87404523 304
87404545 304
87404546 304
87404547 304
87404551 304
87404553 304
87404577 304
87404583 304
87404598 304
87404599 304
87404606 304
87404607 304
87404638 304
87404639 304
87404641 304
87404642 304
87404643 304
87404644 304
87404645 304
87404646 304
87404649 304
87404651 304
87404652 304
87404653 304
87404654 304
87404668 304
87404669 304
87404670 304
87404681 304
87404711 304
87404719 304
87404726 304
87404727 304
87404750 342
87404751 342
87404783 304
87404994 304
87404995 304
87405291 304
87405871 304
87405886 304
87405887 304
87406902 304
87406903 304
87408446 304
87408447 304
87409823 304
87412054 342
87412055 342
87412059 342
87412062 342
87412063 342
87412073 342
87412075 342
87412143 304
87413255 323
87415791 312
87417110 304
87417111 304
87417113 304
87417116 304
87417117 304
87417118 304
87417119 304
87418065 304
87418066 304
87418067 304
87418299 342
87422274 342
87422275 342
87422951 407
87423694 312
87423695 312
87424553 342
87425775 304
87425895 331
87430503 304
87432030 304
87432031 304
87432999 304
87436569 304
87439099 350
87439100 350
87439101 350
87439102 350
87439103 350
87439182 350
87439183 350
87439739 350
87440598 323
87440599 323
87440862 350
87440863 350
87443687 304
87446235 312
87447716 304
87447717 304
87447718 304
87447777 304
87454718 304
87454719 304
87455742 304
87455743 304
87457865 304
87467474 323
87467475 323
87467499 323
87471993 304
87473858 304
87473859 304
87479327 323
87483105 331
87484248 323
87484250 323
87484252 323
87484253 323
87484257 323
87484267 323
87490556 323
87490557 323
87490558 323
87490559 323
87493950 315
87493951 315
87494462 315
87494463 315
87495414 315
87495415 315
87495419 315
87498235 342
87509695 342
87509974 342
87509975 342
87511996 388
87511997 388
87511998 388
87512489 342
87513074 304
87513075 304
87515090 304
87515091 304
87515115 304
87515431 304
87518335 304
87518450 304
87518451 304
87518505 304
87518962 312
87518963 312
87521607 315
87521964 315
87521965 315
87521966 315
87521974 315
87521975 315
87521983 315
87522075 315
87522411 315
87522412 315
87522413 315
87522414 315
87522546 315
87522547 315
87525551 315
87528950 331
87528951 331
87532854 380
87532855 380
87533641 350
87536743 323
87536748 323
87536749 323
87536750 323
87538332 323
87538333 323
87538334 323
87538971 312
87540361 312
87545391 304
87547751 369
87549993 304
87558350 342
87558351 342
87570079 323
87571195 304
87573275 304
87573671 388
87574473 304
87574482 304
87574483 304
87574491 304
87574555 304
87574767 304
87576555 304
87580670 342
87580671 342
87586038 342
87586039 342
87586041 342
87586050 342
87586051 342
87586055 342
87588711 342
87590375 312
87592801 388
87607743 323
87614340 323
87614341 323
87614342 323
87614347 323
87619303 312
87620031 312
87620327 312
87621703 304
87626638 315
87626639 315
87627591 323
87627742 323
87627743 323
87638585 304
87644169 312
87644536 323
87644538 323
87644540 323
87644541 323
87644545 323
87644713 304
87647655 312
87652034 323
87652035 323
87653401 323
87653577 323
87653579 323
87653615 323
87653618 323
87653619 323
87653624 323
87653625 323
87653626 323
87653628 323
87653629 323
87653633 323
87653634 323
87653635 323
87653639 323
87653675 323
87653679 323
87654043 323
87654383 323
87655207 323
87663340 323
87663341 323
87663342 323
87663355 323
87664636 304
87664637 304
87664638 304
87670463 304
87672047 388
87675559 323
87681185 304
87681206 304
87681207 304
87681227 304
87681275 304
87681462 304
87681463 304
87681502 304
87681503 304
87683207 304
87683209 304
87684591 304
87684598 304
87684599 304
87686169 304
87686171 304
87686206 304
87686207 304
87686383 304
87686427 304
87686523 304
87686875 304
87687250 304
87687251 304
87687321 304
87687324 304
87687325 304
87687326 304
87687327 304
87687335 304
87687350 304
87687351 304
87687433 334
87687659 304
87687807 304
87690203 304
87690206 304
87690207 304
87692011 304
87692927 304
87694177 304
87694866 304
87694867 304
87694870 304
87694871 304
87694873 304
87694879 304
87694884 304
87694885 304
87694886 304
87695687 304
87696958 304
87696959 304
87699615 304
87702087 304
87702719 304
87703751 304
87704601 304
87704745 304
87704991 304
87705215 304
87705371 304
87705775 304
87706651 304
87709087 369
87711263 304
87717479 304
87718012 323
87718013 323
87718014 323
87718047 323
87718591 304
87737499 304
87740319 323
87747017 304
87753444 304
87753445 304
87753446 304
87753452 304
87753453 304
87753454 304
87754175 304
87755742 304
87755743 304
87755931 304
87756839 304
87756841 304
87756849 304
87756850 304
87756851 304
87756862 304
87756863 304
87756894 304
87756895 304
87757176 304
87757178 304
87757180 304
87757181 304
87757195 304
87757436 304
87757437 304
87757438 304
87757865 304
87761147 304
87761897 304
87765494 388
87765495 388
87765746 304
87765747 304
87765814 304
87765815 304
87766313 304
87766326 304
87766327 304
87767038 304
87767039 304
87768574 388
87768575 388
87769503 350
87769644 304
87769645 304
87769646 304
87769649 304
87769650 304
87769651 304
87770360 304
87770362 304
87770364 304
87770365 304
87771243 304
87774447 426
87774545 304
87774546 304
87774547 304
87776191 304
87778411 304
87779487 304
87780054 361
87780055 361
87780059 361
87780062 361
87780063 361
87780114 361
87780115 361
87780158 361
87780159 361
87780177 361
87780178 361
87780179 361
87780190 361
87780191 361
87780207 361
87780214 361
87780215 361
87780216 361
87780218 361
87780220 361
87780221 361
87780225 361
87780295 361
87780297 361
87780306 361
87780307 361
87780351 361
87780969 304
87780985 304
87782788 304
87782789 304
87782790 304
87782795 304
87782798 304
87782799 304
87782806 304
87782807 304
87782809 304
87782811 304
87782812 304
87782813 304
87782814 304
87782825 304
87784030 323
87784031 323
87784039 323
87784047 323
87784219 323
87785215 323
87787643 350
87788476 323
87788477 323
87788478 323
87790363 304
87793311 323
87793691 323
87794433 323
87794434 323
87794435 323
87794436 323
87794437 323
87794438 323
87794440 323
87794442 323
87794444 323
87794445 323
87794446 323
87794447 323
87794449 323
87794489 323
87794498 304
87794499 304
87794500 323
87794501 323
87794502 323
87794504 323
87794506 323
87794507 323
87794508 323
87794509 323
87794529 323
87794535 304
87794537 323
87794555 323
87794574 323
87794575 323
87794817 323
87795708 323
87795709 323
87795710 323
87797167 304
87804543 304
87806279 304
87807391 323
87807771 304
87807913 323
87808031 323
87808254 323
87808255 323
87809647 304
87825516 312
87825517 312
87825518 312
87832347 312
87835419 312
87844561 304
87844562 304
87844563 304
87845737 304
87846639 304
87847630 342
87847631 342
87847785 304
87848270 304
87848271 304
87850779 342
87852715 323
87853287 304
87853295 304
87855030 304
87855031 304
87855566 304
87855567 304
87861499 304
87862520 304
87862522 304
87862524 304
87862525 304
87863209 304
87867423 434
87867435 304
87867446 304
87867447 304
87868348 312
87868349 312
87868350 312
87868644 323
87868645 323
87868646 323
87868651 323
87868918 323
87868919 323
87869615 312
87871438 323
87871439 323
87873585 312
87873586 312
87873587 312
87873592 312
87873594 312
87873595 312
87873596 312
87873597 312
87873601 312
87873602 312
87873603 312
87875576 342
87875578 342
87875580 342
87875581 342
87876009 342
87878043 312
87880158 304
87880159 304
87880191 304
87880219 304
87883519 304
87883774 342
87883775 342
87883823 304
87891249 323
87891250 323
87891251 323
87898539 304
87906155 312
87907483 304
87925035 304
87927451 304
87943521 304
87943612 304
87943613 304
87943614 304
87947423 304
87947945 304
87948670 304
87948671 304
87949138 304
87949139 304
87949826 369
87949827 369
87949828 369
87949829 369
87949830 369
87949833 369
87949835 369
87949842 369
87949843 369
87954230 304
87954231 304
87954879 342
87955199 369
87957198 369
87957199 369
87957330 342
87957331 342
87973999 426
87975067 426
87983039 304
87983486 369
87983487 369
87984967 342
87988792 388
87988794 388
87988796 388
87988797 388
87989019 369
87994200 350
87994202 350
87994204 350
87994205 350
87994209 350
87997240 342
87997242 342
87997243 342
87997244 342
87997245 342
87997878 369
87997879 369
88001899 350
88002591 342
88003809 304
88006823 304
88007273 304
88012289 304
88012315 304
88012319 304
88012670 304
88012671 304
88014239 342
88014847 434
88017602 304
88017603 304
88017607 304
88024681 304
88024683 304
88024943 342
88026363 304
88028399 304
88042407 315
88042409 315
88042431 315
88042441 315
88042450 315
88042451 315
88042702 304
88042703 304
88044191 304
88049771 304
88050715 304
88051452 304
88051453 304
88051454 304
88052702 369
88052703 369
88055833 304
88060955 304
88062955 369
88063070 369
88063071 369
88063113 369
88082302 304
88082303 304
88088319 304
88096495 361
88107003 312
88108447 304
88110105 304
88110641 304
88110642 304
88110643 304
88110945 304
88111195 304
88111268 304
88111269 304
88111270 304
88111273 304
88112124 304
88112125 304
88112126 304
88112127 304
88114407 350
88114430 304
88114431 304
88116534 304
88116535 304
88117979 304
88117993 304
88118002 304
88118003 304
88121026 350
88121027 350
88121057 350
88121243 304
88121279 304
88121371 304
88121643 304
88122337 304
88122599 304
88122633 304
88123022 304
88123023 304
88123259 304
88123262 304
88123263 304
88123464 304
88123466 304
88123468 304
88123469 304
88123473 304
88127218 304
88127219 304
88127527 304
88127599 304
88127730 304
88127731 304
88127739 304
88127742 304
88127743 304
88134518 304
88134519 304
88139691 304
88141215 312
88142575 304
88144572 304
88144573 304
88144574 304
88144590 304
88144591 304
88145055 304
88146879 304
88147183 350
88152999 304
88155598 342
88155599 342
88155756 342
88155757 342
88155758 342
88155759 342
88156073 342
88156114 342
88156115 342
88156135 342
88156329 426
88157014 342
88157015 342
88157019 342
88157497 342
88158119 350
88158994 342
88158995 342
88158998 342
88158999 342
88159001 342
88159003 342
88159007 342
88159047 342
88160167 342
88161522 342
88161523 342
88162302 380
88162303 380
88168699 304
88169950 304
88169951 304
88169953 304
88170377 350
88170439 304
88172513 304
88173355 304
88173359 304
88173782 304
88173783 304
88180961 304
88185499 312
88185964 304
88185965 304
88185966 304
88188393 304
88189375 323
88189852 323
88189853 323
88189854 323
88190462 323
88190463 323
88194466 304
88194467 304
88194468 304
88194469 304
88194470 304
88194471 304
88194473 304
88194479 304
88195068 323
88195069 323
88195070 323
88196711 323
88197227 323
88198447 323
88199463 304
88203823 304
88204425 304
88205308 304
88205309 304
88205310 304
88207431 323
88209391 304
88209826 304
88209827 304
88209828 304
88209829 304
88209830 304
88210315 304
88210457 304
88210459 304
88210715 350
88211670 304
88211671 304
88218815 342
88219263 323
88224667 369
88226681 415
88240895 323
88242134 323
88242135 323
88242385 342
88242386 342
88242387 342
88242392 342
88242393 342
88242394 342
88242395 342
88242396 342
88242397 342
88242401 342
88247593 323
88257771 342
88258095 342
88260265 304
88260361 304
88261659 304
88261673 304
88263535 304
88266875 304
88271017 323
88272428 312
88272429 312
88272430 312
88272433 312
88272434 312
88272435 312
88272553 323
88273065 323
88273099 304
88273105 304
88273106 304
88273107 304
88274706 304
88274707 304
88277744 323
88277748 323
88277749 323
88277752 323
88277754 323
88277831 388
88282363 312
88286891 304
88296315 304
88298360 323
88298362 323
88298364 323
88298365 323
88309297 350
88309298 350
88309299 350
88312489 369
88320242 304
88320243 304
88320364 304
88320365 304
88320366 304
88322596 380
88322597 380
88322598 380
88322599 380
88340604 342
88340605 342
88340606 342
88343864 342
88343866 342
88343868 342
88343869 342
88352310 304
88352311 304
88371595 312
88371649 312
88371650 312
88371651 312
88372798 380
88372799 380
88377643 369
88381599 369
88387620 369
88387621 369
88387622 369
88387627 369
88387631 369
88396539 304
88409727 304
88411115 331
88412366 369
88412367 369
88413449 369
88413451 369
88414951 304
88416507 331
88418759 304
88426239 407
88429103 304
88436735 350
88448681 388
88450674 304
88450675 304
88452073 312
88454171 304
88458395 304
88458422 304
88458423 304
88459903 304
88461686 304
88461687 304
88461689 304
88466299 304
88471038 304
88471039 304
88473694 323
88473695 323
88495320 312
88495322 312
88495324 312
88495325 312
88495329 312
88495358 312
88495359 312
88495369 312
88495371 312
88495387 312
88499582 304
88499583 304
88531553 323
88531559 323
88531567 323
88531719 323
88531739 323
88532129 323
88534891 323
88534892 323
88534893 323
88534894 323
88538111 323
88538815 323
88538962 323
88538963 323
88539218 323
88539219 323
88539623 323
88539627 323
88548225 377
88548534 312
88548535 312
88549615 304
88551103 323
88551423 350
88552169 350
88553849 312
88554665 312
88554799 312
88554859 312
88556060 312
88556061 312
88556062 312
88556065 312
88556071 312
88556350 312
88556351 312
88557057 434
88557063 434
88557065 434
88559079 312
88563135 312
88564475 312
88567465 323
88570879 304
88575969 312
88576769 312
88576770 312
88576771 312
88576790 312
88576791 312
88576793 312
88576891 312
88576956 312
88576957 312
88576958 312
88576959 312
88577179 323
88577522 323
88577523 323
88577529 323
88577534 323
88577535 323
88577577 323
88577791 323
88578052 312
88578053 312
88578054 312
88578059 312
88578062 312
88578063 312
88578066 312
88578067 312
88578087 312
88578089 312
88580769 369
88583161 304
88583295 453
88584303 304
88585398 323
88585399 323
88586459 323
88589868 312
88589869 312
88589870 312
88589873 312
88589874 312
88589875 312
88600457 304
88604656 323
88604660 323
88604661 323
88604664 323
88604666 323
88604668 323
88604669 323
88604670 323
88605858 304
88605859 304
88605860 304
88605861 304
88605862 304
88610975 323
88611041 323
88611681 323
88615691 388
88616795 323
88616935 323
88632059 331
88632060 331
88632061 331
88632062 331
88632708 331
88632709 331
88632710 331
88632715 331
88633580 304
88633581 304
88633582 304
88633590 304
88633591 304
88633598 304
88633599 304
88635167 331
88637033 342
88641078 323
88641079 323
88650367 331
88656990 312
88656991 312
88660822 304
88660823 304
88660839 304
88667439 304
88667762 304
88667763 304
88668656 304
88668660 304
88668661 304
88668664 304
88668666 304
88668667 304
88668671 304
88672990 304
88672991 304
88677856 304
88677864 304
88677866 304
88677872 304
88677873 304
88677876 304
88677877 304
88683140 304
88683141 304
88683142 304
88683147 304
88683247 304
88683433 304
88684418 304
88684419 304
88684420 304
88684421 304
88684422 304
88684423 304
88684425 304
88684926 312
88684927 312
88687387 323
88691527 323
88692002 323
88692003 323
88692004 323
88692005 323
88692006 323
88692011 323
88692025 323
88703615 323
88705948 369
88705949 369
88705950 369
88708761 369
88718363 331
88721785 304
88721819 304
88721823 304
88721919 304
88723135 312
88724310 304
88724311 304
88726262 304
88726263 304
88726265 304
88726268 304
88726269 304
88726270 304
88726827 304
88727881 331
88728574 369
88728575 369
88731035 304
88731036 304
88731037 304
88731038 304
88731039 304
88731041 304
88732652 304
88732653 304
88732654 304
88732658 304
88732659 304
88732667 304
88732703 304
88732955 323
88746159 323
88752935 323
88765122 369
88765123 369
88765134 369
88765135 369
88768466 369
88768467 369
88768481 369
88768489 369
88768491 369
88768505 369
88768990 369
88768991 369
88773247 323
88773375 323
88774599 304
88775463 323
88775486 323
88775487 323
88781016 323
88781017 323
88781018 323
88781020 323
88781021 323
88782059 304
88784278 304
88784279 304
88784281 304
88784283 304
88784284 304
88784285 304
88784286 304
88784319 304
88784327 304
88784455 304
88784457 304
88784487 304
88784540 304
88784541 304
88784542 304
88787854 369
88787855 369
88791367 323
88803516 304
88803517 304
88803518 304
88806667 388
88811463 315
88813983 304
88815241 377
88819871 304
88820265 304
88820332 304
88820333 304
88820334 304
88823121 304
88823122 304
88823123 304
88823273 304
88824462 304
88824463 304
88830087 350
88840313 304
88843574 304
88843575 304
88847929 304
88847931 304
88848801 304
88849403 304
88849404 304
88849405 304
88849406 304
88849473 304
88849474 304
88849475 304
88849479 304
88849496 304
88849498 304
88849499 304
88849500 304
88849501 304
88849506 304
88849507 304
88849508 304
88849509 304
88849510 304
88849511 304
88849520 304
88849524 304
88849525 304
88849526 304
88849527 304
88849528 304
88849530 304
88849531 304
88849537 304
88849553 304
88849554 304
88849555 304
88849561 304
88849564 304
88849565 304
88849566 304
88849569 304
88849577 304
88849647 304
88849711 304
88849726 304
88849727 304
88850102 304
88850103 304
88850267 304
88853462 304
88853463 304
88855097 304
88855195 304
88855879 304
88859372 304
88859373 304
88859374 304
88859515 304
88859521 304
88859524 304
88859525 304
88859526 304
88859529 304
88859531 304
88859614 350
88859615 350
88862971 434
88867318 350
88867319 350
88871727 304
88885659 350
88888625 407
88888626 407
88888627 407
88892046 312
88892047 312
88894463 304
88905471 377
88914073 369
88914075 369
88914779 304
88914782 304
88914783 304
88914857 304
88918811 304
88927999 331
88933799 323
88937287 304
88937313 304
88937342 304
88937343 304
88937383 304
88947871 323
88948225 323
88949695 323
88949833 323
88963790 434
88963791 434
88964895 331
88972162 331
88972163 331
88972164 331
88972165 331
88972166 331
88972167 331
88977668 342
88977669 342
88977670 342
88977672 342
88977674 342
88977676 342
88977677 342
88977681 342
88977697 342
88977718 342
88977719 342
88977730 342
88977731 342
88977758 342
88977759 342
88977762 342
88977763 342
88977764 342
88977765 342
88977766 342
88977769 342
88977771 342
88977778 342
88977779 342
88977782 342
88977783 342
88977784 342
88977786 342
88977788 342
88977789 342
88977790 342
88977791 342
88977800 342
88977802 342
88977804 342
88977805 342
88977808 342
88977812 342
88977813 342
88977816 342
88977818 342
88977835 342
88977840 342
88977841 342
88977842 342
88977843 342
88977844 342
88977845 342
88977848 342
88977849 342
88977850 342
88977857 342
88977863 342
88977889 342
88977895 342
88977904 342
88977908 342
88977909 342
88977912 342
88977914 342
88977921 342
88981646 304
88981647 304
88981660 304
88981661 304
88981662 304
88981663 304
88981665 304
88981675 304
88981679 304
88981692 304
88981693 304
88981694 304
88981703 304
88982043 304
88982697 304
88983727 304
88985913 304
88985959 304
88986203 304
88986439 331
88986657 304
88987062 304
88987063 304
88989817 331
88991163 304
88991170 304
88991171 304
88991484 304
88991485 304
88991486 304
88991487 304
88991591 304
88991966 304
88991967 304
88992320 304
88992336 304
88992340 304
88992341 304
88992352 304
88992360 304
88992362 304
88992369 304
88992386 304
88992387 304
88992392 304
88992394 304
88992396 304
88992397 304
88992406 304
88992407 304
88992511 304
88992761 304
88993102 304
88993103 304
88993618 304
88993619 304
88997723 304
89000313 304
89000546 304
89000547 304
89000548 304
89000549 304
89000550 304
89000571 304
89000623 304
89000639 304
89000985 304
89002587 304
89003943 331
89005886 304
89005887 304
89005902 304
89005903 304
89005944 304
89005946 304
89005948 304
89005949 304
89006018 304
89006019 304
89006247 304
89006331 304
89007743 415
89012897 304
89044591 323
89049247 323
89051318 304
89051319 304
89052775 323
89053506 350
89053507 350
89057398 380
89057399 380
89057401 380
89057403 380
89057407 380
89061353 415
89062527 312
89067055 369
89067488 304
89067496 304
89067498 304
89067504 304
89067505 304
89067506 304
89067507 304
89067508 304
89067509 304
89067513 304
89067515 304
89067545 304
89067591 304
89067611 304
89067679 304
89067726 304
89067727 304
89067745 304
89067879 304
89070299 304
89074569 323
89074927 323
89076839 331
89081447 304
89082599 323
89088615 304
89090385 304
89090386 304
89090387 304
89095711 323
89097151 304
89112135 426
89121678 323
89121679 323
89124001 369
89131711 426
89140937 350
89140939 350
89149774 350
89149775 350
89154343 350
89157359 323
89157799 323
89161575 304
89162367 304
89162599 304
89172446 407
89172447 407
89175337 407
89175343 407
89183856 350
89183860 350
89183861 350
89183864 350
89183866 350
89183873 350
89185371 323
89194742 331
89194743 331
89194745 331
89194747 331
89198468 350
89198469 350
89198470 350
89198475 350
89199751 323
89204639 350
89204649 350
89207196 331
89207197 331
89207198 331
89207855 331
89208303 331
89209625 331
89213250 350
89213251 350
89213257 350
89213609 323
89215049 323
89215294 331
89215295 331
89215420 323
89215421 323
89215422 323
89225887 323
89225897 323
89226599 369
89228616 369
89228618 369
89228620 369
89228621 369
89228625 369
89230767 331
89246439 331
89259115 350
89259175 350
89264417 350
89264418 350
89264419 350
89264420 350
89264421 350
89264422 350
89264425 350
89264433 350
89264434 350
89264435 350
89264450 350
89264451 350
89264504 350
89264506 350
89264508 350
89264509 350
89264539 350
89264540 350
89264541 350
89264542 350
89264545 350
89264551 350
89264553 350
89264575 350
89264583 350
89265718 323
89265719 323
89271231 331
89294463 331
89303452 350
89303453 350
89303454 350
89316577 331
89323292 331
89323293 331
89323294 331
89323297 331
89323311 331
89323320 331
89323321 331
89323322 331
89323324 331
89323325 331
89323326 331
89323327 331
89349078 331
89349079 331
89349814 350
89349815 350
89354783 331
89358191 323
89358334 323
89358335 323
89358497 323
89358558 323
89358559 323
89358779 323
89358817 323
89358820 323
89358821 323
89358822 323
89358823 323
89358825 323
89358855 323
89359772 323
89359773 323
89359774 323
89360231 331
89360254 323
89360255 323
89360603 323
89361778 323
89361779 323
89361782 323
89361783 323
89361787 323
89361790 323
89361791 323
89363035 323
89364344 323
89364346 323
89364348 323
89364349 323
89365206 323
89365207 323
89365223 323
89365225 323
89366271 331
89367579 323
89380459 331
89392566 304
89392567 304
89393051 304
89393055 304
89397897 304
89397913 304
89397915 304
89397919 304
89397929 304
89398337 304
89398338 304
89398339 304
89398343 304
89398354 304
89398355 304
89399323 304
89402543 304
89402619 304
89403643 304
89403687 323
89403911 323
89408740 304
89408741 304
89408742 304
89408763 304
89409001 304
89410239 304
89410865 304
89410866 304
89410867 304
89410923 377
89411051 304
89411425 304
89411582 304
89411583 304
89414235 350
89414273 304
89419623 323
89420027 304
89420479 323
89421778 323
89421779 323
89422407 323
89422850 304
89422851 304
89422855 304
89422857 304
89422951 304
89427052 304
89427053 304
89427054 304
89433662 304
89433663 304
89435617 345
89436911 304
89441967 323
89443487 312
89445484 304
89445485 304
89445486 304
89446050 304
89446051 304
89446052 304
89446053 304
89446054 304
89446316 323
89446317 323
89446318 323
89446319 323
89450156 304
89450157 304
89450158 304
89451734 304
89451735 304
89454751 304
89461897 323
89462319 323
89462431 323
89462555 323
89462777 304
89467096 350
89467098 350
89467100 350
89467101 350
89471289 323
89475323 304
89476039 350
89477345 304
89478472 304
89478474 304
89478476 304
89478477 304
89478481 304
89481214 331
89481215 331
89482172 304
89482173 304
89482174 304
89482175 304
89482232 369
89482234 369
89482236 369
89482237 369
89482799 304
89483742 304
89483743 304
89490079 350
89492745 312
89496367 350
89496489 350
89500073 331
89501628 304
89501629 304
89501630 304
89501918 304
89501919 304
89502535 350
89502847 350
89503054 304
89503055 304
89509129 304
89517366 350
89517367 350
89523335 350
89523815 350
89524735 350
89527624 361
89527626 361
89527628 361
89527629 361
89527633 361
89535103 350
89545863 323
89549176 323
89549178 323
89549180 323
89549181 323
89551009 342
89575593 377
89578160 377
89578164 377
89578165 377
89578168 377
89578170 377
89578177 377
89578185 377
89578193 377
89578194 377
89578195 377
89578495 361
89582430 350
89582431 350
89583273 350
89583305 350
89583307 350
89583310 350
89583311 350
89583359 350
89583387 350
89593516 350
89593517 350
89593518 350
89593529 350
89593531 350
89593532 350
89593533 350
89593534 350
89599783 350
89605448 434
89605450 434
89605452 434
89605453 434
89605457 434
89608103 350
89613343 350
89616505 312
89616508 312
89616509 312
89616510 312
89616511 312
89617334 312
89617335 312
89617337 312
89617339 312
89617814 312
89617815 312
89617817 312
89617819 312
89617899 312
89618049 312
89618343 312
89618441 350
89619687 350
89619704 350
89619706 350
89619708 350
89619709 350
89621787 312
89633519 331
89642655 331
89645298 315
89645299 315
89645304 315
89645306 315
89645308 315
89645309 315
89645310 315
89645311 315
89645330 315
89645331 315
89664766 388
89664767 388
89696310 358
89696311 358
89703553 369
89735225 350
89735227 350
89735495 350
89739428 304
89739429 304
89739430 304
89739455 304
89739592 304
89739594 304
89739596 304
89739597 304
89739601 304
89739905 304
89739943 304
89740001 304
89740009 304
89740018 304
89740019 304
89740043 304
89740267 304
89741343 304
89742107 304
89742814 304
89742815 304
89742902 304
89742903 304
89745515 304
89745897 304
89746017 304
89746207 304
89746713 304
89746735 304
89746742 304
89746743 304
89746745 304
89746761 304
89746924 304
89746925 304
89746926 304
89747186 304
89747187 304
89747361 304
89747364 304
89747365 304
89747366 304
89747586 304
89747587 304
89747588 304
89747589 304
89747590 304
89747598 304
89747599 304
89748059 304
89751835 331
89751902 331
89751903 331
89756316 358
89756317 358
89756318 358
89756321 358
89759233 331
89760239 331
89762473 331
89764719 331
89765276 415
89765277 415
89765278 415
89765279 415
89768380 304
89768381 304
89768382 304
89775807 304
89775822 304
89775823 304
89785647 304
89785657 304
89785662 304
89785663 304
89785697 304
89785711 304
89785755 304
89785831 304
89785921 304
89785922 304
89785923 304
89785929 304
89785985 304
89786011 304
89786032 304
89786036 304
89786037 304
89786040 304
89786042 304
89786049 304
89786055 304
89786057 304
89786059 304
89786065 304
89786066 304
89786067 304
89786139 304
89786279 304
89786281 304
89789305 350
89792679 350
89792687 350
89793998 304
89793999 304
89794217 304
89795038 304
89795039 304
89795071 304
89799535 304
89799545 304
89802825 304
89804715 304
89805927 304
89807566 331
89807567 331
89808031 369
89809663 369
89817371 304
89819825 304
89819826 304
89819827 304
89819833 304
89819835 304
89819836 304
89819837 304
89819838 304
89819842 304
89819843 304
89820159 304
89821353 304
89823873 304
89824007 304
89824703 369
89825810 304
89825811 304
89825819 304
89826870 304
89826871 304
89841263 312
89841297 312
89841298 312
89841299 312
89841564 312
89841565 312
89841566 312
89841569 312
89841580 312
89841581 312
89841582 312
89841986 312
89841987 312
89842303 312
89844443 312
89844459 312
89846139 323
89848699 323
89849903 312
89854908 312
89854909 312
89854910 312
89854942 312
89854943 312
89854962 312
89854963 312
89855003 312
89866407 312
89868927 312
89874047 369
89886879 304
89888862 304
89888863 304
89888865 304
89892123 304
89892479 304
89898537 304
89901569 304
89902070 304
89902071 304
89902073 304
89902076 304
89902077 304
89902078 304
89902329 304
89902337 304
89902338 304
89902339 304
89902377 304
89905183 407
89907192 350
89907194 350
89907195 350
89907196 350
89907197 350
89908295 350
89909726 331
89909727 331
89911337 350
89913822 304
89913823 304
89914111 304
89916187 304
89916193 350
89921787 350
89926891 350
89937234 350
89937235 350
89937567 350
89937617 342
89937618 342
89937619 342
89938428 312
89938429 312
89938430 312
89939849 369
89940251 350
89942107 304
89944831 304
89966239 304
89976175 350
89979568 350
89979572 350
89979573 350
89979576 350
89979578 350
89979585 350
89979586 350
89979587 350
89979591 350
89979593 350
89979601 350
89979602 350
89979603 350
89979614 350
89979615 350
89979617 350
89980095 350
89984731 304
89984779 350
89984786 350
89984787 350
89985727 304
89986215 304
89986665 304
89986668 304
89986669 304
89986670 304
89986671 304
89986687 304
89986689 304
89986751 304
89986791 304
89986825 304
89987126 304
89987127 304
89987239 304
89987303 304
89988009 304
89990113 350
89992295 304
89993967 350
89999224 350
89999226 350
89999228 350
89999229 350
89999499 350
89999775 304
90001903 304
90001919 304
90006267 350
90011559 331
90013238 369
90013239 369
90014024 350
90014026 350
90014028 350
90014029 350
90014033 350
90018287 369
90026651 369
90026974 358
90026975 358
90031743 369
90040539 331
90041321 304
90042025 331
90075753 350
90091771 350
90093115 323
90093118 323
90093119 323
90099361 358
90099375 358
90101355 388
90101359 388
90101372 388
90101373 388
90101374 388
90101375 388
90106537 304
90109793 388
90112767 323
90114230 323
90114231 323
90126811 350
90127160 350
90127162 350
90127164 350
90127165 350
90129439 323
90133575 312
90133639 312
90133641 312
90133663 312
90137319 304
90149083 312
90149238 304
90149239 304
90149243 304
90157895 312
90158569 304
90161394 304
90161395 304
90161406 304
90161407 304
90161791 304
90163254 304
90163255 304
90163403 304
90167791 388
90168767 410
90176574 323
90176575 323
90178668 312
90178669 312
90178670 312
90178671 312
90180769 312
90181247 312
90189596 323
90189597 323
90189598 323
90190326 304
90190327 304
90191744 323
90191776 323
90191784 323
90191786 323
90191808 323
90191812 323
90191813 323
90191814 323
90191824 323
90191828 323
90191829 323
90191833 323
90191842 323
90191843 323
90191844 323
90191845 323
90191846 323
90191852 323
90191853 323
90191854 323
90191873 323
90191874 323
90191875 323
90191879 323
90200971 350
90203931 312
90208574 312
90208575 312
90211881 323
90218249 312
90218265 312
90218271 312
90233468 323
90233469 323
90233470 323
90233471 323
90243803 396
90251243 388
90253915 312
90259454 304
90259455 304
90260958 304
90260959 304
90268507 331
90268946 304
90268947 304
90272444 361
90272445 361
90272446 361
90279657 304
90286134 331
90286135 331
90288767 304
90288895 304
90289833 304
90289839 304
90296047 312
90297119 304
90297980 304
90297981 304
90297982 304
90298527 304
90300975 304
90314087 323
90319465 323
90319471 323
90319481 323
90319611 304
90319647 323
90326482 304
90326483 304
90327919 407
90337598 304
90337599 304
90341627 304
90350267 350
90351209 312
90351570 358
90351571 358
90352415 304
90353823 350
90354681 350
90355455 304
90356196 304
90356197 304
90356198 304
90356199 304
90356203 304
90356207 304
90360027 350
90366107 331
90370687 331
90374286 304
90374287 304
90388071 304
90388073 304
90388075 304
90388137 304
90388174 304
90388175 304
90388383 304
90390750 331
90390751 331
90391984 388
90391988 388
90391989 388
90391992 388
90391994 388
90392001 388
90392007 388
90400615 331
90400626 331
90400627 331
90400630 331
90400631 331
90400632 331
90400634 331
90400635 331
90400636 331
90400637 331
90401409 331
90402155 304
90404481 331
90405545 331
90408113 331
90408114 331
90408115 331
90408121 331
90408123 331
90411652 312
90411653 312
90411654 312
90411659 312
90412907 312
90413042 312
90413043 312
90413115 312
90413129 312
90413163 312
90413305 312
90413374 304
90413375 304
90414729 304
90414767 304
90414783 304
90414857 304
90414875 304
90415241 331
90415249 331
90415250 331
90415251 331
90415337 331
90415339 331
90415343 331
90415422 304
90415423 304
90416731 304
90417435 304
90417531 304
90419359 312
90419655 312
90419687 312
90419801 331
90420383 331
90421003 331
90421630 331
90421631 331
90424278 312
90424279 312
90424830 312
90424831 312
90425398 312
90425399 312
90428575 312
90430409 331
90430414 331
90430415 331
90430418 331
90430419 331
90430424 331
90430426 331
90430428 331
90430429 331
90430433 331
90430443 331
90430447 331
90430959 304
90432231 304
90432235 304
90432236 304
90432237 304
90432238 304
90432423 312
90432444 312
90432445 312
90432446 312
90432481 312
90432520 304
90432522 304
90432524 304
90432525 304
90432529 304
90432534 304
90432535 304
90432540 304
90432541 304
90432542 304
90432548 304
90432549 304
90432550 304
90432555 304
90432585 304
90432619 304
90432620 304
90432621 304
90432622 304
90432699 304
90433115 304
90433276 304
90433277 304
90433278 304
90433279 304
90433321 304
90434047 304
90435207 312
90435231 312
90435241 312
90435568 304
90435572 304
90435573 304
90435576 304
90435578 304
90435583 304
90435743 312
90435911 312
90439727 350
90442236 304
90442237 304
90442238 304
90442523 304
90443222 304
90443223 304
90443230 304
90443231 304
90443243 304
90444443 304
90444667 369
90445577 350
90446001 350
90446002 350
90446003 350
90446009 350
90446011 350
90446012 350
90446013 350
90446014 350
90446015 350
90447865 331
90448169 312
90453334 388
90453335 388
90453339 388
90454350 304
90454351 304
90457273 369
90457275 369
90457836 326
90457837 326
90457838 326
90457852 326
90457853 326
90457854 326
90458185 304
90458623 369
90461467 326
90461807 312
90463897 312
90466526 342
90466527 342
90471752 331
90471754 331
90471756 331
90471757 331
90471761 331
90473129 388
90474873 304
90475326 331
90475327 331
90475452 331
90475453 331
90475454 331
90482126 331
90482127 331
90482368 331
90482384 331
90482388 331
90482389 331
90482400 331
90482402 331
90482403 331
90482408 331
90482410 331
90482416 331
90482417 331
90482420 331
90482421 331
90482424 331
90482426 331
90482433 331
90482436 331
90482437 331
90482438 331
90482446 331
90482447 331
90482457 331
90482460 331
90482461 331
90482462 331
90482463 331
90482571 331
90482919 331
90483431 304
90483433 304
90489282 304
90489283 304
90496159 331
90497583 312
90509006 350
90509007 350
90510390 350
90510391 350
90515550 304
90515551 304
90516705 331
90521854 331
90521855 331
90524799 331
90525311 323
90527527 350
90533211 323
90534491 415
90535143 312
90535151 312
90536551 323
90536617 323
90536873 312
90541097 323
90542000 312
90542004 312
90542005 312
90542008 312
90542010 312
90542017 312
90542969 312
90542971 312
90547497 304
90557310 323
90557311 323
90566402 304
90566403 304
90566407 304
90568057 312
90568062 312
90568063 312
90568095 312
90568185 312
90568187 312
90568190 312
90568191 312
90568351 312
90568841 331
90569467 312
90573865 312
90577145 304
90577170 304
90577171 304
90577223 304
90577343 304
90577401 304
90577575 304
90577577 304
90577595 304
90577639 304
90577855 304
90577936 304
90577940 304
90577941 304
90577944 304
90577946 304
90577952 304
90577954 304
90577955 304
90577960 304
90577962 304
90577968 304
90577972 304
90577973 304
90577976 304
90577978 304
90577980 304
90577981 304
90577988 304
90577989 304
90577990 304
90577995 304
90577998 304
90577999 304
90578006 304
90578007 304
90578014 304
90578015 304
90578017 304
90578023 304
90578057 304
90578459 312
90578727 304
90578928 304
90578932 304
90578933 304
90578936 304
90578938 304
90578971 304
90579410 304
90579411 304
90579414 304
90579415 304
90579422 304
90579423 304
90579431 304
90579455 304
90579513 312
90579620 304
90579621 304
90579622 304
90579625 304
90580137 342
90580430 304
90580431 304
90580976 304
90580980 304
90580981 304
90580984 304
90580986 304
90580988 304
90580989 304
90580990 304
90581046 304
90581047 304
90581063 304
90581095 304
90581103 304
90581167 304
90581246 304
90581247 304
90581447 304
90581897 304
90582078 304
90582079 304
90582171 304
90582241 304
90582297 304
90582892 304
90582893 304
90582894 304
90582904 304
90582905 304
90582906 304
90582908 304
90582909 304
90582910 304
90582911 304
90582953 304
90582994 304
90582995 304
90583026 304
90583027 304
90583033 304
90583036 304
90583037 304
90583038 304
90583390 304
90583391 304
90584438 304
90584439 304
90584441 304
90584457 304
90584462 304
90584463 304
90584470 304
90584471 304
90584473 304
90585601 304
90585697 304
90586843 304
90588007 304
90589686 304
90589687 304
90589692 304
90589693 304
90589694 304
90596284 380
90596285 380
90596286 380
90596497 312
90596498 312
90596499 312
90596511 312
90601711 304
90603631 304
90608315 312
90608411 312
90608921 312
90613227 312
90619673 342
90621543 304
90623388 312
90623389 312
90623390 312
90623391 304
90630783 358
90634110 312
90634111 312
90634126 312
90634127 312
90634617 312
90635289 312
90635995 304
90637915 312
90642424 304
90642426 304
90642428 304
90642429 304
90645535 304
90650475 377
90650479 377
90650494 377
90650495 377
90655809 326
90655810 326
90655811 326
90655816 326
90655818 326
90655820 326
90655821 326
90655822 326
90655823 326
90655825 326
90655841 326
90655852 326
90655853 326
90655854 326
90660255 304
90662249 304
90662251 304
90662252 304
90662253 304
90662254 304
90666665 304
90681479 304
90682783 304
90682878 304
90682879 304
90683055 304
90683115 304
90683119 304
90683154 304
90683155 304
90686119 331
90686168 331
90686170 331
90686172 331
90686173 331
90686174 331
90686175 331
90686183 331
90686239 331
90688169 304
90689138 312
90689139 312
90689166 312
90689167 312
90692551 331
90696786 331
90696787 331
90701855 312
90701979 312
90710928 331
90710932 331
90710933 331
90710934 331
90710935 331
90710936 331
90710937 331
90710938 331
90710945 331
90710946 331
90710947 331
90710956 331
90710957 331
90710958 331
90710959 331
90710966 331
90710967 331
90710994 331
90710995 331
90711017 331
90715263 331
90717393 331
90717394 331
90717395 331
90718774 331
90718775 331
90721051 331
90721150 312
90721151 312
90721305 331
90721311 331
90721388 331
90721389 331
90721390 331
90721758 331
90721759 331
90723307 312
90724338 331
90724339 331
90727154 331
90727155 331
90727551 331
90730687 312
90733368 331
90733370 331
90733372 331
90733373 331
90737321 331
90738431 331
90738680 331
90738682 331
90738684 331
90738685 331
90739579 331
90744731 331
90745211 331
90748185 331
90749087 342
90750934 331
90750935 331
90752478 331
90752479 331
90756655 331
90759343 396
90767566 304
90767567 304
90770936 304
90770938 304
90770940 304
90770941 304
90780555 369
90783591 304
90791934 312
90791935 312
90797697 358
90800350 358
90800351 358
90804635 331
90805476 331
90805477 331
90805478 331
90805481 331
90805490 331
90805491 331
90805515 331
90805522 331
90805523 331
90805532 331
90805533 331
90805534 331
90805553 331
90805554 331
90805555 331
90805561 331
90805575 331
90805611 331
90805612 331
90805613 331
90805614 331
90805615 331
90805625 331
90805718 331
90805719 331
90805726 331
90805727 331
90805982 331
90805983 331
90806011 331
90806226 331
90806227 331
90809668 331
90809669 331
90809670 331
90809672 331
90809674 331
90809675 331
90809676 331
90809677 331
90809691 331
90815900 331
90815901 331
90815902 331
90820553 358
90827199 331
90834683 331
90838008 331
90838010 331
90838012 331
90838013 331
90841135 331
90841191 331
90841199 331
90841244 331
90841245 331
90841246 331
90841705 331
90841727 331
90842396 331
90842397 331
90842398 331
90842422 331
90842423 331
90845031 331
90850185 350
90855167 331
90855186 331
90855187 331
90855545 369
90869758 331
90869759 331
90878606 350
90878607 350
90885710 331
90885711 331
90885759 331
90888081 369
90888082 369
90888083 369
90896507 331
90900046 304
90900047 304
90910875 350
90923961 350
90923963 350
90923964 350
90923965 350
90923966 350
90927407 350
90929435 350
90944287 312
90952809 415
90953323 369
90955214 339
90955215 339
90959513 331
90959519 331
90963183 342
90963931 342
90966478 304
90966479 304
90966494 304
90966495 304
90970430 358
90970431 358
90973675 350
90974162 304
90974163 304
90976338 312
90976339 312
90976415 312
90980199 350
90980900 339
90980901 339
90980902 339
90982063 339
90983663 312
90983847 312
90983851 312
90983855 312
90983873 312
90983874 312
90983875 312
90984041 312
90984063 312
90984118 312
90984119 312
90984142 312
90984143 312
90984191 312
90984201 312
90984283 312
90984374 312
90984375 312
90984441 312
90984761 312
90984863 312
90984898 312
90984899 312
90984932 312
90984933 312
90984934 312
90984935 312
90985383 312
90989403 312
90990591 339
91013345 331
91017755 331
91033307 350
91034271 339
91034962 312
91034963 312
91056123 361
91059179 350
91065398 339
91065399 339
91066785 323
91067035 323
91067423 304
91067899 323
91068743 312
91070491 434
91071938 304
91071939 304
91074529 323
91074532 304
91074533 304
91074534 304
91081217 312
91087529 331
91090526 350
91090527 350
91090529 350
91093785 339
91099903 350
91099985 350
91099986 350
91099987 350
91100001 350
91100025 350
91110107 350
91111455 331
91112479 331
91115135 331
91117010 312
91117011 312
91119310 312
91119311 312
91119355 312
91128745 331
91130081 331
91131495 312
91131785 388
91133825 331
91133838 331
91133839 331
91133867 331
91134023 331
91134055 331
91134936 331
91134938 331
91134940 331
91134941 331
91134951 331
91136411 312
91138023 331
91140009 331
91140127 453
91142875 331
91142951 331
91145041 331
91145042 331
91145043 331
91148615 331
91152985 331
91153790 331
91153791 331
91155623 331
91164519 331
91164670 323
91164671 323
91166187 331
91166926 350
91166927 350
91167408 312
91167412 312
91167413 312
91167416 312
91167418 312
91167425 312
91167433 312
91167441 312
91167442 312
91167443 312
91167446 312
91167447 312
91167451 312
91178223 323
91178462 323
91178463 323
91180161 312
91180174 312
91180175 312
91182183 331
91194249 331
91194745 369
91195888 323
91195892 323
91195893 323
91195896 323
91195898 323
91195899 323
91197083 331
91198591 323
91203748 331
91203749 331
91203750 331
91204508 331
91204509 331
91204510 331
91204585 312
91207280 331
91207284 331
91207285 331
91207286 331
91207287 331
91207288 331
91207290 331
91207291 331
91207625 331
91207643 331
91207902 331
91207903 331
91208356 312
91208357 312
91208358 312
91212479 331
91212894 331
91212895 331
91217878 331
91217879 331
91223294 377
91223295 377
91226279 388
91227116 331
91227117 331
91227118 331
91227390 331
91227391 331
91231513 388
91231545 388
91231591 388
91232415 369
91234249 331
91234254 331
91234255 331
91246313 350
91246319 350
91246326 350
91246327 350
91254875 350
91258471 312
91258539 312
91258632 312
91258634 312
91258636 312
91258637 312
91258641 312
91258646 312
91258647 312
91258727 312
91259739 312
91260071 350
91268990 312
91268991 312
91269497 312
91304683 331
91313150 304
91313151 304
91313289 304
91317110 331
91317111 331
91317115 331
91318249 312
91321583 304
91323111 339
91323529 350
91326380 350
91326381 350
91326382 350
91328620 339
91328621 339
91328622 339
91328623 339
91328633 339
91330632 369
91330634 369
91330636 369
91330637 369
91330638 369
91330639 369
91330641 369
91330654 369
91330655 369
91330667 369
91339180 369
91339181 369
91339182 369
91339190 369
91339191 369
91340735 304
91341639 331
91342201 304
91343713 304
91344639 304
91345174 304
91345175 304
91345177 304
91346335 304
91347271 350
91347943 339
91351039 331
91356443 331
91356799 331
91358801 304
91358802 304
91358803 304
91358811 304
91359099 304
91359145 304
91360491 304
91378927 312
91383634 312
91383635 312
91389179 312
91389182 369
91389183 369
91394463 312
91398825 396
91406443 331
91407862 396
91407863 396
91413929 304
91414070 304
91414071 304
91415382 304
91415383 304
91417230 304
91417231 304
91420080 304
91420084 304
91420085 304
91420088 304
91420090 304
91420095 304
91420097 304
91420103 304
91422424 304
91422425 304
91422426 304
91422428 304
91422429 304
91422441 304
91422443 304
91441106 323
91441107 323
91441275 323
91442668 304
91442669 304
91442670 304
91448039 304
91453887 331
91457127 369
91457695 415
91475026 377
91475027 377
91479067 331
91483775 331
91485825 312
91485927 369
91487742 331
91487743 331
91489311 331
91492327 312
91500048 312
91500052 312
91500053 312
91500056 312
91500058 312
91500066 312
91500067 312
91500075 312
91500076 312
91500077 312
91500078 312
91504065 342
91504066 342
91504067 342
91504071 342
91517375 312
91517929 312
91517932 312
91517933 312
91517934 312
91517935 312
91522535 312
91534663 312
91544575 331
91548585 312
91551736 304
91551738 304
91551740 304
91551741 304
91551903 304
91555977 312
91560289 388
91563041 312
91570830 312
91570831 312
91572651 331
91584265 339
91587419 331
91587858 331
91587859 331
91588321 331
91589791 312
91599515 312
91602799 312
91603662 312
91603663 312
91604553 312
91605999 331
91606505 312
91612969 377
91613631 377
91618145 331
91622697 377
91625247 369
91625249 369
91625255 369
91625257 369
91627401 407
91633982 312
91633983 312
91634001 312
91634002 312
91634003 312
91634017 312
91634126 312
91634127 312
91634782 312
91634783 312
91634785 312
91637673 312
91637897 312
91638911 331
91638975 312
91639855 312
91640172 331
91640173 331
91640174 331
91640539 331
91647620 312
91647621 312
91647622 312
91647627 312
91647633 312
91647634 312
91647635 312
91647644 312
91647645 312
91647646 312
91647657 312
91648802 312
91648803 312
91648804 312
91648805 312
91648806 312
91648812 312
91648813 312
91648814 312
91648817 312
91648818 312
91648819 312
91648841 312
91648846 312
91648847 312
91648859 312
91648862 312
91648863 312
91648865 312
91648898 312
91648899 312
91648900 312
91648901 312
91648902 312
91648903 312
91648905 312
91648907 312
91648935 312
91648937 312
91648967 312
91649095 312
91649161 312
91650674 312
91650675 312
91652799 339
91653430 312
91653431 312
91654646 312
91654647 312
91654649 312
91654652 312
91654653 312
91654654 312
91655015 312
91655271 312
91655279 312
91655329 312
91655794 312
91655795 312
91655911 312
91656943 312
91656999 312
91659431 312
91664184 312
91664186 312
91664187 312
91664188 312
91664189 312
91664201 312
91664214 312
91664215 312
91664216 312
91664218 312
91664220 312
91664221 312
91664225 312
91664287 312
91664319 312
91664327 312
91667452 312
91667453 312
91667454 312
91668591 312
91678078 331
91678079 331
91678721 331
91679993 331
91679998 331
91679999 331
91687420 369
91687421 369
91687422 369
91687423 369
91691998 307
91691999 307
91693500 396
91693501 396
91693502 396
91700975 391
91703691 307
91705831 304
91706098 312
91706099 312
91710495 312
91711289 312
91714207 312
91714779 304
91716604 312
91716605 312
91716606 312
91716607 312
91716920 312
91716922 312
91716924 312
91716925 312
91716937 312
91716942 312
91716943 312
91716946 312
91716947 312
91716950 312
91716951 312
91716955 312
91717055 312
91717403 312
91717548 312
91717549 312
91717550 312
91723458 304
91723459 304
91727723 369
91730409 331
91730818 312
91730819 312
91730820 312
91730821 312
91730822 312
91730823 312
91730825 312
91735531 304
91743303 350
91743847 331
91745264 331
91745268 331
91745269 331
91745272 331
91745274 331
91748635 350
91756871 312
91762620 331
91762621 331
91762622 331
91766172 323
91766173 323
91766174 323
91769703 304
91770017 304
91771739 304
91771766 304
91771767 304
91771768 304
91771770 304
91771772 304
91771773 304
91771774 304
91771775 304
91771790 304
91771791 304
91771817 304
91771830 304
91771831 304
91771833 304
91771835 304
91771839 304
91776377 304
91780335 304
91792801 304
91797915 323
91804497 312
91804498 312
91804499 312
91817302 369
91817303 369
91817305 369
91817310 369
91817311 369
91817336 369
91817338 369
91817340 369
91817341 369
91817345 369
91817358 369
91817359 369
91829814 304
91829815 304
91832318 361
91832319 361
91852473 396
91852475 396
91856027 323
91877878 312
91877879 312
91878591 307
91881129 323
91887231 358
91887236 358
91887237 358
91887238 358
91887243 358
91887249 358
91887250 358
91887251 358
91887266 358
91887267 358
91887268 358
91887269 358
91887270 358
91887275 358
91888327 312
91888331 312
91888363 312
91888367 312
91888767 312
91892720 307
91892724 307
91892725 307
91892728 307
91892730 307
91897977 323
91898078 323
91898079 323
91907534 331
91907535 331
91923364 312
91923365 312
91923366 312
91923371 312
91923372 312
91923373 312
91923374 312
91923388 312
91923389 312
91923390 312
91923400 312
91923401 312
91923402 312
91923404 312
91923405 312
91923409 312
91923410 312
91923411 312
91923414 312
91923415 312
91923433 312
91923436 312
91923437 312
91923438 312
91923442 312
91923443 312
91923446 312
91923447 312
91923448 312
91923449 312
91923450 312
91923452 312
91923453 312
91923454 312
91923455 312
91923483 312
91926582 312
91926583 312
91926779 361
91928667 312
91939871 331
91947751 312
91948600 312
91948602 312
91948604 312
91948605 312
91948609 312
91948610 312
91948611 312
91949835 323
91954415 312
91954514 312
91954515 312
91955081 312
91955196 312
91955197 312
91955198 312
91955367 312
91955534 312
91955535 312
91955615 312
91956478 312
91956479 312
91956844 312
91956845 312
91956846 312
91956847 312
91959026 312
91959027 312
91959030 312
91959031 312
91959035 312
91959042 312
91959043 312
91959047 312
91959049 312
91959111 312
91959131 312
91959350 312
91959351 312
91959387 312
91961718 312
91961719 312
91962878 312
91962879 312
91964555 312
91964575 312
91964585 312
91964790 312
91964791 312
91964863 312
91964972 312
91964973 312
91964974 312
91964977 312
91964978 312
91964979 312
91965343 312
91965351 312
91965375 312
91965662 312
91965663 312
91966311 312
91966879 312
91967003 312
91968751 312
91968889 312
91969863 312
91970987 312
91971675 312
91974811 312
91974841 339
91974843 339
91974919 312
91976393 312
91976395 312
91976423 312
91978721 312
91979551 312
91981217 312
91981225 312
91982153 339
91982332 312
91982333 312
91982334 312
91984529 312
91984530 312
91984531 312
91986159 312
91991934 312
91991935 312
91994062 312
91994063 312
91994066 312
91994067 312
91994081 312
91994660 312
91994661 312
91994662 312
91994665 312
91994873 312
91994913 312
91994921 312
91995311 312
91996766 312
91996767 312
91997599 377
91999483 312
91999486 312
91999487 312
92013049 350
92013287 350
92019100 350
92019101 350
92019102 350
92020863 350
92034079 339
92034919 312
92037927 339
92040551 312
92040935 339
92043326 312
92043327 312
92043734 312
92043735 312
92044400 312
92044404 312
92044405 312
92044406 312
92044407 312
92044408 312
92044410 312
92044411 312
92044418 312
92044419 312
92044420 312
92044421 312
92044422 312
92044424 312
92044426 312
92044428 312
92044429 312
92044432 312
92044436 312
92044437 312
92044438 312
92044439 312
92044440 312
92044441 312
92044442 312
92044444 312
92044445 312
92044446 312
92044449 312
92044450 312
92044451 312
92044452 312
92044453 312
92044454 312
92044457 312
92044459 312
92044460 312
92044461 312
92044462 312
92044476 312
92044477 312
92044478 312
92044481 312
92044482 312
92044483 312
92044489 312
92044491 312
92044494 312
92044495 312
92044502 312
92044503 312
92044507 312
92044510 312
92044511 312
92044513 312
92044519 312
92044521 312
92044527 312
92044530 312
92044531 312
92044551 312
92044571 312
92044593 312
92044594 312
92044595 312
92044616 312
92044618 312
92044620 312
92044621 312
92044625 312
92044652 312
92044653 312
92044654 312
92044665 312
92044831 312
92044878 312
92044879 312
92044889 312
92044907 312
92044911 312
92044969 312
92045003 312
92045138 312
92045139 312
92045153 312
92045311 312
92047054 312
92047055 312
92047259 312
92047273 312
92048632 312
92048634 312
92048636 312
92048637 312
92053761 312
92053762 312
92053763 312
92053769 312
92059646 339
92059647 339
92060201 312
92060783 339
92060827 312
92061675 312
92061727 312
92067318 312
92067319 312
92069311 312
92069627 312
92069631 312
92069880 312
92069882 312
92069884 312
92069885 312
92070591 312
92071422 331
92071423 331
92072295 312
92073119 339
92073889 312
92075224 312
92075226 312
92075228 312
92075229 312
92075233 312
92075239 312
92077121 312
92077122 312
92077123 312
92077138 312
92077139 312
92077394 312
92077395 312
92077420 312
92077421 312
92077422 312
92077423 312
92077433 312
92078249 312
92080481 312
92080487 312
92080507 312
92080510 312
92080511 312
92080543 312
92080571 312
92080609 312
92080617 312
92080619 312
92080623 312
92080624 312
92080628 312
92080629 312
92080632 312
92080634 312
92080697 312
92080721 350
92080722 350
92080723 350
92081087 312
92082991 312
92083986 304
92083987 304
92083995 304
92084617 312
92086494 323
92086495 323
92088417 350
92088427 350
92089681 331
92089682 331
92089683 331
92093055 312
92093745 312
92093746 312
92093747 312
92093753 312
92094567 312
92094748 312
92094749 312
92094750 312
92094751 312
92099897 415
92100681 320
92109467 312
92113374 312
92113375 312
92113391 312
92116908 358
92116909 358
92116910 358
92116911 358
92121742 312
92121743 312
92123873 320
92125692 312
92125693 312
92125694 312
92125985 312
92128103 350
92133362 312
92133363 312
92150043 331
92151199 331
92153535 312
92154942 331
92154943 331
92158747 312
92158841 312
92159289 331
92161055 331
92164472 331
92164474 331
92164476 331
92164477 331
92164478 331
92164479 331
92164847 320
92170011 331
92171116 331
92171117 331
92171118 331
92175233 323
92176239 323
92179209 350
92184603 350
92191574 350
92191575 350
92193707 396
92194841 312
92200505 312
92200575 312
92200703 312
92200955 312
92203367 320
92203689 396
92204217 323
92204219 323
92204671 312
92204679 323
92206363 323
92206418 339
92206419 339
92210279 331
92211564 339
92211565 339
92211566 339
92217214 396
92217215 396
92219785 331
92221467 331
92221481 331
92222185 320
92231374 377
92231375 377
92258262 312
92258263 312
92258681 396
92264095 350
92266055 350
92271710 350
92271711 350
92271719 350
92271723 350
92271724 350
92271725 350
92271726 350
92271727 350
92276278 320
92276279 320
92296105 312
92297934 312
92297935 312
92300903 331
92301526 331
92301527 331
92306671 312
92307833 320
92309163 304
92310368 304
92310376 304
92310378 304
92310384 304
92310385 304
92310388 304
92310389 304
92310402 304
92310403 304
92310407 304
92310414 304
92310415 304
92310553 304
92312991 415
92315632 331
92315636 331
92315637 331
92315640 331
92315642 331
92317225 312
92322729 377
92329513 312
92333225 320
92333320 331
92333322 331
92333324 331
92333325 331
92333329 331
92333334 331
92333335 331
92333343 331
92333522 312
92333523 312
92336575 320
92336606 320
92336607 320
92336799 331
92341234 331
92341235 331
92342896 331
92342900 331
92342901 331
92342904 331
92342905 331
92342906 331
92342921 331
92342926 331
92342927 331
92343708 331
92343709 331
92343710 331
92349481 331
92353147 331
92353351 331
92361471 312
92371947 312
92371995 312
92372041 312
92372281 312
92375535 312
92375542 312
92375543 312
92375551 312
92377196 312
92377197 312
92377198 312
92377209 312
92377233 312
92377234 312
92377235 312
92377391 312
92377422 312
92377423 312
92377831 312
92377839 312
92378328 312
92378330 312
92378332 312
92378333 312
92378343 312
92378425 312
92378441 312
92378766 312
92378767 312
92381447 312
92383457 312
92385633 312
92385947 312
92386363 312
92386366 312
92386367 312
92386431 312
92386441 312
92388561 312
92388562 312
92388563 312
92388734 312
92388735 312
92388918 312
92388919 312
92389355 331
92390727 312
92391143 312
92394633 312
92395263 312
92395679 312
92396615 312
92396766 312
92396767 312
92397159 312
92397215 312
92397262 312
92397263 312
92397705 312
92398774 312
92398775 312
92403359 312
92409993 312
92410183 312
92410194 312
92410195 312
92410742 331
92410743 331
92417791 304
92422422 304
92422423 304
92422425 304
92422428 304
92422429 304
92422430 304
92422431 304
92425243 331
92430561 312
92438441 312
92444233 304
92445673 304
92448068 312
92448069 312
92448070 312
92448072 312
92448073 312
92448074 312
92448075 312
92448076 312
92448077 312
92448841 312
92451670 312
92451671 312
92451707 312
92451999 312
92452002 312
92452003 312
92452004 312
92452005 312
92452006 312
92452022 312
92452023 312
92452065 312
92452278 312
92452279 312
92452729 312
92453991 304
92455615 312
92456187 312
92457337 312
92459689 312
92460766 396
92460767 396
92461567 312
92462393 312
92462527 312
92464004 396
92464005 396
92464006 396
92464011 396
92465138 312
92465139 312
92465142 312
92465143 312
92465145 312
92465263 312
92465833 312
92466087 312
92467179 312
92467881 358
92475419 312
92476110 369
92476111 369
92476169 369
92476214 369
92476215 369
92476231 369
92476246 369
92476247 369
92476278 369
92476279 369
92476281 369
92476286 369
92476287 369
92476359 369
92476370 369
92476371 369
92478985 312
92478994 312
92478995 312
92479009 312
92479017 312
92479535 331
92480295 331
92484745 331
92485886 331
92485887 331
92490471 331
92491232 331
92491240 331
92491242 331
92491248 331
92491249 331
92491252 331
92491253 331
92491254 331
92491255 331
92491257 331
92491259 331
92491265 331
92491305 331
92491320 331
92491321 312
92491322 331
92491323 331
92491324 331
92491325 331
92491326 331
92491327 331
92491355 331
92492271 331
92492598 331
92492599 331
92492681 331
92493025 331
92500127 320
92505455 331
92505579 331
92509631 312
92524001 320
92530599 312
92530601 312
92543999 312
92545023 312
92547288 350
92547290 350
92547292 350
92547293 350
92547311 312
92547969 312
92550383 312
92555657 312
92555945 312
92562980 312
92562981 312
92562982 312
92562983 312
92568167 312
92569121 320
92569435 331
92569441 331
92569723 331
92572379 331
92574633 320
92574636 320
92574637 320
92574638 320
92574646 320
92574647 320
92574649 320
92574651 320
92574655 320
92576728 350
92576730 350
92576732 350
92576733 350
92576743 350
92577193 350
92577791 312
92581631 312
92585372 350
92585373 350
92585374 350
92586095 320
92593249 331
92600987 323
92643999 350
92646718 312
92646719 312
92652427 312
92653743 312
92654233 312
92654956 377
92654957 377
92654958 377
92654969 377
92659598 312
92659599 312
92660619 377
92662727 377
92677545 350
92679038 312
92679039 312
92681550 434
92681551 434
92688662 304
92688663 304
92688665 304
92688923 304
92690418 377
92690419 377
92696009 396
92696011 396
92699035 304
92701710 358
92701711 358
92704898 350
92704899 350
92704900 350
92704901 350
92704902 350
92705583 377
92711390 320
92711391 320
92712929 320
92714206 312
92714207 312
92715000 312
92715002 312
92715004 312
92715005 312
92715478 312
92715479 312
92716903 312
92720795 312
92720831 312
92722817 350
92724478 350
92724479 350
92725473 320
92725887 358
92726366 312
92726367 312
92727143 312
92733819 312
92734094 350
92734095 350
92752492 323
92752493 323
92752494 323
92752537 323
92754370 312
92754371 312
92760251 312
92762020 312
92762021 312
92762022 312
92765183 304
92767167 312
92774270 377
92774271 377
92774281 377
92779099 304
92791343 304
92794521 312
92804001 304
92804007 304
92804423 304
92824377 312
92824382 312
92824383 312
92824903 312
92824953 312
92825035 312
92825042 312
92825043 312
92827887 358
92830587 312
92832123 312
92835318 358
92835319 358
92835547 312
92835583 312
92835681 312
92836972 312
92836973 312
92836974 312
92837628 312
92837629 312
92837630 312
92837671 312
92837889 312
92837915 312
92841087 312
92842166 312
92842167 312
92842395 312
92842462 312
92842463 312
92849767 312
92851070 369
92851071 369
92860126 312
92860127 312
92862555 312
92862875 358
92862889 377
92871486 350
92871487 350
92871739 350
92872281 350
92872351 350
92872510 434
92872511 434
92873230 350
92873231 350
92873343 350
92875313 350
92875314 350
92875315 350
92875318 350
92875319 350
92875321 350
92876415 350
92876553 350
92877979 350
92878802 388
92878803 388
92886143 320
92886862 312
92886863 312
92887374 312
92887375 312
92889558 312
92889559 312
92890446 312
92890447 312
92890449 312
92890450 312
92890451 312
92890559 312
92890983 312
92897391 312
92912694 312
92912695 312
92913321 331
92913323 331
92914343 331
92915595 331
92922846 312
92922847 312
92924107 312
92924351 312
92928411 312
92928623 312
92928873 312
92929528 312
92929530 312
92929532 312
92929533 312
92929577 312
92930815 312
92931743 331
92933119 312
92940799 377
92943643 331
92944505 377
92949999 331
92951889 304
92951890 304
92951891 304
92955583 304
92962907 331
92963169 350
92963177 350
92963179 350
92963183 350
92979196 350
92979197 350
92979198 350
92980059 350
92981915 312
92981993 312
92983143 377
92984782 377
92984783 377
92985451 312
92991487 312
92993266 304
92993267 304
92994817 320
92994818 320
92994819 320
92994825 320
92995070 304
92995071 304
92995527 312
92995534 312
92995535 312
92996990 312
92996991 312
93000388 331
93000389 331
93000390 331
93000392 331
93000394 331
93000396 331
93000397 331
93000409 331
93000420 331
93000421 331
93000422 331
93005287 320
93005291 320
93010057 312
93011483 304
93022137 331
93022139 331
93022367 331
93033660 358
93033661 358
93033662 358
93045321 312
93047670 388
93047671 388
93047675 388
93049569 304
93050194 304
93050195 304
93055163 304
93070064 350
93070068 350
93070069 350
93070072 350
93070074 350
93091278 304
93091279 304
93091785 304
93091826 304
93091827 304
93100558 388
93100559 388
93105647 377
93105791 377
93108463 377
93108905 304
93109244 304
93109245 304
93109246 304
93109247 304
93116185 377
93116187 377
93126503 312
93128574 461
93128575 461
93140071 339
93140924 339
93140925 339
93140926 339
93140927 339
93151871 304
93151881 304
93151908 304
93151909 304
93151910 304
93159874 312
93159875 312
93181999 339
93193063 312
93194203 312
93194206 312
93194207 312
93195241 312
93206850 331
93206851 331
93229639 320
93229641 320
93229695 320
93234126 312
93234127 312
93237095 320
93267823 331
93268412 331
93268413 331
93268414 331
93268430 331
93268431 331
93271324 331
93271325 331
93271326 331
93271327 331
93274671 331
93275883 331
93276329 331
93285372 385
93285373 385
93285374 385
93287393 320
93287839 320
93288402 331
93288403 331
93288479 320
93289526 358
93289527 358
93289726 320
93289727 320
93290087 320
93292297 320
93292703 320
93293625 320
93293627 320
93293630 320
93293631 320
93293931 320
93294427 320
93294639 320
93294683 442
93296807 320
93302491 320
93305641 331
93313590 304
93313591 304
93315465 320
93315467 320
93315641 320
93316123 331
93316167 331
93316235 331
93316265 331
93316793 320
93316795 320
93316802 320
93316803 320
93316833 320
93319657 377
93319663 377
93323259 377
93325649 331
93325650 331
93325651 331
93329249 320
93342857 304
93344812 331
93344813 331
93344814 331
93344817 331
93344818 331
93344819 331
93344825 331
93344830 331
93344831 331
93346082 312
93346083 312
93346084 312
93346085 312
93346086 312
93346089 312
93346091 312
93351478 331
93351479 331
93351593 331
93352223 331
93355726 331
93355727 331
93356444 396
93356445 396
93356446 396
93357228 301
93357229 301
93357230 301
93357233 301
93357234 301
93357235 301
93360831 320
93373688 339
93373690 339
93373691 339
93373692 339
93373693 339
93373778 339
93373779 339
93374372 339
93374373 339
93374374 339
93375288 312
93375290 312
93375291 312
93375292 312
93375293 312
93375570 339
93375571 339
93376962 339
93376963 339
93380737 301
93382767 301
93397551 312
93403990 312
93403991 312
93407273 312
93412241 312
93412242 312
93412243 312
93412246 312
93412247 312
93412249 312
93412251 312
93412255 312
93416811 312
93417884 301
93417885 301
93417886 301
93420681 320
93421912 312
93421914 312
93421916 312
93421917 312
93421922 312
93421923 312
93421924 312
93421925 312
93421926 312
93421953 312
93428649 312
93428850 312
93428851 312
93428857 312
93431975 304
93432786 304
93432787 304
93432809 304
93433828 304
93433829 304
93433830 304
93436571 301
93436836 331
93436837 331
93436838 331
93436843 331
93444847 358
93449375 331
93451531 377
93452059 331
93452927 301
93458972 301
93458973 301
93458974 301
93458977 301
93458983 301
93461292 301
93461293 301
93461294 301
93461297 301
93461298 301
93461299 301
93461307 301
93461310 301
93461311 301
93461563 304
93461788 304
93461789 304
93461790 304
93461791 304
93462188 304
93462189 304
93462190 304
93462201 304
93462203 304
93462238 304
93462239 304
93462582 304
93462583 304
93462655 304
93462687 304
93462695 304
93462802 304
93462803 304
93462846 304
93462847 304
93466012 304
93466013 304
93466014 304
93466017 304
93466937 304
93469639 320
93472932 312
93472933 312
93472934 312
93472939 312
93473377 304
93473531 312
93474638 339
93474639 339
93475364 377
93475365 377
93475366 377
93477326 304
93477327 304
93477961 312
93479649 304
93479660 312
93479661 312
93479662 312
93479670 312
93479671 312
93479675 312
93479679 312
93479719 312
93481422 301
93481423 301
93481479 301
93481563 301
93481614 301
93481615 301
93481631 301
93481822 301
93481823 301
93481831 301
93485915 301
93501033 331
93501419 301
93503550 331
93503551 331
93516583 304
93517393 377
93517394 377
93517395 377
93517419 377
93517947 377
93524767 331
93524790 331
93524791 331
93530608 331
93530612 331
93530613 331
93530616 331
93530617 331
93530618 331
93530619 331
93530815 331
93534059 312
93534119 312
93534121 312
93534239 312
93534326 312
93534327 312
93534329 312
93534331 312
93534623 301
93535231 301
93535935 312
93537823 377
93541023 377
93551599 312
93551785 312
93557641 396
93560190 312
93560191 312
93560831 312
93571071 358
93571231 396
93571550 312
93571551 312
93572031 312
93572033 312
93572034 312
93572035 312
93573954 304
93573955 304
93573956 304
93573957 304
93573958 304
93573960 304
93573961 304
93573962 304
93573963 304
93573964 304
93573965 304
93573966 304
93573967 304
93573979 304
93573999 304
93574014 304
93574015 304
93574968 312
93574970 312
93574972 312
93574973 312
93574974 312
93574975 312
93575134 312
93575135 312
93582313 358
93592674 301
93592675 301
93592676 301
93592677 301
93592678 301
93592687 301
93592953 301
93593080 312
93593082 312
93593084 312
93593085 312
93596289 301
93596302 301
93596303 301
93596374 301
93596375 301
93596382 301
93596383 301
93596391 385
93596399 301
93596521 312
93601078 312
93601079 312
93602537 312
93602665 312
93602732 312
93602733 312
93602734 312
93602760 312
93602761 312
93602762 312
93602764 312
93602765 312
93602769 312
93602770 312
93602771 312
93602774 312
93602775 312
93602776 312
93602778 312
93602780 312
93602781 312
93602788 312
93602789 312
93602790 312
93602791 312
93602830 312
93602831 312
93602847 312
93602971 312
93603001 312
93603003 312
93603399 312
93603455 312
93603570 312
93603571 312
93603583 312
93604463 312
93606383 312
93606937 312
93609499 312
93609641 358
93609711 312
93610095 301
93612795 312
93613154 312
93613155 312
93613156 312
93613157 312
93613158 312
93613321 312
93613323 312
93613330 312
93613331 312
93613419 358
93621532 358
93621533 358
93621534 358
93630121 377
93638878 323
93638879 323
93643982 415
93643983 415
93643998 415
93643999 415
93657371 350
93671532 312
93671533 312
93671534 312
93675783 312
93695103 312
93695227 312
93695305 312
93706399 331
93707035 323
93725543 339
93731985 339
93731986 339
93731987 339
93737784 350
93737786 350
93737787 350
93737788 350
93737789 350
93737794 350
93737795 350
93737819 350
93737848 350
93737850 350
93737852 350
93737853 350
93737889 350
93737895 350
93737900 350
93737901 350
93737902 350
93737910 350
93737911 350
93737913 350
93737915 350
93737916 350
93737917 350
93737918 350
93737928 350
93737929 350
93737930 350
93737931 350
93737932 350
93737933 350
93737937 350
93737947 350
93737952 350
93737953 350
93737960 350
93737962 350
93737967 350
93737968 350
93737969 350
93737970 350
93737971 350
93737972 350
93737973 350
93737974 350
93737975 350
93737979 350
93738025 350
93738028 350
93738029 350
93738030 350
93738033 350
93738034 350
93738035 350
93738041 350
93738046 350
93738047 350
93738055 350
93741995 312
93742012 312
93742013 312
93742014 312
93742030 312
93742031 312
93742038 312
93742039 312
93742046 312
93742047 312
93742398 312
93742399 312
93743087 312
93743166 312
93743167 312
93744169 312
93745889 339
93746415 312
93746857 312
93747687 312
93748007 301
93752011 312
93752345 312
93752457 312
93752479 312
93752850 312
93752851 312
93753184 312
93753192 312
93753194 312
93753200 312
93753201 312
93753204 312
93753205 312
93753218 312
93753219 312
93753223 312
93753232 312
93753236 312
93753237 312
93753238 312
93753239 312
93753240 312
93753241 312
93753242 312
93753244 312
93753245 312
93753246 312
93753250 312
93753251 312
93753288 312
93753290 312
93753292 312
93753293 312
93753294 312
93753295 312
93753297 312
93753323 312
93753550 312
93753551 312
93754081 312
93754089 312
93754095 312
93754584 312
93754586 312
93754588 312
93754589 312
93754921 312
93758914 312
93758915 312
93761819 312
93761895 312
93761986 312
93761987 312
93765479 339
93767535 312
93767580 312
93767581 312
93767582 312
93767583 312
93767659 312
93767679 312
93769247 312
93769609 301
93774902 312
93774903 312
93779391 301
93789311 301
93809947 331
93815377 312
93815378 312
93815379 312
93817737 358
93821782 388
93821783 388
93821793 388
93825948 423
93825949 423
93825950 423
93827278 320
93827279 320
93828903 301
93829118 301
93829119 301
93829167 301
93829193 301
93832057 301
93832073 301
93832388 312
93832389 312
93832390 312
93832392 312
93832394 312
93832396 312
93832397 312
93832409 312
93832425 312
93832434 312
93832435 312
93832443 312
93832473 312
93832681 312
93832687 301
93832807 312
93835372 312
93835373 312
93835374 312
93837247 301
93837656 301
93837658 301
93837660 301
93837661 301
93837666 301
93837667 301
93837668 301
93837669 301
93837670 301
93837673 301
93837675 301
93837676 301
93837677 301
93837678 301
93837679 301
93837688 301
93837690 301
93837691 301
93837692 301
93837693 301
93837694 301
93837695 301
93838111 301
93840251 331
93842418 301
93842419 301
93842422 301
93842423 301
93849257 301
93856534 312
93856535 312
93856537 312
93857519 301
93857791 304
93872446 301
93872447 301
93891951 377
93892075 331
93898806 358
93898807 358
93900073 434
93907967 331
93919096 358
93919098 358
93919100 358
93919101 358
93931233 301
93942043 331
93946038 415
93946039 415
93955009 358
93955010 358
93955011 358
93955017 358
93960700 377
93960701 377
93960702 377
93961375 377
93966475 339
93966478 339
93966479 339
93969718 331
93969719 331
93970392 358
93970394 358
93970396 358
93970397 358
93970409 358
93971483 331
93971753 331
93972719 331
93973739 301
93974687 339
93976903 358
93977839 301
93977947 301
93978706 358
93978707 358
93979598 339
93979599 339
93979614 339
93979615 339
93980289 339
93980763 339
93980775 339
93985974 358
93985975 358
93987867 331
93987871 331
93988124 339
93988125 339
93988126 339
93988263 331
93992731 331
93994494 331
93994495 331
93999286 331
93999287 331
94002162 377
94002163 377
94002166 377
94002167 377
94017922 304
94017923 304
94017924 304
94017925 304
94017926 304
94017927 304
94017937 304
94017938 304
94017939 304
94017942 304
94017943 304
94017945 304
94017967 304
94017974 304
94017975 304
94017980 304
94017981 304
94017982 304
94017991 304
94023506 369
94023507 369
94028937 358
94039879 358
94039881 358
94039886 358
94039887 358
94039894 358
94039895 358
94039913 358
94039969 358
94040007 358
94040009 358
94040018 358
94040019 358
94041249 331
94062183 304
94066942 385
94066943 385
94075305 301
94080996 358
94080997 358
94080998 358
94081003 358
94082510 353
94082511 353
94086923 301
94096623 339
94101902 339
94101903 339
94101932 339
94101933 339
94101934 339
94101935 339
94123451 301
94135079 339
94138559 331
94138817 331
94138818 331
94138819 331
94138988 331
94138989 331
94138990 331
94139295 331
94139329 331
94139330 331
94139331 331
94139335 331
94139369 331
94139375 331
94139390 331
94139391 331
94139839 331
94140332 331
94140333 331
94140334 331
94140335 331
94140843 331
94141209 331
94142121 331
94142444 331
94142445 331
94142446 331
94142448 331
94142450 331
94142451 331
94142452 331
94142453 331
94142456 331
94142457 331
94142458 331
94142585 301
94143103 331
94143579 331
94145136 331
94145140 331
94145141 331
94145144 331
94145146 331
94147687 331
94150399 339
94151527 331
94154599 339
94160865 320
94170411 301
94170430 301
94170431 301
94170745 301
94170779 301
94170879 339
94173823 312
94175393 312
94175399 312
94177947 312
94180519 312
94180577 312
94180583 312
94180591 312
94180969 312
94180978 312
94180979 312
94182567 312
94183271 312
94186833 331
94186834 331
94186835 331
94191926 312
94191927 312
94194223 385
94197673 339
94197750 312
94197751 312
94205659 331
94206791 312
94206841 312
94211214 312
94211215 312
94212574 358
94212575 358
94226927 331
94230633 312
94231228 312
94231229 312
94231230 312
94231496 331
94231498 331
94231500 331
94231501 331
94231505 331
94231510 331
94231511 331
94234830 312
94234831 312
94235553 312
94239215 312
94248190 331
94248191 331
94248612 331
94248613 331
94248614 331
94248617 331
94253398 358
94253399 358
94253401 358
94253403 358
94254875 339
94257819 331
94263586 301
94263587 301
94263588 301
94263589 301
94263590 301
94263595 301
94263599 301
94265380 312
94265381 312
94265382 312
94265387 312
94269183 312
94269272 312
94269274 312
94269276 312
94269277 312
94269345 377
94269942 312
94269943 312
94274185 301
94289790 312
94289791 312
94291272 312
94291274 312
94291276 312
94291277 312
94291281 312
94302953 339
94317154 369
94317155 369
94317156 369
94317157 369
94317158 369
94325499 358
94336111 358
94336382 331
94336383 331
94339868 331
94339869 331
94339870 331
94339873 331
94343847 396
94361711 339
94364911 323
94369468 301
94369469 301
94369470 301
94369471 301
94369474 301
94369475 301
94369535 301
94369659 301
94369703 301
94370402 385
94370403 385
94370404 385
94370405 385
94370406 385
94370411 385
94370441 385
94370759 369
94371881 358
94374905 358
94375839 358
94375913 358
94375934 358
94375935 358
94380143 358
94380479 323
94386594 358
94386595 358
94386596 358
94386597 358
94386598 358
94393185 358
94399148 442
94399149 442
94399150 442
94399158 442
94399159 442
94399163 442
94401948 358
94401949 358
94401950 358
94410801 320
94410802 320
94410803 320
94411676 320
94411677 320
94411678 320
94412187 320
94412191 320
94412457 320
94412827 358
94414169 358
94414174 358
94414175 358
94414177 358
94414271 320
94428726 339
94428727 339
94440639 323
94441145 323
94441147 323
94461643 396
94461646 396
94461647 396
94467425 301
94478503 312
94501604 301
94501605 301
94501606 301
94501612 301
94501613 301
94501614 301
94501640 301
94501641 301
94501642 301
94501644 301
94501645 301
94501649 301
94501654 301
94501655 301
94501665 301
94501737 301
94501755 301
94501769 301
94502507 377
94514159 396
94516455 301
94531410 366
94531411 366
94536158 358
94536159 358
94540292 312
94540293 312
94540294 312
94540299 312
94540302 312
94540303 312
94540465 312
94540466 312
94540467 312
94540473 312
94540476 312
94540477 312
94540478 312
94540905 312
94540921 312
94540923 312
94541127 312
94541803 312
94543122 312
94543123 312
94543856 312
94543860 312
94543861 312
94543864 312
94543866 312
94543871 312
94546713 312
94547183 312
94548007 312
94548015 312
94548201 312
94548203 312
94548475 312
94548662 312
94548663 312
94548897 312
94548903 312
94548905 312
94558094 366
94558095 366
94558422 301
94558423 301
94560142 301
94560143 301
94560758 301
94560759 301
94561727 339
94562023 339
94562075 339
94562303 339
94562363 301
94562411 301
94562857 301
94562870 301
94562871 301
94562943 312
94564801 301
94564802 301
94564803 301
94564937 301
94564955 301
94564969 301
94565095 301
94565097 301
94565103 301
94565116 301
94565117 301
94565118 301
94565119 301
94565177 301
94565487 301
94565499 301
94565503 301
94565598 301
94565599 301
94566313 301
94566472 301
94566474 301
94566476 301
94566477 301
94566478 301
94566479 301
94566481 301
94566482 301
94566483 301
94567026 301
94567027 301
94567193 301
94567273 301
94567399 301
94567401 301
94567486 301
94567487 301
94567522 423
94567523 423
94567524 423
94567525 423
94567526 423
94567532 423
94567533 423
94567534 423
94569681 301
94569682 301
94569683 301
94569691 301
94569782 301
94569783 301
94578642 312
94578643 312
94586919 301
94587433 301
94587719 301
94588592 301
94588596 301
94588597 301
94588600 301
94588602 301
94588609 301
94588615 301
94588617 301
94588703 301
94588775 301
94589010 312
94589011 312
94589167 312
94589281 312
94589384 312
94589386 312
94589388 312
94589389 312
94589393 312
94589403 312
94589409 312
94589417 312
94589419 312
94589433 312
94589435 312
94589487 312
94589659 312
94589723 312
94589960 301
94589962 301
94589964 301
94589965 301
94589969 301
94589974 301
94589975 301
94589980 301
94589981 301
94589982 301
94589985 301
94590857 301
94592513 301
94592846 358
94592847 358
94596409 358
94596891 358
94597788 312
94597789 312
94597790 312
94598921 312
94602568 301
94602570 301
94602572 301
94602573 301
94602574 301
94602575 301
94602577 301
94602617 301
94608795 301
94611138 301
94611139 301
94612082 339
94612083 339
94612574 377
94612575 377
94617627 312
94618367 312
94621161 339
94622414 312
94622415 312
94625001 312
94625010 312
94625011 312
94625017 312
94625215 312
94626529 312
94626985 312
94629407 312
94630139 377
94631305 312
94631465 312
94632423 312
94634577 301
94634578 301
94634579 301
94635326 301
94635327 301
94636071 301
94638825 377
94640993 301
94645929 366
94647618 320
94647619 320
94647902 320
94647903 320
94647911 320
94647916 320
94647917 320
94647918 320
94648318 320
94648319 320
94648345 320
94648745 320
94649503 320
94650025 320
94650934 320
94650935 320
94652411 461
94652927 331
94656687 320
94661211 320
94661961 320
94661995 320
94662059 320
94662625 320
94677217 320
94704059 301
94704063 301
94704071 301
94704978 339
94704979 339
94711640 312
94711642 312
94711643 312
94711644 312
94711645 312
94711929 312
94717042 358
94717043 358
94718203 358
94719710 339
94719711 339
94725567 312
94726523 358
94728700 358
94728701 358
94728702 358
94728703 358
94729526 358
94729527 358
94739583 301
94745313 301
94745883 301
94749095 350
94749097 350
94749944 320
94749946 320
94749948 320
94749949 320
94751979 339
94751983 339
94763433 350
94765215 339
94769819 312
94779247 312
94781551 350
94781561 350
94789714 358
94789715 358
94789723 358
94793281 358
94793282 358
94793283 358
94793297 358
94793298 358
94793299 358
94793305 358
94793307 358
94793323 358
94793337 358
94793375 358
94793385 358
94798332 312
94798333 312
94798334 312
94798335 312
94798695 312
94800769 312
94800777 312
94800854 312
94800855 312
94800895 312
94801087 312
94806692 312
94806693 312
94806694 312
94807487 358
94813986 358
94813987 358
94813988 358
94813989 358
94813990 358
94813995 358
94813999 358
94818471 415
94823163 339
94823167 339
94828758 377
94828759 377
94829586 358
94829587 358
94834023 358
94834076 377
94834077 377
94834078 377
94839196 304
94839197 304
94839198 304
94843230 366
94843231 366
94849078 377
94849079 377
94857215 339
94858345 312
94859086 339
94859087 339
94894619 358
94898843 339
94913998 304
94913999 304
94918427 339
94921595 396
94921602 396
94921603 396
94921604 396
94921605 396
94921606 396
94921607 396
94921611 396
94925249 301
94925250 301
94925251 301
94925287 301
94925289 301
94930247 358
94935161 331
94940263 331
94948770 358
94948771 358
94948772 358
94948773 358
94948774 358
94951177 331
94955627 320
94969835 312
94972041 312
94972073 312
94978473 312
94984859 312
94985199 312
94985243 312
94986958 312
94986959 312
94992609 418
95002927 320
95003041 320
95008222 320
95008223 320
95010812 320
95010813 320
95010814 320
95010815 320
95013103 320
95014553 331
95014559 331
95015323 312
95015327 312
95016736 331
95016744 331
95016746 331
95016752 331
95016756 331
95016757 331
95016769 331
95016772 331
95016773 331
95016774 331
95016779 331
95016800 331
95016802 331
95016803 331
95016804 331
95016805 331
95016806 331
95016808 331
95016810 331
95016812 331
95016813 331
95016814 331
95016816 331
95016817 331
95016820 331
95016821 331
95016880 331
95016884 331
95016885 331
95016886 331
95016887 331
95016888 331
95016890 331
95016897 331
95016918 331
95016919 331
95016920 331
95016922 331
95016923 331
95016924 331
95016925 331
95016929 331
95016950 331
95016951 331
95016952 331
95016953 331
95016954 331
95016955 331
95016956 331
95016957 331
95017711 312
95018751 304
95044737 320
95044763 320
95052827 358
95055087 312
95060769 331
95060775 331
95071659 404
95079497 396
95088146 312
95088147 312
95089823 312
95090514 334
95090515 334
95096299 312
95097671 339
95101826 369
95101827 369
95101828 369
95101829 369
95101830 369
95101831 369
95107326 301
95107327 301
95120159 312
95120199 312
95127826 312
95127827 312
95128732 312
95128733 312
95128734 312
95128735 312
95151369 331
95151385 331
95152182 312
95152183 312
95158756 312
95158757 312
95158758 312
95160274 415
95160275 415
95161279 312
95170468 312
95170469 312
95170470 312
95175359 339
95184811 320
95184895 320
95185193 366
95186081 312
95188649 312
95189151 358
95191036 339
95191037 339
95191038 339
95200507 339
95205330 339
95205331 339
95207455 358
95223649 312
95223721 312
95223743 312
95223753 312
95223975 312
95227762 396
95227763 396
95227766 396
95227767 396
95227777 396
95236873 339
95236875 339
95236882 339
95236883 339
95238481 312
95238482 312
95238483 312
95240935 339
95242055 339
95243375 339
95244758 339
95244759 339
95248489 320
95248492 320
95248493 320
95248494 320
95248505 320
95250296 312
95250298 312
95250300 312
95250301 312
95251055 339
95251262 312
95251263 312
95251271 312
95251769 312
95251883 312
95252095 339
95252137 312
95252278 339
95252279 339
95252476 339
95252477 339
95252478 339
95253838 312
95253839 312
95254687 339
95256953 320
95258343 339
95258395 339
95258998 339
95258999 339
95261790 320
95261791 320
95262111 312
95262491 320
95262969 320
95264383 320
95265758 320
95265759 320
95268252 339
95268253 339
95268254 339
95268255 339
95268257 339
95268258 339
95268259 339
95268260 339
95268261 339
95268262 339
95270172 312
95270173 312
95270174 312
95270175 312
95270393 320
95270395 320
95270465 312
95270466 312
95270467 312
95270494 312
95270495 312
95270511 312
95270572 312
95270573 312
95270574 312
95270591 312
95270683 312
95271099 312
95271655 339
95273339 320
95273681 312
95273682 312
95273683 312
95273686 312
95273687 312
95273694 312
95273695 312
95273867 320
95276671 312
95280711 312
95281745 312
95281746 312
95281747 312
95281753 312
95281769 312
95282023 358
95284475 312
95284673 358
95284674 358
95284675 358
95284683 358
95286639 339
95286959 320
95292396 396
95292397 396
95292398 396
95297145 334
95297159 334
95297511 312
95298729 320
95299327 320
95301326 320
95301327 320
95306297 350
95311801 339
95311803 339
95311810 339
95311811 339
95315702 339
95315703 339
95317231 339
95322896 339
95322900 339
95322901 339
95322904 339
95322906 339
95322912 339
95322920 339
95322922 339
95322928 339
95322932 339
95322933 339
95322945 339
95322969 339
95322978 339
95322979 339
95322980 339
95322981 339
95322982 339
95322987 339
95322994 339
95322995 339
95323022 339
95323023 339
95323025 339
95323026 339
95323027 339
95323030 339
95323031 339
95323033 339
95323036 339
95323037 339
95323038 339
95323041 339
95323044 339
95323045 339
95323046 339
95323047 339
95323068 339
95323069 339
95323070 339
95323086 339
95323087 339
95357945 312
95364580 339
95364581 339
95364582 339
95374206 442
95374207 442
95376551 331
95377899 423
95378593 320
95383707 320
95384857 331
95385776 320
95385780 320
95385781 320
95385784 320
95385786 320
95385796 320
95385797 320
95385798 320
95385800 320
95385801 320
95385802 320
95385804 320
95385805 320
95386830 320
95386831 320
95387305 320
95401938 331
95401939 331
95413214 320
95413215 320
95414087 339
95419391 320
95422914 312
95422915 312
95423030 312
95423031 312
95423209 312
95423289 312
95423355 312
95423358 312
95423359 312
95423423 312
95423582 312
95423583 312
95423660 312
95423661 312
95423662 312
95423665 312
95423666 312
95423667 312
95423676 312
95423677 312
95423678 312
95423681 312
95423682 312
95423683 312
95423687 312
95423689 312
95423691 312
95423704 312
95423705 312
95423706 312
95423707 312
95423708 312
95423709 312
95423710 312
95423711 312
95423716 312
95423717 312
95423718 312
95423736 312
95423738 312
95423740 312
95423741 312
95423746 312
95423747 312
95423751 312
95423753 312
95423771 312
95424219 320
95424715 312
95424721 312
95424722 312
95424723 312
95424937 312
95425218 312
95425219 312
95425243 312
95425257 320
95425266 312
95425267 312
95425441 312
95425447 312
95425607 312
95426294 312
95426295 312
95426865 312
95426866 312
95426867 312
95426872 312
95426874 312
95426875 312
95426876 312
95426877 312
95426882 312
95426883 312
95427153 312
95427154 312
95427155 312
95427367 312
95427454 396
95427455 396
95428137 312
95428203 312
95428263 312
95428886 312
95428887 312
95428889 312
95428897 312
95428898 312
95428899 312
95428900 312
95428901 312
95428902 312
95428903 312
95428907 312
95429031 312
95429036 312
95429037 312
95429038 312
95429415 312
95429609 312
95429871 312
95430521 312
95430526 312
95430527 312
95430542 312
95430543 312
95430555 312
95430559 312
95430569 312
95431847 312
95442993 388
95442994 388
95442995 388
95444199 320
95446811 320
95449406 350
95449407 350
95453609 350
95456310 320
95456311 320
95464105 423
95471615 312
95471855 312
95472495 301
95479343 366
95482783 320
95482860 320
95482861 320
95482862 320
95482878 339
95482879 339
95491606 312
95491607 312
95491609 312
95494825 312
95505707 334
95505713 334
95505714 334
95505715 334
95505721 334
95505750 334
95505751 334
95505755 334
95512491 312
95512492 312
95512493 312
95512494 312
95512495 312
95515879 312
95517142 312
95517143 312
95532750 312
95532751 312
95534191 312
95536353 312
95537639 339
95537647 339
95537686 339
95537687 339
95537689 339
95537695 339
95537718 339
95537719 339
95539337 339
95540817 320
95540818 320
95540819 320
95543804 312
95543805 312
95543806 312
95544414 339
95544415 339
95554212 320
95554213 320
95554214 320
95555497 358
95563777 339
95563778 339
95563779 339
95563783 339
95563785 339
95563815 339
95566718 301
95566719 301
95569897 339
95570585 339
95570587 339
95570715 339
95572041 339
95574542 320
95574543 320
95574795 339
95576155 339
95577883 339
95577903 339
95580763 339
95580866 339
95580867 339
95581991 301
95584590 320
95584591 320
95587417 339
95587838 339
95587839 339
95591678 339
95591679 339
95592191 591
95593004 339
95593005 339
95593006 339
95593009 339
95593010 339
95593011 339
95593959 339
95599385 339
95599890 339
95599891 339
95603975 350
95605921 339
95607551 339
95608953 339
95611986 339
95611987 339
95622559 312
95623166 339
95623167 339
95623442 312
95623443 312
95626988 312
95626989 312
95626990 312
95628937 331
95631007 377
95636607 304
95649115 320
95657968 366
95657972 366
95657973 366
95657976 366
95657978 366
95659647 339
95662492 339
95662493 339
95662494 339
95663385 339
95663422 339
95663423 339
95663426 339
95663427 339
95663428 339
95663429 339
95663430 339
95663431 339
95663432 339
95663434 339
95663435 339
95663436 339
95663437 339
95663471 339
95663527 339
95663634 339
95663635 339
95663657 339
95663975 339
95667798 339
95667799 339
95667801 339
95667806 339
95667807 339
95669407 366
95674047 339
95674336 339
95674344 339
95674346 339
95674352 339
95674353 339
95674356 339
95674357 339
95679067 366
95680447 366
95681020 339
95681021 339
95681022 339
95683823 358
95687081 423
95694151 339
95697654 339
95697655 339
95697657 339
95698882 301
95698883 301
95699055 301
95699143 301
95699751 301
95699768 301
95699770 301
95699772 301
95699773 301
95699903 301
95699945 301
95700137 301
95700280 301
95700282 301
95700284 301
95700285 301
95700286 301
95700287 301
95700527 301
95700551 301
95700839 301
95700946 339
95700947 339
95701057 339
95701058 339
95701059 339
95701063 339
95702273 339
95702274 339
95702275 339
95702300 339
95702301 339
95702302 339
95714719 339
95715175 301
95715751 339
95715753 339
95729118 304
95729119 304
95729627 304
95729636 304
95729637 304
95729638 304
95729644 304
95729645 304
95729646 304
95729657 304
95729659 304
95730139 304
95730142 304
95730143 304
95731047 339
95731100 339
95731101 339
95731102 339
95737071 301
95740423 358
95746017 347
95750402 377
95750403 377
95750407 377
95753307 385
95776737 358
95777883 347
95782265 339
95788207 358
95791835 358
95803643 377
95816383 377
95821129 347
95825659 339
95825660 339
95825661 339
95825662 339
95830313 350
95843041 423
95843465 320
95848176 347
95848180 347
95848181 347
95848184 347
95848186 347
95849415 347
95851295 320
95851303 320
95851321 320
95851499 320
95851518 320
95851519 320
95851579 320
95851657 320
95851849 320
95852201 320
95852257 320
95852433 320
95852434 320
95852435 320
95852539 320
95857148 320
95857149 320
95857150 320
95858535 339
95882369 339
95883423 339
95887007 339
95887012 339
95887013 339
95887014 339
95899679 377
95903396 358
95903397 358
95903398 358
95905142 320
95905143 320
95912105 320
95938785 301
95938889 301
95938919 301
95938936 301
95938938 301
95938940 301
95938941 301
95939007 301
95939214 301
95939215 301
95939216 301
95939220 301
95939221 301
95939224 301
95939226 301
95939234 301
95939235 301
95939451 301
95939465 301
95939577 301
95939631 301
95939666 301
95939667 301
95939835 331
95939838 331
95939839 331
95939867 331
95939881 301
95939887 331
95939902 301
95939903 301
95940075 301
95940847 301
95941353 301
95941356 301
95941357 301
95941358 301
95942303 301
95942862 301
95942863 301
95943015 301
95943019 301
95944097 312
95944127 350
95944313 301
95945641 339
95946830 312
95946831 312
95946834 312
95946835 312
95953452 301
95953453 301
95953454 301
95953457 301
95953458 301
95953459 301
95953464 301
95953466 301
95953468 301
95953469 301
95953470 301
95953471 301
95953494 301
95953495 301
95953497 301
95953499 301
95953522 301
95953523 301
95953569 301
95954367 320
95963689 358
95967113 347
95967263 358
95968427 301
95973558 358
95973559 358
95973663 358
95991583 320
95992255 339
95994001 320
95994002 320
95994003 320
96005119 301
96006127 339
96007147 396
96009310 339
96009311 339
96009343 339
96010471 339
96010475 339
96010567 339
96012018 320
96012019 320
96018910 339
96018911 339
96021113 339
96022639 339
96029481 339
96029823 339
96030329 339
96041784 331
96041786 331
96041788 331
96041789 331
96042623 301
96042651 301
96044167 358
96044676 320
96044677 320
96044678 320
96044679 320
96044683 320
96044706 320
96044707 320
96044708 320
96044709 320
96044710 320
96044711 320
96044715 320
96056318 331
96056319 331
96058123 320
96060863 461
96074678 331
96074679 331
96074681 331
96074683 331
96075937 339
96082958 339
96082959 339
96086592 339
96086608 339
96086612 339
96086613 339
96086624 339
96086632 339
96086634 339
96086641 339
96086658 339
96086659 339
96086664 339
96086666 339
96086668 339
96086669 339
96086678 339
96086679 339
96086684 339
96086685 339
96086686 339
96087067 339
96087143 339
96087337 339
96087807 339
96087810 320
96087811 320
96087815 320
96092152 339
96092154 339
96092156 339
96092157 339
96097841 339
96097842 339
96097843 339
96107577 339
96107579 339
96107867 339
96112105 396
96112111 396
96115099 339
96116479 358
96116863 320
96117439 347
96120743 320
96121577 358
96123388 339
96123389 339
96123390 339
96127801 358
96127806 358
96127807 358
96140455 320
96140780 320
96140781 320
96140782 320
96140795 320
96142294 358
96142295 358
96142319 339
96142713 358
96151691 320
96152225 320
96185503 320
96189295 339
96189417 320
96198215 312
96202409 339
96207099 312
96207838 312
96207839 312
96209102 358
96209103 358
96212145 358
96212146 358
96212147 358
96212153 358
96212159 358
96214508 347
96214509 347
96214510 347
96214520 347
96214522 347
96214524 347
96214525 347
96214526 347
96214527 347
96216633 377
96216635 377
96216638 377
96216639 377
96216654 377
96216655 377
96216679 377
96225644 377
96225645 377
96225646 377
96226415 347
96227263 347
96228818 312
96228819 312
96231950 312
96231951 312
96235519 312
96243820 339
96243821 339
96243822 339
96244199 339
96246319 312
96251025 301
96251026 301
96251027 301
96251041 301
96251047 301
96251111 301
96251119 301
96251131 301
96251751 301
96267401 301
96267601 301
96267602 301
96267603 301
96278311 320
96283879 320
96285409 312
96291231 312
96296958 312
96296959 312
96297278 339
96297279 339
96297993 404
96299081 301
96299196 301
96299197 301
96299198 301
96299199 301
96304446 301
96304447 301
96310870 312
96310871 312
96310873 312
96310889 312
96313280 312
96313296 312
96313300 312
96313301 312
96313312 312
96313314 312
96313315 312
96313320 312
96313322 312
96313329 312
96313334 312
96313335 312
96313339 312
96317409 301
96317481 301
96333014 331
96333015 331
96334658 312
96334659 312
96341462 301
96341463 301
96341470 301
96341471 301
96341476 301
96341477 301
96341478 301
96341481 301
96341484 301
96341485 301
96341486 301
96342527 350
96349887 377
96350207 377
96350367 385
96368748 385
96368749 385
96368750 385
96370217 320
96377964 339
96377965 339
96377966 339
96379207 301
96380129 320
96383847 339
96387867 315
96389628 320
96389629 320
96389630 320
96395115 320
96395116 320
96395117 320
96395118 320
96395131 320
96399340 350
96399341 350
96399342 350
96409257 339
96410815 404
96413950 320
96413951 320
96415983 404
96421991 404
96424539 301
96445679 339
96446377 320
96449544 312
96449546 312
96449548 312
96449549 312
96449553 312
96449558 312
96449559 312
96449564 312
96449565 312
96449566 312
96458574 396
96458575 396
96459713 301
96459714 301
96459715 301
96461473 320
96471599 339
96473225 339
96482441 339
96483439 301
96483446 301
96483447 301
96483451 301
96483833 347
96485601 339
96486247 301
96487154 339
96487155 339
96489654 320
96489655 320
96490396 301
96490397 301
96490398 301
96492201 339
96492862 339
96492863 339
96496633 301
96499254 320
96499255 320
96499355 320
96499899 320
96502631 320
96514075 385
96524665 301
96525671 320
96527007 377
96527009 377
96527012 377
96527013 377
96527014 377
96527519 301
96535929 377
96536226 320
96536227 320
96536228 320
96536229 320
96536230 320
96536231 320
96536246 320
96536247 320
96537054 320
96537055 320
96539369 320
96540335 320
96541403 339
96541471 320
96542747 339
96543785 320
96544222 320
96544223 320
96544763 320
96545903 366
96546663 301
96548002 301
96548003 301
96548004 301
96548005 301
96548006 301
96548150 320
96548151 320
96549334 301
96549335 301
96549473 301
96549479 301
96549552 301
96549553 301
96549554 301
96549555 301
96549556 301
96549557 301
96549560 301
96549561 301
96549562 301
96549569 301
96549577 301
96549598 301
96549599 301
96549643 301
96549665 301
96549698 301
96549699 301
96549703 301
96549705 301
96549710 301
96549711 301
96549753 301
96549758 301
96549759 301
96549761 301
96549803 301
96550572 320
96550573 320
96550574 320
96550601 320
96550603 320
96551761 301
96551762 301
96551763 301
96551771 301
96551822 320
96551823 320
96551835 320
96551836 320
96551837 320
96551838 320
96551868 320
96551869 320
96551870 320
96551871 320
96551886 320
96551887 320
96551905 320
96551922 320
96551923 320
96551926 320
96551927 320
96551928 320
96551929 320
96551930 320
96551931 320
96551932 320
96551933 320
96551934 320
96551935 320
96551967 320
96552201 320
96553799 320
96556536 301
96556538 301
96556540 301
96556541 301
96556571 301
96556697 320
96556703 320
96557307 320
96557671 301
96557980 320
96557981 320
96557982 320
96557985 320
96558527 320
96558639 320
96558646 320
96558647 320
96558699 320
96559151 320
96561474 301
96561475 301
96561489 301
96561490 301
96561491 301
96562049 301
96562207 301
96562481 301
96562482 301
96562483 301
96562503 301
96562526 301
96562527 301
96562671 301
96562815 301
96564639 301
96567209 301
96567995 301
96568024 320
96568026 320
96568028 320
96568029 320
96568030 320
96568031 320
96568033 320
96568039 320
96568047 320
96568048 320
96568052 320
96568053 320
96568056 320
96568058 320
96568071 320
96570168 301
96570170 301
96570171 301
96570172 301
96570173 301
96570223 301
96570235 301
96570238 301
96570239 301
96570364 301
96570365 301
96570366 301
96571470 320
96571471 320
96572553 301
96573144 301
96573145 301
96573146 301
96573148 301
96573149 301
96573211 301
96573897 301
96582665 339
96583151 339
96583343 339
96584219 339
96584683 339
96584684 339
96584685 339
96584686 339
96584687 339
96585195 315
96586663 320
96586987 301
96592507 377
96592508 377
96592509 377
96592510 377
96593449 301
96596711 358
96597320 315
96597322 315
96597324 315
96597325 315
96597329 315
96597330 315
96597331 315
96598913 404
96599521 301
96601550 301
96601551 301
96603785 301
96604607 301
96604911 301
96606590 331
96606591 331
96612182 320
96612183 320
96612347 320
96615762 320
96615763 320
96620726 320
96620727 320
96623145 320
96623249 320
96623250 320
96623251 320
96623576 320
96623578 320
96623580 320
96623581 320
96623591 320
96623599 320
96623600 320
96623604 320
96623605 320
96623608 320
96623609 320
96623610 320
96623612 320
96623613 320
96623614 320
96623615 320
96623724 320
96623725 320
96623726 320
96624094 320
96624095 320
96624249 320
96629791 301
96634793 312
96635039 331
96638226 320
96638227 320
96638233 320
96638235 320
96653419 301
96653424 339
96653428 339
96653429 339
96653432 339
96653434 339
96653442 339
96653443 339
96653444 339
96653445 339
96653446 339
96655531 301
96655838 385
96655839 385
96656999 358
96657151 358
96660174 320
96660175 320
96665673 320
96671730 339
96671731 339
96677801 312
96681337 312
96681361 312
96681362 312
96681363 312
96681366 312
96681367 312
96681369 312
96681372 312
96681373 312
96681374 312
96681391 312
96681438 312
96681439 312
96681609 312
96681711 301
96682574 301
96682575 301
96685055 301
96686222 312
96686223 312
96687212 301
96687213 301
96687214 301
96688521 301
96695579 315
96695839 315
96699646 331
96699647 331
96701119 315
96703529 312
96708519 301
96709993 301
96709995 301
96715009 301
96715010 301
96715011 301
96715017 301
96715035 301
96715049 301
96715150 301
96715151 301
96715659 301
96715849 320
96716670 301
96716671 301
96717153 301
96717278 301
96717279 301
96721214 301
96721215 301
96721223 301
96721790 301
96721791 301
96725017 301
96726110 301
96726111 301
96726119 301
96726535 301
96727246 301
96727247 301
96727367 301
96727743 301
96727911 331
96729337 377
96729372 377
96729373 377
96729374 377
96729383 377
96729398 377
96729399 377
96731375 331
96735609 301
96745154 369
96745155 369
96745273 301
96745380 301
96745381 301
96745382 301
96745388 301
96745389 301
96745390 301
96756671 312
96758002 301
96758003 301
96758006 301
96758007 301
96758009 301
96758651 301
96759423 301
96774098 301
96774099 301
96783724 301
96783725 301
96783726 301
96783742 301
96783743 301
96785479 301
96785490 301
96785491 301
96785499 301
96785547 301
96785567 301
96786809 301
96789609 301
96789611 301
96802031 320
96803009 366
96803010 366
96803011 366
96803015 366
96803025 366
96803026 366
96803027 366
96803049 366
96803055 366
96804167 320
96808736 315
96808744 315
96808746 315
96808752 315
96808756 315
96808757 315
96808769 315
96808772 315
96808773 315
96808774 315
96808779 315
96808793 315
96808798 315
96808799 315
96841081 320
96841083 320
96841086 320
96841087 320
96841092 320
96841093 320
96841094 320
96841099 320
96841105 320
96841106 320
96841107 320
96841110 320
96841111 320
96841113 320
96841121 320
96841127 320
96841148 320
96841149 320
96841150 320
96841153 320
96841154 320
96841155 320
96841161 320
96841163 320
96841193 320
96841199 320
96841214 320
96841215 320
96841263 320
96843119 301
96844316 301
96844317 301
96844318 301
96844321 301
96844327 301
96844342 301
96844343 301
96852479 320
96858020 301
96858021 301
96858022 301
96858023 301
96858025 301
96858450 339
96858451 339
96867616 320
96867624 320
96867626 320
96867632 320
96867636 320
96867637 320
96867649 320
96867652 320
96867653 320
96867654 320
96867659 320
96873785 320
96873889 320
96874486 320
96874487 320
96874607 320
96875958 320
96875959 320
96876191 320
96876345 320
96877927 320
96878527 320
96878663 320
96878665 320
96878683 320
96878729 320
96878753 320
96878985 320
96879083 320
96879087 320
96879145 320
96880799 301
96881903 320
96883183 507
96884466 320
96884467 320
96884489 320
96884498 320
96884499 320
96884583 320
96884767 320
96884790 320
96884791 320
96884907 320
96884987 320
96885633 320
96886319 320
96887047 320
96888679 301
96890727 347
96891551 320
96895038 320
96895039 320
96895273 320
96895335 347
96895387 320
96896939 320
96898175 320
96902025 320
96902697 320
96903659 320
96903676 320
96903677 320
96903678 320
96904190 320
96904191 320
96905511 320
96905513 320
96907367 320
96910302 320
96910303 320
96910398 320
96910399 320
96915553 320
96916182 320
96916183 320
96916449 320
96916459 320
96918401 320
96925375 320
96941931 358
96956553 385
96959679 320
96960239 347
96962614 347
96962615 347
96963071 347
96964935 347
96967455 320
96967646 320
96967647 320
96968544 320
96968552 320
96968554 320
96968560 320
96968561 320
96968564 320
96968565 320
96968578 320
96968579 320
96968583 320
96968590 320
96968591 320
96968592 320
96968596 320
96968597 320
96968600 320
96968602 320
96968604 320
96968605 320
96968606 320
96968609 320
96968610 320
96968611 320
96968620 320
96968621 320
96968622 320
96968623 320
96968630 320
96968631 320
96968636 320
96968637 320
96968638 320
96968642 320
96968643 320
96968647 320
96968649 320
96968667 320
96968670 320
96968671 320
96968679 320
96968681 320
96968688 320
96968690 320
96968691 320
96968692 320
96968693 320
96968696 320
96968697 320
96968698 320
96968745 320
96968802 320
96968803 320
96968804 320
96968805 320
96968806 320
96968849 320
96968850 320
96968851 320
96968863 320
96969031 320
96969038 320
96969039 320
96969086 320
96969087 320
96969099 320
96969116 320
96969117 320
96969118 320
96969377 320
96971378 320
96971379 320
96971623 320
96973036 320
96973037 320
96973038 320
96973046 320
96973047 320
96978446 320
96978447 320
96983067 320
96984511 320
96984647 347
96985230 320
96985231 320
96985842 347
96985843 347
96985883 347
96990761 320
96995433 320
96999655 320
96999734 320
96999735 320
97001057 320
97001067 320
97002735 320
97003291 320
97003371 320
97003375 320
97003385 320
97004539 320
97006623 320
97006625 320
97006683 320
97006745 320
97006748 320
97006749 320
97006750 320
97006817 320
97007102 320
97007103 320
97007233 320
97007975 320
97010927 312
97010953 320
97014966 358
97014967 358
97016289 339
97019817 320
97020569 320
97020577 320
97021390 320
97021391 320
97021625 320
97021627 320
97021631 320
97022934 301
97022935 301
97027051 423
97033174 301
97033175 301
97041249 320
97044975 366
97046639 339
97054226 320
97054227 320
97054535 320
97056760 358
97056762 358
97056764 358
97056765 358
97062305 320
97065755 320
97070319 301
97072239 320
97081097 339
97083559 320
97095074 339
97095075 339
97095076 339
97095077 339
97095078 339
97095087 339
97098751 339
97108607 320
97109217 320
97110719 358
97112172 301
97112173 301
97112174 301
97116777 301
97125878 404
97125879 404
97126171 301
97126427 358
97127073 320
97127659 301
97128446 328
97128447 328
97133035 320
97133039 320
97133183 320
97136751 331
97136953 331
97137439 331
97137755 331
97139271 347
97141673 331
97151004 301
97151005 301
97151006 301
97151009 301
97155175 339
97155881 328
97157116 328
97157117 328
97157118 328
97159020 301
97159021 301
97159022 301
97159026 301
97159027 301
97159030 301
97159031 301
97159041 301
97159054 301
97159055 301
97159083 301
97159177 301
97159199 301
97159217 301
97159218 301
97159219 301
97159227 301
97159239 301
97159271 301
97159289 301
97159313 301
97159314 301
97159315 301
97159321 301
97159327 301
97159387 301
97159396 301
97159397 301
97159398 301
97159442 301
97159443 301
97159463 301
97159465 301
97159505 301
97159506 301
97159507 301
97159521 301
97159527 301
97159547 301
97159586 301
97159587 301
97159588 301
97159589 301
97159590 301
97159599 301
97159657 301
97159871 301
97159879 301
97159954 301
97159955 301
97159961 301
97159963 301
97159990 301
97159991 301
97159993 301
97159998 301
97159999 301
97160091 301
97160095 301
97160178 301
97160179 301
97160182 301
97160183 301
97160187 301
97160188 301
97160189 301
97160190 301
97160223 301
97160281 301
97160286 301
97160287 301
97160662 301
97160663 301
97161639 301
97162070 301
97162071 301
97163423 301
97164231 301
97164955 301
97164956 301
97164957 301
97164958 301
97164964 301
97164965 301
97164966 301
97164969 301
97165561 385
97165563 385
97177327 358
97185639 301
97191583 320
97192103 320
97195230 320
97195231 320
97195311 320
97195547 320
97202678 301
97202679 301
97208054 358
97208055 358
97208066 358
97208067 358
97208071 358
97208073 358
97211839 339
97211931 339
97212865 328
97212866 328
97212867 328
97236203 350
97238809 339
97238811 339
97239036 339
97239037 339
97239038 339
97239467 339
97246108 328
97246109 328
97246110 328
97247515 312
97247591 312
97248734 320
97248735 320
97248770 312
97248771 312
97248772 312
97248773 312
97248774 312
97248779 312
97248801 312
97248822 312
97248823 312
97248830 312
97248831 312
97249691 301
97253119 331
97254326 339
97254327 339
97254329 339
97254331 339
97263004 301
97263005 301
97263006 301
97272944 339
97272948 339
97272949 339
97272952 339
97272954 339
97272991 339
97276391 328
97276423 328
97276443 328
97281298 339
97281299 339
97283044 339
97283045 339
97283046 339
97283058 339
97283059 339
97283067 339
97283081 339
97293851 339
97295807 339
97301225 301
97302619 320
97303727 301
97303743 301
97304751 301
97315922 320
97315923 320
97315967 320
97316690 301
97316691 301
97317001 377
97319182 320
97319183 320
97319195 320
97319199 320
97319225 320
97319390 320
97319391 320
97320379 320
97320380 320
97320381 320
97320382 320
97321916 301
97321917 301
97321918 301
97322651 385
97323662 320
97323663 320
97328402 320
97328403 320
97328843 320
97328846 320
97328847 320
97331158 320
97331159 320
97331339 320
97331534 320
97331535 320
97331993 339
97338215 320
97339643 320
97339803 320
97344623 385
97346139 320
97346747 320
97354527 339
97355080 301
97355081 301
97355082 301
97355084 301
97355085 301
97355086 301
97355087 301
97355089 301
97355129 301
97355903 320
97366831 312
97366838 312
97366839 312
97368662 301
97368663 301
97368665 301
97368673 301
97368674 301
97368675 301
97368676 301
97368677 301
97368678 301
97368683 301
97368731 301
97370111 366
97373675 320
97375791 312
97383705 320
97385468 312
97385469 312
97385470 312
97388391 301
97393841 320
97393842 320
97393843 320
97393849 320
97393852 320
97393853 320
97393854 320
97394663 320
97397479 301
97397636 320
97397637 320
97397638 320
97397641 320
97397643 320
97397988 320
97397989 320
97397990 320
97397993 320
97398008 320
97398010 320
97398012 320
97398013 320
97398759 320
97401057 301
97401799 320
97404319 301
97407225 404
97408939 320
97409019 320
97409022 320
97409023 320
97410638 404
97410639 404
97411830 320
97411831 320
97411963 320
97412562 320
97412563 320
97412591 320
97417270 320
97417271 320
97418806 320
97418807 320
97422663 320
97423387 377
97423391 377
97423499 377
97423535 377
97423574 377
97423575 377
97423643 377
97426367 301
97426416 320
97426420 320
97426421 320
97426424 320
97426426 320
97426427 320
97426998 339
97426999 339
97427783 339
97429545 339
97431623 320
97435812 301
97435813 301
97435814 301
97438073 339
97439300 339
97439301 339
97439302 339
97439304 339
97439306 339
97439307 339
97439308 339
97439309 339
97439318 339
97439319 339
97439329 339
97439339 339
97439340 339
97439341 339
97439342 339
97439399 339
97439414 320
97439415 320
97439417 339
97439419 339
97439438 339
97439439 339
97439451 339
97439647 339
97439995 301
97440761 339
97441639 320
97448690 328
97448691 328
97452126 301
97452127 301
97452267 301
97452359 301
97452476 301
97452477 301
97452478 301
97453087 339
97453639 301
97453727 339
97453993 339
97454305 339
97463166 301
97463167 301
97464047 301
97464879 301
97465391 301
97469778 377
97469779 377
97476926 328
97476927 328
97480795 320
97486715 301
97489577 366
97493735 301
97495039 404
97498379 358
97501634 320
97501635 320
97501723 301
97502302 301
97502303 301
97502345 301
97506431 385
97507193 320
97507492 320
97507493 320
97507494 320
97514902 320
97514903 320
97514905 320
97514908 320
97514909 320
97514910 320
97518235 328
97518969 320
97520370 320
97520371 320
97520379 320
97521377 328
97521711 339
97524809 339
97527196 328
97527197 328
97527198 328
97527199 328
97527209 328
97527262 328
97527263 328
97529360 358
97529364 358
97529365 358
97529368 358
97529370 358
97529378 358
97529379 358
97529387 358
97529388 358
97529389 358
97529390 358
97529883 358
97530510 320
97530511 320
97534555 320
97537691 301
97538480 358
97538484 358
97538485 358
97538488 358
97538490 358
97538497 358
97539259 328
97540219 301
97541097 320
97546799 339
97547830 328
97547831 328
97562745 301
97585938 301
97585939 301
97585945 301
97592545 301
97601257 358
97603121 320
97603122 320
97603123 320
97604911 320
97610527 320
97611817 385
97616694 320
97616695 320
97637174 320
97637175 320
97647497 312
97650809 358
97663719 385
97664417 358
97664423 358
97664425 358
97672879 328
97674220 320
97674221 320
97674222 320
97675062 320
97675063 320
97675065 320
97675563 320
97676750 320
97676751 320
97677065 320
97678783 366
97681135 320
97681321 320
97681511 301
97685041 358
97685042 358
97685043 358
97687035 320
97694887 320
97699311 312
97702012 301
97702013 301
97702014 301
97704807 301
97705422 301
97705423 301
97706683 301
97709014 301
97709015 301
97710296 301
97710297 301
97710298 301
97710300 301
97710301 301
97712510 301
97712511 301
97714552 331
97714554 331
97714556 331
97714557 331
97716537 320
97721769 301
97729353 301
97729358 301
97729359 301
97729361 301
97729362 301
97729363 301
97733663 301
97734175 301
97734271 301
97737199 385
97737503 385
97737513 385
97762089 301
97763745 301
97769983 301
97774588 377
97774589 377
97774590 377
97777529 301
97788399 301
97790043 301
97790843 320
97794751 320
97801855 366
97801980 320
97801981 320
97801982 320
97802095 320
97803559 320
97804028 320
97804029 320
97804030 320
97804251 320
97804523 320
97804527 320
97804551 320
97806825 301
97809340 320
97809341 320
97809342 320
97816111 301
97816767 301
97819982 301
97819983 301
97820875 301
97820878 301
97820879 301
97820891 301
97820905 301
97821857 301
97823399 320
97826031 320
97826239 320
97827948 320
97827949 320
97827950 320
97830844 366
97830845 366
97830846 366
97830847 366
97833127 301
97834921 312
97839919 358
97840363 358
97841753 358
97843954 358
97843955 358
97843963 358
97843964 358
97843965 358
97843966 358
97843967 358
97846255 396
97846759 358
97847625 396
97852878 301
97852879 301
97853270 301
97853271 301
97853281 301
97853305 301
97853321 301
97853415 301
97853436 301
97853437 301
97853438 301
97854129 301
97854130 301
97854131 301
97854137 301
97854140 301
97854141 301
97854142 301
97855335 301
97856114 320
97856115 320
97856470 301
97856471 301
97857462 301
97857463 301
97858395 301
97859425 301
97859483 301
97859550 301
97859551 301
97859553 301
97859726 301
97859727 301
97859809 396
97859894 320
97859895 320
97859897 320
97860011 320
97861403 301
97861950 301
97861951 301
97862427 320
97865385 301
97866399 301
97866409 301
97867864 301
97867866 301
97867868 301
97867869 301
97867874 301
97867875 301
97867876 301
97867877 301
97867878 301
97867890 301
97867891 301
97868267 301
97868430 301
97868431 301
97868903 301
97869152 301
97869154 301
97869155 301
97869156 301
97869157 301
97869158 301
97869160 301
97869162 301
97869168 301
97869169 301
97869172 301
97869173 301
97869176 301
97869178 301
97869180 301
97869181 301
97869186 301
97869187 301
97869191 301
97869198 301
97869199 301
97869217 301
97869218 301
97869219 301
97869220 301
97869221 301
97869222 301
97869249 301
97869250 301
97869251 301
97869255 301
97869281 301
97869366 301
97869367 301
97869420 301
97869421 301
97869422 301
97869467 301
97869935 301
97869961 301
97871111 301
97871113 301
97871222 301
97871223 301
97874367 301
97875282 301
97875283 301
97875350 301
97875351 301
97875353 301
97875721 301
97876079 301
97876425 301
97876578 301
97876579 301
97876580 301
97876581 301
97876582 301
97876699 301
97877243 301
97877954 301
97877955 301
97877999 301
97882983 301
97884319 301
97885067 339
97885536 301
97885544 301
97885546 301
97885552 301
97885553 301
97885556 301
97885557 301
97885570 301
97885571 301
97885572 301
97885573 301
97885574 301
97885575 301
97885577 301
97885579 301
97885582 301
97885583 301
97885585 301
97885586 301
97885587 301
97885611 301
97885615 301
97885622 301
97885623 301
97885639 301
97885641 301
97885643 301
97885673 301
97885686 301
97885687 301
97885727 301
97885777 301
97885778 301
97885779 301
97885787 301
97886249 301
97895289 339
97895611 320
97899897 320
97900370 320
97900371 320
97900862 320
97900863 320
97901058 320
97901059 320
97901060 320
97901061 320
97901062 320
97901065 320
97901067 320
97902418 320
97902419 320
97903399 339
97904423 301
97912939 385
97914607 339
97916843 385
97919079 431
97923615 301
97924622 312
97924623 312
97934983 301
97935778 301
97935779 301
97935780 301
97935781 301
97935782 301
97935791 301
97935804 301
97935805 301
97935806 301
97935815 301
97935838 301
97935839 301
97935855 301
97935862 301
97935863 301
97936231 339
97936511 358
97936513 358
97936521 358
97938951 301
97939099 301
97941330 301
97941331 301
97941393 301
97941394 301
97941395 301
97941403 301
97941858 301
97941859 301
97941860 301
97941861 301
97941862 301
97941868 301
97941869 301
97941870 301
97941871 301
97941874 301
97941875 301
97941886 301
97941887 301
97942127 301
97942524 301
97942525 301
97942526 301
97943243 301
97953388 358
97953389 358
97953390 358
97956252 320
97956253 320
97956254 320
97956696 301
97956698 301
97956700 301
97956701 301
97956713 301
97957915 320
97959275 385
97959990 320
97959991 320
97968287 339
97969791 339
97969846 328
97969847 328
97970023 339
97970603 320
97972132 320
97972133 320
97972134 320
97972383 320
97975714 339
97975715 339
97975716 339
97975717 339
97975718 339
97975719 339
97975751 339
97978937 301
97980894 328
97980895 328
97982055 301
97984671 301
97984679 301
97985775 301
97985799 301
97985819 301
97985903 320
97990654 320
97990655 320
97993307 301
97993697 312
97998631 339
98002715 331
98018943 312
98028185 312
98035372 301
98035373 301
98035374 301
98038619 301
98047591 312
98049056 358
98049064 358
98049066 358
98049072 358
98049076 358
98049077 358
98049092 358
98049093 358
98049094 358
98049099 358
98049110 358
98049111 358
98049112 358
98049114 358
98049116 358
98049117 358
98049151 358
98052263 312
98071199 412
98079975 328
98080889 412
98086606 385
98086607 385
98090038 312
98090039 312
98090390 312
98090391 312
98090393 312
98090396 312
98090397 312
98090398 312
98091003 385
98097705 385
98097711 385
98104559 385
98108577 320
98110761 469
98119407 385
98123744 347
98123752 347
98123754 347
98123760 347
98123761 347
98123764 347
98123765 347
98123768 347
98123770 347
98123772 347
98123773 347
98123774 347
98123775 347
98124888 301
98124890 301
98124892 301
98124893 301
98124898 301
98124899 301
98124900 301
98124901 301
98124902 301
98124929 301
98125819 385
98131113 320
98135195 312
98135303 312
98143734 320
98143735 320
98145401 320
98162312 301
98162314 301
98162316 301
98162317 301
98162320 301
98162324 301
98162325 301
98162326 301
98162327 301
98162328 301
98162330 301
98162335 301
98162347 301
98162348 301
98162349 301
98162350 301
98162352 301
98162353 301
98162354 301
98162355 301
98162356 301
98162357 301
98162360 301
98162361 301
98162362 301
98162363 301
98162369 301
98162375 301
98162377 301
98162379 301
98162385 301
98162386 301
98162387 301
98162390 301
98162391 301
98162392 301
98162393 301
98162394 301
98162396 301
98162397 301
98162401 301
98162428 301
98162429 301
98162430 301
98162431 301
98162587 301
98165740 301
98165741 301
98165742 301
98165787 301
98165801 301
98167295 312
98171004 301
98171005 301
98171006 301
98177913 320
98177977 301
98177979 301
98179896 320
98179898 320
98179900 320
98179901 320
98188027 301
98189272 301
98189274 301
98189276 301
98189277 301
98189287 301
98190575 312
98191467 301
98193183 301
98193785 301
98195553 301
98196123 301
98196174 301
98196175 301
98196396 301
98196397 301
98196398 301
98196399 301
98196412 301
98196413 301
98196414 301
98196415 301
98196443 301
98196446 301
98196447 301
98196511 301
98197665 301
98197883 301
98197886 301
98197887 301
98197899 301
98197982 301
98197983 301
98197991 301
98198060 301
98198061 301
98198062 301
98198065 301
98198066 301
98198067 301
98198070 301
98198071 301
98199657 301
98199826 301
98199827 301
98200388 301
98200389 301
98200390 301
98200392 301
98200394 301
98200395 301
98200396 301
98200397 301
98200408 301
98200409 301
98200410 301
98200412 301
98200413 301
98200425 301
98200431 301
98200457 301
98200475 301
98200476 301
98200477 301
98200478 301
98200479 301
98200684 301
98200685 301
98200686 301
98200703 301
98200732 301
98200733 301
98200734 301
98200894 301
98200895 301
98203265 301
98205918 301
98205919 301
98206294 301
98206295 301
98206297 301
98206311 301
98206322 301
98206323 301
98206350 301
98206351 301
98206363 301
98206441 301
98206545 301
98206546 301
98206547 301
98206593 301
98206633 301
98206748 301
98206749 301
98206750 301
98206753 301
98206814 301
98206815 301
98206907 301
98207017 301
98207097 301
98207138 301
98207139 301
98207140 301
98207141 301
98207142 301
98207148 301
98207149 301
98207150 301
98207164 301
98207165 301
98207166 301
98207182 301
98207183 301
98207474 301
98207475 301
98208139 301
98208498 301
98208499 301
98208905 301
98213161 301
98213167 301
98215359 301
98216991 301
98217119 301
98217243 301
98217278 328
98217279 328
98217810 301
98217811 301
98217831 301
98217927 301
98218361 301
98218940 301
98218941 301
98218942 301
98221374 301
98221375 301
98221420 301
98221421 301
98221422 301
98222305 301
98224088 301
98224090 301
98224092 301
98224093 301
98225084 328
98225085 328
98225086 328
98226023 301
98226471 301
98227311 301
98227628 301
98227629 301
98227630 301
98229502 301
98229503 301
98229758 301
98229759 301
98232039 301
98232479 301
98233051 301
98233074 301
98233075 301
98233129 301
98233327 301
98233553 301
98233554 301
98233555 301
98235521 301
98235529 301
98235559 301
98235561 301
98235580 301
98235581 301
98235582 301
98236171 301
98236191 301
98236199 301
98237804 301
98237805 301
98237806 301
98237807 301
98237817 301
98237822 301
98237823 301
98238158 301
98238159 301
98238444 301
98238445 301
98238446 301
98238670 301
98238671 301
98238712 301
98238714 301
98238716 301
98238717 301
98238718 301
98238719 301
98239135 301
98239137 301
98240639 301
98240689 301
98240690 301
98240691 301
98240697 301
98240699 301
98240703 301
98243431 301
98250194 301
98250195 301
98257449 339
98258076 339
98258077 339
98258078 339
98261145 339
98261217 339
98264542 339
98264543 339
98265503 339
98275947 393
98276350 328
98276351 328
98278075 328
98279359 366
98280321 366
98282527 301
98283062 328
98283063 328
98283135 328
98284655 328
98285755 450
98287551 301
98287855 328
98287993 328
98290409 301
98290793 301
98290815 301
98290847 301
98291584 301
98291600 301
98291604 301
98291605 301
98291606 301
98291607 301
98291608 301
98291609 301
98291610 301
98291616 301
98291618 301
98291619 301
98291624 301
98291626 301
98291641 301
98291643 301
98291648 301
98291652 301
98291653 301
98291654 301
98291656 301
98291657 301
98291658 301
98291660 301
98291661 301
98291664 301
98291665 301
98291668 301
98291669 301
98291670 301
98291671 301
98291672 301
98291673 301
98291674 301
98291676 301
98291677 301
98291682 301
98291683 301
98291684 301
98291685 301
98291686 301
98291692 301
98291693 301
98291694 301
98291698 301
98291699 301
98291713 301
98291714 301
98291715 301
98291719 301
98291721 301
98291768 301
98291770 301
98291772 301
98291773 301
98291777 301
98291778 301
98291779 301
98291798 301
98291799 301
98291801 301
98291803 301
98291830 301
98291831 301
98291835 301
98291839 301
98291854 301
98291855 301
98291867 301
98291903 301
98292007 301
98292009 301
98292015 301
98292066 301
98292067 301
98292068 301
98292069 301
98292070 301
98292082 301
98292083 301
98292097 301
98292098 301
98292099 301
98292100 301
98292101 301
98292102 301
98292103 301
98292156 301
98292157 301
98292158 301
98292203 301
98292207 301
98292219 301
98292223 301
98292315 301
98292329 301
98292338 301
98292339 301
98292345 301
98292347 301
98292351 301
98292361 301
98292967 301
98294386 301
98294387 301
98294609 301
98294610 301
98294611 301
98294635 301
98294636 301
98294637 301
98294638 301
98296082 301
98296083 301
98297298 339
98297299 339
98301552 301
98301556 301
98301557 301
98301560 301
98301562 301
98307175 328
98307835 328
98308424 301
98308426 301
98308428 301
98308429 301
98308433 301
98308473 301
98308491 339
98309089 328
98309097 301
98309759 301
98310027 301
98310030 301
98310031 301
98310110 301
98310111 301
98310811 301
98312191 328
98312491 301
98314879 320
98315903 301
98316018 301
98316019 301
98316031 301
98318209 301
98318495 301
98318555 301
98319535 301
98320551 301
98321343 301
98322171 328
98323052 301
98323053 301
98323054 301
98324443 301
98324452 301
98324453 301
98324454 301
98324463 301
98324466 301
98324467 301
98324470 301
98324471 301
98324481 301
98324482 301
98324483 301
98324487 301
98324489 301
98324507 301
98324511 301
98324521 301
98324729 301
98324731 301
98326508 301
98326509 301
98326510 301
98326526 301
98326527 301
98326710 301
98326711 301
98326818 301
98326819 301
98326820 301
98326821 301
98326822 301
98326827 301
98326831 301
98327207 301
98327529 301
98327967 301
98328001 301
98328002 301
98328003 301
98329910 301
98329911 301
98330078 301
98330079 301
98330087 301
98330089 301
98330091 301
98330114 301
98330115 301
98330116 301
98330117 301
98330118 301
98330123 301
98330145 301
98330148 301
98330149 301
98330150 301
98330151 301
98330169 301
98330171 301
98330174 301
98330175 301
98330183 301
98330219 301
98330220 301
98330221 301
98330222 301
98330223 301
98330224 301
98330226 301
98330227 301
98330228 301
98330229 301
98330230 301
98330231 301
98330232 301
98330233 301
98330234 301
98330235 301
98330236 301
98330237 301
98330238 301
98330241 301
98330254 301
98330255 301
98330267 301
98330271 301
98330281 301
98330306 301
98330307 301
98330318 301
98330319 301
98330345 339
98330379 301
98330407 301
98330601 301
98330607 301
98330620 301
98330621 301
98330622 301
98330731 301
98330751 301
98330953 301
98331135 301
98331602 301
98331603 301
98331623 301
98332766 301
98332767 301
98334503 301
98336507 312
98338562 339
98338563 339
98338567 339
98338571 339
98338578 339
98338579 339
98338582 339
98338583 339
98338585 339
98339911 320
98339913 320
98344248 301
98344250 301
98344252 301
98344253 301
98344258 301
98344259 301
98344263 301
98344274 301
98344275 301
98345127 301
98345324 301
98345325 301
98345326 301
98345586 339
98345587 339
98347519 301
98350060 339
98350061 339
98350062 339
98350633 312
98351657 309
98352623 339
98359455 301
98361035 301
98362123 301
98362153 301
98362209 301
98362382 301
98362383 301
98366140 301
98366141 301
98366142 301
98368987 347
98368990 347
98368991 347
98369081 347
98369307 347
98369707 347
98370674 320
98370675 320
98370971 347
98375209 301
98376219 301
98376423 309
98377014 309
98377015 309
98378367 301
98378684 301
98378685 301
98378686 301
98378750 301
98378751 301
98386559 301
98387711 301
98390098 301
98390099 301
98391038 301
98391039 301
98396571 301
98396622 301
98396623 301
98396799 301
98400910 320
98400911 320
98400937 320
98405993 301
98408092 301
98408093 301
98408094 301
98408097 301
98409601 320
98409607 320
98413650 301
98413651 301
98413723 301
98414335 301
98415545 309
98415547 309
98417307 320
98418494 328
98418495 328
98419784 320
98419786 320
98419788 320
98419789 320
98419790 320
98419791 320
98419793 320
98419801 320
98419833 320
98426878 320
98426879 320
98427102 320
98427103 320
98430695 312
98431271 312
98432342 312
98432343 312
98432347 312
98435233 309
98435515 339
98436543 339
98444571 309
98448721 339
98448722 339
98448723 339
98449927 301
98450998 385
98450999 385
98451550 339
98451551 339
98452210 301
98452211 301
98454478 301
98454479 301
98454505 301
98457343 301
98458257 301
98458258 301
98458259 301
98458318 301
98458319 301
98458395 301
98458833 309
98458834 309
98458835 309
98461278 309
98461279 309
98461311 309
98461563 312
98461566 312
98461567 312
98461695 312
98461801 312
98461803 312
98462212 312
98462213 312
98462214 312
98462219 312
98462222 312
98462223 312
98462335 312
98462439 312
98462713 312
98462716 312
98462717 312
98462718 312
98462719 385
98462865 312
98462866 312
98462867 312
98463079 312
98465639 312
98466249 312
98467431 312
98470070 328
98470071 328
98473543 320
98474171 320
98474462 377
98474463 377
98475337 347
98475346 347
98475347 347
98476097 385
98476098 385
98476099 385
98478783 320
98478843 320
98478844 320
98478845 320
98478846 320
98478847 320
98480617 312
98480626 320
98480627 320
98481343 309
98481391 404
98482907 309
98493743 301
98503145 339
98510695 301
98516127 301
98516607 301
98517595 301
98517974 301
98517975 301
98519527 312
98519934 301
98519935 301
98520681 301
98521281 301
98521282 301
98521283 301
98521287 301
98521294 301
98521295 301
98521302 301
98521303 301
98521375 301
98523625 301
98524159 301
98528255 339
98528383 339
98534294 339
98534295 339
98534297 339
98534305 339
98534308 339
98534309 339
98534310 339
98534311 339
98538126 320
98538127 320
98538219 320
98540571 312
98541902 385
98541903 385
98545915 312
98564985 301
98565458 301
98565459 301
98565467 320
98566136 320
98566138 320
98566140 320
98566141 320
98568417 301
98575358 301
98575359 301
98577433 320
98579969 312
98579975 312
98579977 312
98580015 312
98580030 312
98580031 312
98581211 320
98582526 320
98582527 320
98588007 339
98588775 366
98593409 301
98599689 309
98599691 309
98599983 309
98600108 320
98600109 320
98600110 320
98600113 320
98600114 320
98600115 320
98600303 301
98603497 309
98603499 309
98603510 309
98603511 309
98608540 320
98608541 320
98608542 320
98610076 320
98610077 320
98610078 320
98610274 320
98610275 320
98610276 320
98610277 320
98610278 320
98610279 320
98610315 320
98610318 320
98610319 320
98610321 320
98610322 320
98610323 320
98610329 320
98610332 320
98610333 320
98610334 320
98610338 320
98610339 320
98610340 320
98610341 320
98610342 320
98610345 320
98610385 320
98610386 320
98610387 320
98610799 320
98611047 320
98611241 320
98612107 320
98614015 320
98614463 320
98617343 320
98617563 366
98621256 320
98621258 320
98621260 320
98621261 320
98621265 320
98621275 320
98621449 320
98622718 301
98622719 301
98626878 301
98626879 301
98630089 366
98638619 301
98641334 301
98641335 301
98641358 301
98641359 301
98641380 301
98641381 301
98641382 301
98641435 301
98641644 301
98641645 301
98641646 301
98641691 301
98643609 301
98643611 301
98643675 301
98645167 301
98645174 301
98645175 301
98646940 301
98646941 301
98646942 301
98646943 301
98646945 301
98646953 301
98646983 301
98647039 301
98647147 301
98647215 301
98647227 301
98647231 301
98647339 301
98647614 301
98647615 301
98647734 301
98647735 301
98648158 301
98648159 301
98648191 301
98648235 301
98648236 301
98648237 301
98648238 301
98648241 301
98648242 301
98648243 301
98648267 301
98648270 301
98648271 301
98648283 301
98648363 331
98648617 301
98648809 301
98649579 312
98650911 301
98651478 301
98651479 301
98651483 301
98653506 301
98653507 301
98653513 301
98653758 423
98653759 423
98655950 301
98655951 301
98656726 301
98656727 301
98656728 301
98656729 301
98656730 301
98656732 301
98656733 301
98656748 301
98656749 301
98656750 301
98657593 301
98658159 301
98659051 301
98659071 301
98659079 301
98659881 301
98661225 301
98661535 301
98666025 301
98666031 301
98666249 301
98666721 301
98667676 301
98667677 301
98667678 301
98667819 301
98667838 301
98667839 301
98667847 358
98668251 301
98668257 301
98668542 301
98668543 301
98669113 301
98669211 301
98669295 301
98669359 301
98669881 301
98669983 301
98670207 301
98673998 301
98673999 301
98682766 320
98682767 320
98697441 347
98700750 301
98700751 301
98701225 301
98702665 301
98704687 301
98707809 320
98712347 301
98715394 301
98715395 301
98715399 301
98719497 339
98719903 339
98721486 339
98721487 339
98721673 339
98722473 301
98722537 301
98722628 301
98722629 301
98722630 301
98722632 301
98722634 301
98722635 301
98722636 301
98722637 301
98725023 301
98725211 301
98725423 301
98726447 301
98726456 301
98726458 301
98726459 301
98726460 301
98726461 301
98726471 301
98726507 301
98726828 301
98726829 301
98726830 301
98726844 301
98726845 301
98726846 301
98727118 301
98727119 301
98727599 301
98730779 301
98731291 301
98732135 301
98736182 385
98736183 385
98736465 301
98736466 301
98736467 301
98736540 301
98736541 301
98736542 301
98737102 301
98737103 301
98737118 301
98737119 301
98737633 301
98737919 301
98737998 301
98737999 301
98739647 385
98740848 301
98740852 301
98740853 301
98740856 301
98740858 301
98740873 301
98741598 301
98741599 301
98741607 301
98741660 301
98741661 301
98741662 301
98741863 301
98742313 301
98742649 301
98743023 301
98743111 301
98746364 301
98746365 301
98746366 301
98746367 301
98746459 347
98748207 301
98750367 358
98750713 301
98752561 358
98752562 358
98752563 358
98752566 358
98752567 358
98752571 358
98752623 358
98752626 358
98752627 358
98752630 358
98752631 358
98752679 358
98752683 358
98752694 358
98752695 358
98752699 358
98752700 358
98752701 358
98752702 358
98752703 358
98752715 358
98752740 358
98752741 358
98752742 358
98752748 358
98752749 358
98752750 358
98752754 358
98752755 358
98752758 358
98752759 358
98752761 358
98752825 358
98752830 358
98752831 358
98752834 358
98752835 358
98752846 358
98752847 358
98753590 301
98753591 301
98753609 301
98753947 301
98755640 301
98755642 301
98755644 301
98755645 301
98755649 301
98755650 301
98755651 301
98755656 301
98755657 301
98755658 301
98755660 301
98755661 301
98755662 301
98755663 301
98755665 301
98755666 301
98755667 301
98755675 301
98755678 301
98755679 301
98756223 320
98757035 320
98757051 320
98757247 320
98757423 320
98761099 347
98762038 320
98762039 320
98764158 301
98764159 301
98767903 320
98768736 320
98768738 320
98768739 320
98768740 320
98768741 320
98768742 320
98768744 320
98768746 320
98768752 320
98768753 320
98768756 320
98768757 320
98768790 320
98768791 320
98768793 320
98768801 320
98768811 301
98768812 301
98768813 301
98768814 301
98768816 320
98768820 320
98768821 320
98768824 320
98768826 320
98768833 320
98768841 320
98768846 320
98768847 320
98768854 320
98768855 320
98768875 320
98768897 320
98769170 320
98769171 320
98770174 320
98770175 320
98770262 320
98770263 320
98770614 320
98770615 320
98774823 320
98777881 320
98777883 320
98777959 320
98778057 320
98780191 301
98783743 301
98783903 320
98783935 320
98783969 320
98783983 320
98784287 320
98785707 320
98785947 431
98786089 309
98803708 309
98803709 309
98803710 309
98803711 309
98810753 301
98811390 309
98811391 309
98814846 309
98814847 309
98825132 301
98825133 301
98825134 301
98826454 301
98826455 301
98828585 339
98828758 301
98828759 301
98829305 301
98830153 301
98831359 339
98832127 339
98834305 320
98834945 301
98836908 301
98836909 301
98836910 301
98837513 301
98841065 396
98844187 301
98845340 301
98845341 301
98845342 301
98846111 301
98846843 328
98848809 301
98849449 301
98850865 301
98850866 301
98850867 301
98850870 301
98850871 301
98850878 301
98850879 301
98851775 385
98851894 309
98851895 309
98852225 320
98852228 320
98852229 320
98852230 320
98852233 320
98852235 320
98852534 320
98852535 320
98855369 320
98857784 309
98857786 309
98857787 309
98857788 309
98857789 309
98857794 309
98857795 309
98857796 309
98857797 309
98857798 309
98857800 309
98857802 309
98857803 309
98857804 309
98857805 309
98857814 309
98857815 309
98857854 309
98857855 309
98860028 339
98860029 339
98860030 339
98860447 366
98860510 339
98860511 339
98862633 347
98862795 309
98862798 309
98862799 309
98864231 339
98864879 309
98865179 301
98865199 301
98865246 301
98865247 301
98867311 301
98869247 339
98875071 301
98877471 301
98877656 320
98877658 320
98877660 320
98877661 320
98885857 301
98894425 309
98895919 301
98907675 301
98907807 301
98915665 301
98915666 301
98915667 301
98918383 301
98931849 339
98936462 301
98936463 301
98936566 301
98936567 301
98936745 301
98941439 301
98942025 301
98942255 301
98942782 301
98942783 301
98943556 366
98943557 366
98943558 366
98943560 366
98943562 366
98943563 366
98943564 366
98943565 366
98943574 366
98943575 366
98948508 301
98948509 301
98948510 301
98948635 366
98951849 366
98951998 339
98951999 339
98956359 309
98967673 339
98971951 423
98981423 366
98987396 385
98987397 385
98987398 385
98987403 385
98987647 366
98993480 347
98993482 347
98993484 347
98993485 347
98993486 347
98993487 347
98993489 347
98996898 339
98996899 339
98996900 339
98996901 339
98996902 339
98997612 366
98997613 366
98997614 366
98998763 339
98999047 339
99002137 347
99004286 301
99004287 301
99004415 366
99006823 301
99006841 301
99007329 347
99008182 301
99008183 301
99009383 301
99013825 301
99013826 301
99013827 301
99013831 301
99013854 301
99013855 301
99013857 301
99013863 301
99014255 301
99014409 301
99016039 339
99019804 301
99019805 301
99019806 301
99019809 301
99020265 301
99027766 301
99027767 301
99027769 301
99028095 339
99029129 301
99029659 301
99030326 301
99030327 301
99031771 301
99035051 301
99047682 312
99047683 312
99047687 312
99047689 312
99047711 312
99047746 312
99047747 312
99047758 312
99047759 312
99048041 301
99055993 301
99057055 301
99057886 301
99057887 301
99059291 366
99062812 301
99062813 301
99062814 301
99062817 301
99065499 301
99068575 301
99070655 366
99070817 366
99070825 366
99070953 366
99070955 366
99070962 366
99070963 366
99070974 366
99070975 366
99071003 366
99092591 301
99093351 301
99101935 301
99114143 366
99120379 309
99122011 301
99123307 301
99123868 301
99123869 301
99123870 301
99124472 301
99124474 301
99124475 301
99124476 301
99124477 301
99124809 301
99124814 301
99124815 301
99125095 301
99125180 301
99125181 301
99125182 301
99125183 301
99126142 301
99126143 301
99128735 301
99129115 301
99131102 301
99131103 301
99132726 301
99132727 301
99132743 301
99132753 301
99132754 301
99132755 301
99136156 347
99136157 347
99136158 347
99136188 347
99136189 347
99136190 347
99136239 347
99136398 301
99136399 301
99136543 301
99136681 301
99136751 301
99136849 301
99136850 301
99136851 301
99136959 301
99137630 301
99137631 301
99137647 301
99137863 301
99137963 301
99138401 301
99138667 301
99138671 301
99138687 301
99138904 301
99138906 301
99138908 301
99138909 301
99138921 301
99138927 301
99143122 301
99143123 301
99143698 301
99143699 301
99143707 301
99143711 301
99145257 309
99149247 301
99151332 301
99151333 301
99151334 301
99157153 301
99161191 301
99161641 301
99161647 301
99162646 301
99162647 301
99162649 301
99162665 301
99163195 301
99171111 347
99171465 347
99174777 339
99175049 339
99175224 339
99175226 339
99175227 339
99175228 339
99175229 339
99175579 339
99175583 339
99175591 339
99175630 339
99175631 339
99175871 423
99176641 339
99176642 339
99176643 339
99176647 339
99177185 339
99177287 347
99178866 339
99178867 339
99178870 339
99178871 339
99178872 339
99178874 339
99178876 339
99178877 339
99178878 339
99178879 339
99178881 339
99181710 339
99181711 339
99181713 339
99181714 339
99181715 339
99182591 377
99184393 339
99189787 301
99191195 301
99191196 301
99191197 301
99191198 301
99191201 301
99191675 347
99193375 301
99194023 301
99194078 301
99194079 301
99195025 301
99195026 301
99195027 301
99195506 301
99195507 301
99195625 301
99196671 301
99198279 328
99198831 301
99198975 301
99202233 301
99202235 301
99203580 301
99203581 301
99203582 301
99208353 309
99208681 309
99208687 309
99208735 309
99209208 301
99209210 301
99209212 301
99209213 301
99211943 301
99213586 320
99213587 320
99214271 320
99218776 301
99218777 301
99218778 301
99218780 301
99218781 301
99218782 301
99218783 301
99218793 301
99218795 301
99219049 320
99219454 320
99219455 320
99219465 320
99220542 320
99220543 320
99221046 339
99221047 339
99221881 320
99224889 301
99225327 347
99225633 339
99229291 301
99229467 301
99229665 301
99229863 301
99229979 301
99230974 301
99230975 301
99231003 320
99231990 301
99231991 301
99231993 301
99234169 301
99236056 301
99236058 301
99236060 301
99236061 301
99236604 301
99236605 301
99236606 301
99236764 301
99236765 301
99236766 301
99236767 301
99236809 301
99237055 347
99238130 301
99238131 301
99238910 301
99238911 301
99239707 301
99245467 339
99252750 366
99252751 366
99255017 412
99272401 320
99272402 320
99272403 320
99272684 339
99272685 339
99272686 339
99272688 339
99272692 339
99272693 339
99272694 339
99272695 339
99272696 339
99272698 339
99272700 339
99272701 339
99272702 339
99273831 320
99276199 320
99276969 320
99278542 320
99278543 320
99289993 339
99290273 339
99290718 339
99290719 339
99292775 301
99292799 301
99292907 301
99292911 301
99293675 301
99294367 301
99294383 301
99295758 366
99295759 366
99296487 301
99299967 301
99300235 301
99303015 301
99304895 320
99306480 309
99306484 309
99306485 309
99306488 309
99306490 309
99306623 320
99307199 320
99307236 301
99307237 301
99307238 301
99307244 301
99307245 301
99307246 301
99307257 301
99308382 320
99308383 320
99309046 301
99309047 301
99310591 320
99312472 320
99312474 320
99312476 320
99312477 320
99317019 366
99317659 309
99321247 366
99322753 301
99324783 301
99326823 301
99333355 301
99334098 320
99334099 320
99335660 320
99335661 320
99335662 320
99338235 320
99347960 347
99347962 347
99347964 347
99347965 347
99350070 366
99350071 366
99351551 366
99360274 301
99360275 301
99360303 301
99360412 301
99360413 301
99360414 301
99362924 377
99362925 377
99362926 377
99362937 377
99368731 366
99368841 301
99383182 339
99383183 339
99386852 339
99386853 339
99386854 339
99386863 339
99396348 301
99396349 301
99396350 301
99396361 301
99418038 309
99418039 309
99418044 309
99418045 309
99418046 309
99418104 309
99418106 309
99418108 309
99418109 309
99418287 309
99419022 393
99419023 393
99419399 377
99424849 366
99424850 366
99424851 366
99424959 366
99429287 366
99429639 331
99436076 366
99436077 366
99436078 366
99436081 366
99436082 366
99436083 366
99446107 301
99449307 450
99449319 450
99449323 450
99450523 301
99452257 366
99458190 301
99458191 301
99462505 328
99462507 328
99462654 328
99462655 328
99463038 328
99463039 328
99463913 366
99465127 366
99465131 366
99465132 366
99465133 366
99465134 366
99468571 328
99471099 301
99471103 301
99493551 331
99504767 385
99507010 301
99507011 301
99508583 309
99510943 301
99514139 301
99515145 404
99515147 404
99515695 301
99515726 301
99515727 301
99519387 301
99519391 301
99519396 301
99519397 301
99519398 301
99519399 301
99519401 301
99520169 301
99524379 301
99524587 301
99526271 301
99527919 301
99529919 301
99531657 301
99532907 320
99542507 366
99556351 301
99557240 309
99557242 309
99557244 309
99557245 309
99557246 309
99557247 309
99557279 309
99557281 309
99557291 309
99557292 309
99557293 309
99557294 309
99557311 309
99562031 301
99565671 309
99570471 404
99593647 366
99597996 320
99597997 320
99597998 320
99598185 320
99598206 320
99598207 320
99598646 320
99598647 320
99598663 320
99598695 320
99599599 320
99601752 320
99601753 320
99601754 320
99601756 320
99601757 320
99601761 320
99604767 320
99606334 320
99606335 320
99606622 320
99606623 320
99607071 320
99607081 320
99616754 374
99616755 374
99617102 309
99617103 309
99618913 309
99619561 309
99619563 309
99620071 309
99621191 347
99621311 309
99621865 320
99623081 309
99623822 309
99623823 309
99623934 309
99623935 309
99623977 309
99623998 309
99623999 309
99624155 309
99624217 309
99624219 309
99625415 309
99625570 309
99625571 309
99625572 309
99625573 309
99625574 309
99625586 309
99625587 309
99625593 309
99625895 309
99626139 347
99626166 309
99626167 309
99626649 309
99626690 431
99626691 431
99626697 431
99626699 431
99627679 309
99627751 309
99628479 309
99635035 309
99638399 320
99647966 309
99647967 309
99648866 309
99648867 309
99648868 309
99648869 309
99648870 309
99648882 309
99648883 309
99648888 309
99648890 309
99648891 309
99648892 309
99648893 309
99648927 309
99649003 309
99649078 309
99649079 309
99649327 320
99649383 320
99649490 320
99649491 320
99649513 320
99649639 320
99649713 320
99649714 320
99649715 320
99649721 320
99649727 320
99649755 320
99649775 320
99650312 309
99650314 309
99650316 309
99650317 309
99650321 309
99650326 309
99650327 309
99650343 309
99650347 309
99650351 309
99653366 366
99653367 366
99656057 301
99658574 320
99658575 320
99659766 320
99659767 320
99663600 309
99663604 309
99663605 309
99663608 309
99663609 309
99663610 309
99672638 309
99672639 309
99674151 385
99675515 301
99675518 301
99675519 301
99680248 320
99680250 320
99680252 320
99680253 320
99680254 320
99680255 320
99681592 301
99681594 301
99681596 301
99681597 301
99687420 320
99687421 320
99687422 320
99688142 320
99688143 320
99688417 320
99688939 320
99689199 320
99692652 385
99692653 385
99692654 385
99693895 320
99701807 385
99704089 309
99711067 328
99711070 328
99711071 328
99711369 328
99711800 328
99711802 328
99711804 328
99711805 328
99711835 328
99712776 301
99712778 301
99712780 301
99712781 301
99712785 301
99712790 301
99712791 301
99712799 301
99714561 328
99716662 339
99716663 339
99719478 328
99719479 328
99721212 320
99721213 320
99721214 320
99726171 328
99730923 320
99736935 301
99739115 309
99743423 301
99743426 301
99743427 301
99746463 385
99751234 301
99751235 301
99752248 301
99752250 301
99752251 301
99752252 301
99752253 301
99752801 301
99755199 301
99756937 301
99757115 301
99762608 301
99762612 301
99762613 301
99762616 301
99762618 301
99762625 301
99762913 301
99763867 320
99764223 320
99766599 301
99768536 301
99768538 301
99768540 301
99768541 301
99768863 301
99769755 301
99769968 301
99769972 301
99769973 301
99769974 301
99769975 301
99769976 301
99769978 301
99769979 301
99770529 309
99770535 309
99770543 309
99771499 347
99773310 320
99773311 320
99774601 320
99778504 320
99778506 320
99778508 320
99778509 320
99778513 320
99778518 320
99778519 320
99778529 320
99778843 320
99784206 366
99784207 366
99787055 301
99794194 366
99794195 366
99796489 366
99797356 366
99797357 366
99797358 366
99807935 309
99808159 328
99812009 301
99812046 301
99812047 301
99812265 301
99814849 301
99814850 301
99814851 301
99816679 301
99817046 301
99817047 301
99817049 301
99817054 301
99817055 301
99817071 301
99817681 301
99817682 301
99817683 301
99817974 358
99817975 358
99817977 358
99818866 328
99818867 328
99818870 328
99818871 328
99818875 328
99819647 366
99822354 301
99822355 301
99822363 301
99822407 301
99822414 301
99822415 301
99822417 301
99822418 301
99822419 301
99822422 301
99822423 301
99822427 301
99822462 301
99822463 301
99824236 301
99824237 301
99824238 301
99824242 301
99824243 301
99824251 301
99824257 301
99824270 301
99824271 301
99824283 301
99824575 320
99860764 366
99860765 366
99860766 366
99860777 366
99864526 366
99864527 366
99864542 366
99864543 366
99864551 366
99864553 366
99864555 366
99864569 366
99865115 366
99869979 320
99870255 320
99870399 320
99872411 320
99872415 320
99872423 320
99872502 320
99872503 320
99873903 320
99878640 320
99878644 320
99878645 320
99878648 320
99878650 320
99879817 301
99882306 301
99882307 301
99882312 301
99882314 301
99882316 301
99882317 301
99882318 301
99882319 301
99882321 301
99882322 301
99882323 301
99882369 301
99882399 301
99882450 301
99882451 301
99882510 301
99882511 301
99882514 301
99882515 301
99882610 301
99882611 301
99882761 301
99886337 366
99886338 366
99886339 366
99888895 301
99889755 366
99901049 301
99903958 301
99903959 301
99907500 385
99907501 385
99907502 385
99907503 385
99915753 301
99917147 374
99922799 301
99922876 301
99922877 301
99922878 301
99923307 385
99926012 301
99926013 301
99926014 301
99926015 301
99926183 301
99927521 301
99927527 301
99933849 347
99945353 301
99949022 301
99949023 301
99953889 301
99953921 301
99953922 301
99953923 301
99954902 301
99954903 301
99955579 301
99955582 301
99955583 301
99955656 301
99955657 301
99955658 301
99955659 301
99955660 301
99955661 301
99955665 301
99955680 301
99955687 301
99955688 301
99955690 301
99955696 301
99955697 301
99955700 301
99955701 301
99955716 301
99955717 301
99955718 301
99955720 301
99955722 301
99955723 301
99955724 301
99955725 301
99955729 301
99955730 301
99955731 301
99955734 301
99955735 301
99955748 301
99955749 301
99955750 301
99955751 301
99955753 301
99955756 301
99955757 301
99955758 301
99955761 301
99955762 301
99955763 301
99955766 301
99955767 301
99955769 301
99955774 301
99955775 301
99955783 301
99955785 301
99955806 301
99955807 301
99955943 301
99956022 301
99956023 301
99956030 301
99956031 301
99956174 301
99956175 301
99956366 301
99956367 301
99956377 301
99956379 301
99956551 301
99956601 301
99956649 301
99957147 301
99959433 301
99959551 301
99960146 301
99960147 301
99960447 301
99960747 301
99961970 301
99961971 301
99961974 301
99961975 301
99961977 301
99961979 301
99961985 301
99962095 301
99962715 301
99963105 301
99966399 301
99966792 301
99966794 301
99966796 301
99966797 301
99966801 301
99966955 301
99966962 301
99966963 301
99966966 301
99966967 301
99966968 301
99966970 301
99966971 301
99966972 301
99966973 301
99967067 347
99969819 301
99970279 301
99970843 431
99974251 301
99975734 347
99975735 347
99990555 339
99991697 312
99991698 312
99991699 312
99993639 301
99996366 347
99996367 347
99999702 404
99999703 404
99999704 404
99999706 404
99999708 404
99999709 404
99999721 404
99999723 309
